event_id,popularity_tier,city_tier,venue_capacity_tier,face_value,price,price_ratio,days_until_event,is_weekend,competing_listings,listing_age_hours,sold,sale_price
0,3,3,2,1850.0,1480.0,0.8,76,1,2,167,1,1350.0
0,3,3,2,1850.0,2130.0,1.1514,78,1,3,290,0,
0,3,3,2,1850.0,1500.0,0.8108,9,1,1,551,0,
0,3,3,2,1850.0,1610.0,0.8703,52,1,0,72,1,1410.0
0,3,3,2,1850.0,1700.0,0.9189,13,1,1,498,1,1630.0
0,3,3,2,1850.0,1110.0,0.6,71,1,3,93,1,1050.0
0,3,3,2,1850.0,1690.0,0.9135,44,1,3,179,1,1600.0
0,3,3,2,1850.0,1750.0,0.9459,54,1,8,237,0,
0,3,3,2,1850.0,1870.0,1.0108,65,1,5,491,1,1790.0
0,3,3,2,1850.0,1680.0,0.9081,12,1,5,415,0,
0,3,3,2,1850.0,1420.0,0.7676,49,1,0,544,1,1350.0
0,3,3,2,1850.0,1620.0,0.8757,110,1,3,580,0,
0,3,3,2,1850.0,1700.0,0.9189,67,1,1,103,1,1580.0
0,3,3,2,1850.0,1420.0,0.7676,62,1,1,696,1,1420.0
0,3,3,2,1850.0,2150.0,1.1622,86,1,5,87,0,
1,2,2,3,1820.0,1740.0,0.956,105,0,2,244,1,1740.0
1,2,2,3,1820.0,1500.0,0.8242,26,0,2,255,1,1500.0
1,2,2,3,1820.0,1340.0,0.7363,20,0,1,392,1,1320.0
1,2,2,3,1820.0,2080.0,1.1429,76,0,1,487,1,2010.0
1,2,2,3,1820.0,1530.0,0.8407,43,0,8,452,0,
1,2,2,3,1820.0,1950.0,1.0714,98,0,2,605,1,1950.0
1,2,2,3,1820.0,1670.0,0.9176,38,0,0,311,1,1560.0
1,2,2,3,1820.0,1480.0,0.8132,57,0,1,72,1,1470.0
1,2,2,3,1820.0,1300.0,0.7143,8,0,2,35,1,1230.0
1,2,2,3,1820.0,2060.0,1.1319,105,0,1,317,0,
1,2,2,3,1820.0,1580.0,0.8681,83,0,3,286,0,
1,2,2,3,1820.0,1900.0,1.044,19,0,2,614,0,
1,2,2,3,1820.0,1220.0,0.6703,102,0,2,260,1,1220.0
1,2,2,3,1820.0,1240.0,0.6813,11,0,2,317,1,1170.0
1,2,2,3,1820.0,2300.0,1.2637,94,0,2,38,0,
2,3,1,2,2640.0,2430.0,0.9205,23,1,2,359,1,2430.0
2,3,1,2,2640.0,3610.0,1.3674,59,1,2,591,1,3330.0
2,3,1,2,2640.0,2060.0,0.7803,53,1,0,235,1,1880.0
2,3,1,2,2640.0,2310.0,0.875,69,1,1,74,1,2190.0
2,3,1,2,2640.0,2600.0,0.9848,55,1,3,673,0,
2,3,1,2,2640.0,3840.0,1.4545,106,1,2,678,0,
2,3,1,2,2640.0,1790.0,0.678,93,1,2,368,1,1720.0
2,3,1,2,2640.0,2660.0,1.0076,85,1,0,243,1,2660.0
2,3,1,2,2640.0,2630.0,0.9962,36,1,8,606,1,2630.0
2,3,1,2,2640.0,1950.0,0.7386,6,1,1,670,1,1820.0
2,3,1,2,2640.0,1310.0,0.4962,109,1,3,48,1,1270.0
2,3,1,2,2640.0,3240.0,1.2273,62,1,1,114,1,3010.0
2,3,1,2,2640.0,1750.0,0.6629,61,1,2,544,1,1690.0
2,3,1,2,2640.0,2960.0,1.1212,3,1,1,609,1,2960.0
2,3,1,2,2640.0,3630.0,1.375,69,1,1,339,1,3610.0
3,4,1,3,4890.0,4610.0,0.9427,83,1,3,445,1,4580.0
3,4,1,3,4890.0,3860.0,0.7894,13,1,2,94,1,3700.0
3,4,1,3,4890.0,5160.0,1.0552,87,1,1,167,1,4920.0
3,4,1,3,4890.0,4530.0,0.9264,46,1,0,629,1,4360.0
3,4,1,3,4890.0,3490.0,0.7137,26,1,1,305,1,3360.0
3,4,1,3,4890.0,5170.0,1.0573,103,1,8,508,0,
3,4,1,3,4890.0,5060.0,1.0348,62,1,2,327,1,4920.0
3,4,1,3,4890.0,5970.0,1.2209,66,1,0,496,1,5960.0
3,4,1,3,4890.0,3540.0,0.7239,100,1,0,427,1,3470.0
3,4,1,3,4890.0,2920.0,0.5971,90,1,0,666,1,2900.0
3,4,1,3,4890.0,3650.0,0.7464,61,1,0,83,1,3490.0
3,4,1,3,4890.0,4560.0,0.9325,104,1,1,442,1,4560.0
3,4,1,3,4890.0,3790.0,0.7751,71,1,1,417,1,3690.0
3,4,1,3,4890.0,5580.0,1.1411,42,1,5,693,1,5170.0
3,4,1,3,4890.0,4420.0,0.9039,82,1,2,209,1,4420.0
4,3,3,2,1540.0,1680.0,1.0909,42,1,1,203,0,
4,3,3,2,1540.0,1470.0,0.9545,25,1,1,425,1,1470.0
4,3,3,2,1540.0,1250.0,0.8117,109,1,3,386,1,1150.0
4,3,3,2,1540.0,1060.0,0.6883,37,1,1,254,1,1060.0
4,3,3,2,1540.0,1580.0,1.026,32,1,2,166,0,
4,3,3,2,1540.0,1820.0,1.1818,65,1,1,674,0,
4,3,3,2,1540.0,1480.0,0.961,39,1,0,80,1,1480.0
4,3,3,2,1540.0,830.0,0.539,79,1,0,530,1,770.0
4,3,3,2,1540.0,1660.0,1.0779,23,1,2,244,1,1660.0
4,3,3,2,1540.0,920.0,0.5974,5,1,0,116,1,920.0
4,3,3,2,1540.0,2390.0,1.5519,67,1,0,61,0,
4,3,3,2,1540.0,1940.0,1.2597,9,1,3,709,1,1830.0
4,3,3,2,1540.0,890.0,0.5779,88,1,3,244,1,830.0
4,3,3,2,1540.0,3110.0,2.0195,46,1,0,701,0,
4,3,3,2,1540.0,1140.0,0.7403,21,1,3,231,1,1120.0
5,4,1,3,5140.0,5810.0,1.1304,41,0,0,351,1,5660.0
5,4,1,3,5140.0,5380.0,1.0467,9,0,0,458,1,5300.0
5,4,1,3,5140.0,3950.0,0.7685,79,0,3,391,1,3750.0
5,4,1,3,5140.0,4520.0,0.8794,70,0,1,145,1,4520.0
5,4,1,3,5140.0,6140.0,1.1946,44,0,0,264,1,5950.0
5,4,1,3,5140.0,6600.0,1.284,71,0,2,479,1,6420.0
5,4,1,3,5140.0,5410.0,1.0525,44,0,0,263,1,5150.0
5,4,1,3,5140.0,3870.0,0.7529,89,0,8,660,1,3870.0
5,4,1,3,5140.0,7230.0,1.4066,32,0,0,490,0,
5,4,1,3,5140.0,3900.0,0.7588,33,0,3,636,0,
5,4,1,3,5140.0,5910.0,1.1498,103,0,0,50,0,
5,4,1,3,5140.0,4820.0,0.9377,106,0,3,690,1,4570.0
5,4,1,3,5140.0,2640.0,0.5136,90,0,2,38,1,2610.0
5,4,1,3,5140.0,3580.0,0.6965,104,0,1,24,1,3460.0
5,4,1,3,5140.0,3850.0,0.749,108,0,0,414,1,3850.0
6,2,1,2,2350.0,2750.0,1.1702,7,1,3,467,0,
6,2,1,2,2350.0,2710.0,1.1532,104,1,3,619,1,2530.0
6,2,1,2,2350.0,1550.0,0.6596,58,1,0,309,1,1480.0
6,2,1,2,2350.0,2350.0,1.0,34,1,2,36,0,
6,2,1,2,2350.0,1930.0,0.8213,70,1,0,552,1,1920.0
6,2,1,2,2350.0,3220.0,1.3702,76,1,1,368,1,3180.0
6,2,1,2,2350.0,2830.0,1.2043,18,1,2,597,0,
6,2,1,2,2350.0,4200.0,1.7872,33,1,2,708,0,
6,2,1,2,2350.0,3440.0,1.4638,21,1,1,518,0,
6,2,1,2,2350.0,2680.0,1.1404,96,1,0,170,0,
6,2,1,2,2350.0,2810.0,1.1957,7,1,2,67,0,
6,2,1,2,2350.0,2060.0,0.8766,89,1,2,30,1,2040.0
6,2,1,2,2350.0,2190.0,0.9319,52,1,2,634,1,2190.0
6,2,1,2,2350.0,1840.0,0.783,88,1,2,13,1,1760.0
6,2,1,2,2350.0,1200.0,0.5106,37,1,2,308,1,1150.0
7,4,2,3,5600.0,5430.0,0.9696,86,1,5,312,0,
7,4,2,3,5600.0,5390.0,0.9625,49,1,2,346,1,5020.0
7,4,2,3,5600.0,5740.0,1.025,94,1,0,99,0,
7,4,2,3,5600.0,6480.0,1.1571,107,1,8,194,1,6090.0
7,4,2,3,5600.0,5800.0,1.0357,62,1,0,501,1,5640.0
7,4,2,3,5600.0,4860.0,0.8679,30,1,3,550,1,4570.0
7,4,2,3,5600.0,2590.0,0.4625,109,1,2,427,1,2590.0
7,4,2,3,5600.0,8970.0,1.6018,15,1,5,461,1,7720.0
7,4,2,3,5600.0,2830.0,0.5054,80,1,1,486,1,2770.0
7,4,2,3,5600.0,8300.0,1.4821,94,1,2,140,1,8150.0
7,4,2,3,5600.0,3730.0,0.6661,21,1,1,715,1,3630.0
7,4,2,3,5600.0,7040.0,1.2571,24,1,2,675,1,7040.0
7,4,2,3,5600.0,6550.0,1.1696,3,1,5,483,0,
7,4,2,3,5600.0,5050.0,0.9018,101,1,3,374,1,4970.0
7,4,2,3,5600.0,4140.0,0.7393,106,1,3,266,0,
8,4,3,3,5040.0,4000.0,0.7937,65,1,0,462,1,3900.0
8,4,3,3,5040.0,4900.0,0.9722,52,1,2,211,1,4800.0
8,4,3,3,5040.0,5970.0,1.1845,41,1,5,439,1,5940.0
8,4,3,3,5040.0,5630.0,1.1171,20,1,1,9,0,
8,4,3,3,5040.0,6440.0,1.2778,91,1,0,566,1,6440.0
8,4,3,3,5040.0,5480.0,1.0873,62,1,3,453,1,5380.0
8,4,3,3,5040.0,4150.0,0.8234,41,1,5,540,0,
8,4,3,3,5040.0,5440.0,1.0794,17,1,8,177,1,5150.0
8,4,3,3,5040.0,4770.0,0.9464,61,1,1,484,1,4490.0
8,4,3,3,5040.0,9160.0,1.8175,14,1,0,606,1,8280.0
8,4,3,3,5040.0,6540.0,1.2976,32,1,1,170,1,6190.0
8,4,3,3,5040.0,5540.0,1.0992,5,1,0,178,1,5280.0
8,4,3,3,5040.0,2540.0,0.504,16,1,2,185,1,2540.0
8,4,3,3,5040.0,3290.0,0.6528,79,1,5,55,0,
8,4,3,3,5040.0,4050.0,0.8036,35,1,3,576,1,4050.0
9,3,1,3,4630.0,5200.0,1.1231,99,0,5,552,0,
9,3,1,3,4630.0,3550.0,0.7667,4,0,1,114,1,3550.0
9,3,1,3,4630.0,4150.0,0.8963,99,0,1,623,1,3680.0
9,3,1,3,4630.0,4320.0,0.933,31,0,1,213,1,4130.0
9,3,1,3,4630.0,4270.0,0.9222,75,0,3,717,1,3880.0
9,3,1,3,4630.0,5290.0,1.1425,35,0,0,652,1,4910.0
9,3,1,3,4630.0,5130.0,1.108,41,0,0,362,1,4860.0
9,3,1,3,4630.0,1980.0,0.4276,31,0,3,174,0,
9,3,1,3,4630.0,6830.0,1.4752,56,0,2,33,1,6420.0
9,3,1,3,4630.0,6070.0,1.311,106,0,2,583,0,
9,3,1,3,4630.0,3490.0,0.7538,47,0,0,316,1,3440.0
9,3,1,3,4630.0,3160.0,0.6825,58,0,5,118,1,3000.0
9,3,1,3,4630.0,4400.0,0.9503,29,0,1,695,1,4270.0
9,3,1,3,4630.0,4030.0,0.8704,96,0,2,31,1,4030.0
9,3,1,3,4630.0,4700.0,1.0151,3,0,8,548,0,
10,1,2,1,790.0,680.0,0.8608,24,0,1,120,1,680.0
10,1,2,1,790.0,810.0,1.0253,26,0,0,610,0,
10,1,2,1,790.0,710.0,0.8987,61,0,1,667,1,700.0
10,1,2,1,790.0,510.0,0.6456,40,0,0,669,0,
10,1,2,1,790.0,720.0,0.9114,2,0,1,404,0,
10,1,2,1,790.0,810.0,1.0253,63,0,0,325,1,780.0
10,1,2,1,790.0,690.0,0.8734,88,0,1,206,0,
10,1,2,1,790.0,640.0,0.8101,79,0,8,664,0,
10,1,2,1,790.0,530.0,0.6709,81,0,0,218,0,
10,1,2,1,790.0,410.0,0.519,48,0,1,646,1,410.0
10,1,2,1,790.0,700.0,0.8861,101,0,8,84,0,
10,1,2,1,790.0,570.0,0.7215,98,0,0,75,0,
10,1,2,1,790.0,760.0,0.962,45,0,1,205,0,
10,1,2,1,790.0,730.0,0.9241,33,0,3,280,0,
10,1,2,1,790.0,780.0,0.9873,1,0,3,35,0,
11,5,1,2,11970.0,9740.0,0.8137,1,0,1,202,1,9740.0
11,5,1,2,11970.0,16800.0,1.4035,88,0,0,285,0,
11,5,1,2,11970.0,11440.0,0.9557,27,0,0,167,1,9480.0
11,5,1,2,11970.0,10520.0,0.8789,81,0,0,637,1,10020.0
11,5,1,2,11970.0,8050.0,0.6725,45,0,1,526,1,7330.0
11,5,1,2,11970.0,14530.0,1.2139,22,0,1,164,1,13030.0
11,5,1,2,11970.0,9830.0,0.8212,105,0,5,100,1,9570.0
11,5,1,2,11970.0,12970.0,1.0835,12,0,1,232,1,11960.0
11,5,1,2,11970.0,7220.0,0.6032,19,0,1,171,1,6750.0
11,5,1,2,11970.0,18040.0,1.5071,55,0,0,541,1,15710.0
11,5,1,2,11970.0,16480.0,1.3768,10,0,1,392,1,15230.0
11,5,1,2,11970.0,10600.0,0.8855,56,0,3,69,1,10050.0
11,5,1,2,11970.0,12740.0,1.0643,27,0,1,537,1,11310.0
11,5,1,2,11970.0,15660.0,1.3083,41,0,2,389,1,15360.0
11,5,1,2,11970.0,12320.0,1.0292,44,0,2,393,1,11960.0
12,3,3,3,3200.0,2690.0,0.8406,95,1,0,450,1,2690.0
12,3,3,3,3200.0,3050.0,0.9531,94,1,1,451,1,2900.0
12,3,3,3,3200.0,3130.0,0.9781,77,1,1,407,0,
12,3,3,3,3200.0,2830.0,0.8844,69,1,0,131,0,
12,3,3,3,3200.0,3950.0,1.2344,106,1,5,325,0,
12,3,3,3,3200.0,3540.0,1.1062,44,1,2,580,1,3510.0
12,3,3,3,3200.0,2590.0,0.8094,79,1,2,498,1,2270.0
12,3,3,3,3200.0,2170.0,0.6781,45,1,1,603,1,2140.0
12,3,3,3,3200.0,3050.0,0.9531,69,1,3,699,1,2870.0
12,3,3,3,3200.0,3480.0,1.0875,20,1,8,571,0,
12,3,3,3,3200.0,5290.0,1.6531,38,1,2,398,0,
12,3,3,3,3200.0,2550.0,0.7969,8,1,2,328,1,2340.0
12,3,3,3,3200.0,5240.0,1.6375,31,1,0,33,1,5240.0
12,3,3,3,3200.0,2990.0,0.9344,86,1,5,211,0,
12,3,3,3,3200.0,3660.0,1.1438,22,1,2,327,0,
13,1,2,1,1190.0,1430.0,1.2017,90,1,5,445,0,
13,1,2,1,1190.0,1530.0,1.2857,79,1,1,296,0,
13,1,2,1,1190.0,1100.0,0.9244,31,1,0,507,0,
13,1,2,1,1190.0,1670.0,1.4034,2,1,1,20,0,
13,1,2,1,1190.0,840.0,0.7059,14,1,3,547,1,840.0
13,1,2,1,1190.0,1790.0,1.5042,26,1,8,711,0,
13,1,2,1,1190.0,1550.0,1.3025,14,1,2,682,0,
13,1,2,1,1190.0,990.0,0.8319,7,1,2,329,0,
13,1,2,1,1190.0,860.0,0.7227,107,1,0,35,1,850.0
13,1,2,1,1190.0,770.0,0.6471,67,1,2,76,0,
13,1,2,1,1190.0,910.0,0.7647,41,1,0,521,1,910.0
13,1,2,1,1190.0,1560.0,1.3109,31,1,0,409,0,
13,1,2,1,1190.0,780.0,0.6555,4,1,1,713,1,780.0
13,1,2,1,1190.0,740.0,0.6218,104,1,8,162,0,
13,1,2,1,1190.0,1010.0,0.8487,84,1,1,505,0,
14,2,1,2,1360.0,1380.0,1.0147,4,1,5,263,0,
14,2,1,2,1360.0,1300.0,0.9559,25,1,3,293,1,1190.0
14,2,1,2,1360.0,1090.0,0.8015,55,1,0,645,0,
14,2,1,2,1360.0,1820.0,1.3382,57,1,2,422,1,1680.0
14,2,1,2,1360.0,1610.0,1.1838,88,1,1,418,0,
14,2,1,2,1360.0,1120.0,0.8235,53,1,0,181,0,
14,2,1,2,1360.0,840.0,0.6176,2,1,5,277,1,820.0
14,2,1,2,1360.0,1510.0,1.1103,39,1,3,562,0,
14,2,1,2,1360.0,1600.0,1.1765,41,1,1,356,1,1600.0
14,2,1,2,1360.0,1450.0,1.0662,29,1,2,315,0,
14,2,1,2,1360.0,1650.0,1.2132,76,1,1,491,0,
14,2,1,2,1360.0,1600.0,1.1765,34,1,5,371,0,
14,2,1,2,1360.0,930.0,0.6838,49,1,1,492,1,930.0
14,2,1,2,1360.0,2470.0,1.8162,108,1,0,438,0,
14,2,1,2,1360.0,900.0,0.6618,71,1,1,319,1,900.0
15,3,2,1,2850.0,2840.0,0.9965,60,1,5,109,0,
15,3,2,1,2850.0,2790.0,0.9789,41,1,5,74,0,
15,3,2,1,2850.0,4650.0,1.6316,93,1,0,489,0,
15,3,2,1,2850.0,3630.0,1.2737,30,1,2,75,1,3140.0
15,3,2,1,2850.0,3120.0,1.0947,39,1,1,19,1,2980.0
15,3,2,1,2850.0,2710.0,0.9509,69,1,5,277,1,2570.0
15,3,2,1,2850.0,2670.0,0.9368,32,1,0,415,1,2570.0
15,3,2,1,2850.0,4880.0,1.7123,44,1,3,674,0,
15,3,2,1,2850.0,1830.0,0.6421,78,1,0,353,1,1830.0
15,3,2,1,2850.0,1420.0,0.4982,2,1,2,292,1,1370.0
15,3,2,1,2850.0,2580.0,0.9053,83,1,8,369,1,2430.0
15,3,2,1,2850.0,3410.0,1.1965,4,1,0,351,1,3250.0
15,3,2,1,2850.0,2260.0,0.793,89,1,5,24,0,
15,3,2,1,2850.0,4130.0,1.4491,88,1,1,56,1,3950.0
15,3,2,1,2850.0,2070.0,0.7263,18,1,0,687,1,2070.0
16,5,2,3,19510.0,13880.0,0.7114,32,0,3,630,1,12650.0
16,5,2,3,19510.0,21490.0,1.1015,35,0,8,385,1,20440.0
16,5,2,3,19510.0,7800.0,0.3998,63,0,8,276,1,7800.0
16,5,2,3,19510.0,14790.0,0.7581,1,0,3,502,1,13120.0
16,5,2,3,19510.0,18650.0,0.9559,40,0,2,688,1,18090.0
16,5,2,3,19510.0,22430.0,1.1497,30,0,0,108,0,
16,5,2,3,19510.0,23480.0,1.2035,29,0,1,371,1,22030.0
16,5,2,3,19510.0,32080.0,1.6443,62,0,1,73,0,
16,5,2,3,19510.0,17410.0,0.8924,27,0,0,313,1,16120.0
16,5,2,3,19510.0,9810.0,0.5028,10,0,3,295,1,8730.0
16,5,2,3,19510.0,22870.0,1.1722,86,0,2,652,0,
16,5,2,3,19510.0,26840.0,1.3757,44,0,5,277,0,
16,5,2,3,19510.0,12110.0,0.6207,61,0,8,250,1,12110.0
16,5,2,3,19510.0,14370.0,0.7365,79,0,0,561,1,13270.0
16,5,2,3,19510.0,26060.0,1.3357,39,0,3,94,0,
17,5,1,3,14100.0,12390.0,0.8787,99,1,2,655,1,11800.0
17,5,1,3,14100.0,10810.0,0.7667,1,1,1,94,1,10280.0
17,5,1,3,14100.0,16580.0,1.1759,27,1,2,85,1,15960.0
17,5,1,3,14100.0,28680.0,2.034,7,1,8,382,0,
17,5,1,3,14100.0,11850.0,0.8404,25,1,1,38,1,11310.0
17,5,1,3,14100.0,15410.0,1.0929,69,1,3,103,1,13600.0
17,5,1,3,14100.0,10240.0,0.7262,60,1,3,186,1,10240.0
17,5,1,3,14100.0,10900.0,0.773,94,1,1,209,1,10100.0
17,5,1,3,14100.0,13840.0,0.9816,94,1,1,344,1,13840.0
17,5,1,3,14100.0,17980.0,1.2752,81,1,5,667,1,17600.0
17,5,1,3,14100.0,25290.0,1.7936,61,1,5,51,1,24480.0
17,5,1,3,14100.0,20380.0,1.4454,8,1,1,289,1,20240.0
17,5,1,3,14100.0,8620.0,0.6113,99,1,5,254,1,8190.0
17,5,1,3,14100.0,10570.0,0.7496,92,1,2,477,1,10570.0
17,5,1,3,14100.0,15380.0,1.0908,108,1,1,40,1,14610.0
18,3,1,2,4050.0,3370.0,0.8321,46,1,0,20,1,3300.0
18,3,1,2,4050.0,3910.0,0.9654,109,1,0,231,0,
18,3,1,2,4050.0,3930.0,0.9704,3,1,1,199,1,3850.0
18,3,1,2,4050.0,2100.0,0.5185,103,1,0,287,1,2030.0
18,3,1,2,4050.0,3590.0,0.8864,33,1,1,469,1,3290.0
18,3,1,2,4050.0,4930.0,1.2173,60,1,2,536,1,4780.0
18,3,1,2,4050.0,3270.0,0.8074,109,1,0,484,1,3250.0
18,3,1,2,4050.0,3060.0,0.7556,72,1,0,620,1,2980.0
18,3,1,2,4050.0,4820.0,1.1901,50,1,0,570,0,
18,3,1,2,4050.0,3100.0,0.7654,17,1,2,502,0,
18,3,1,2,4050.0,4050.0,1.0,29,1,1,615,1,3800.0
18,3,1,2,4050.0,5460.0,1.3481,39,1,0,208,0,
18,3,1,2,4050.0,4210.0,1.0395,10,1,2,371,0,
18,3,1,2,4050.0,3560.0,0.879,44,1,2,377,1,3560.0
18,3,1,2,4050.0,4470.0,1.1037,26,1,3,174,0,
19,3,2,2,1800.0,1110.0,0.6167,39,0,3,681,0,
19,3,2,2,1800.0,2020.0,1.1222,104,0,8,507,0,
19,3,2,2,1800.0,1930.0,1.0722,27,0,1,32,1,1720.0
19,3,2,2,1800.0,2190.0,1.2167,75,0,3,500,0,
19,3,2,2,1800.0,1120.0,0.6222,56,0,3,488,1,1090.0
19,3,2,2,1800.0,840.0,0.4667,89,0,0,705,1,810.0
19,3,2,2,1800.0,2010.0,1.1167,28,0,0,3,1,1870.0
19,3,2,2,1800.0,1650.0,0.9167,27,0,0,618,1,1580.0
19,3,2,2,1800.0,2250.0,1.25,19,0,3,539,0,
19,3,2,2,1800.0,1130.0,0.6278,43,0,2,363,1,1080.0
19,3,2,2,1800.0,1360.0,0.7556,69,0,0,32,1,1360.0
19,3,2,2,1800.0,3350.0,1.8611,5,0,3,483,0,
19,3,2,2,1800.0,1400.0,0.7778,71,0,0,237,1,1280.0
19,3,2,2,1800.0,1240.0,0.6889,99,0,0,385,1,1190.0
19,3,2,2,1800.0,1490.0,0.8278,59,0,0,486,1,1420.0
20,3,2,1,2250.0,2000.0,0.8889,89,0,0,60,0,
20,3,2,1,2250.0,3270.0,1.4533,59,0,1,588,0,
20,3,2,1,2250.0,3770.0,1.6756,95,0,5,415,0,
20,3,2,1,2250.0,2710.0,1.2044,52,0,0,560,0,
20,3,2,1,2250.0,1730.0,0.7689,70,0,2,43,1,1730.0
20,3,2,1,2250.0,2340.0,1.04,106,0,2,397,0,
20,3,2,1,2250.0,2160.0,0.96,106,0,0,275,1,2020.0
20,3,2,1,2250.0,1870.0,0.8311,107,0,0,677,1,1870.0
20,3,2,1,2250.0,2400.0,1.0667,42,0,0,325,1,2160.0
20,3,2,1,2250.0,2550.0,1.1333,110,0,5,360,1,2550.0
20,3,2,1,2250.0,1890.0,0.84,94,0,3,448,0,
20,3,2,1,2250.0,3050.0,1.3556,58,0,8,486,0,
20,3,2,1,2250.0,1810.0,0.8044,68,0,8,446,0,
20,3,2,1,2250.0,1400.0,0.6222,59,0,2,595,1,1290.0
20,3,2,1,2250.0,2040.0,0.9067,1,0,3,270,0,
21,4,3,2,7690.0,6890.0,0.896,31,1,3,205,1,6890.0
21,4,3,2,7690.0,7350.0,0.9558,17,1,0,15,1,6940.0
21,4,3,2,7690.0,6470.0,0.8414,31,1,0,397,1,6150.0
21,4,3,2,7690.0,7050.0,0.9168,108,1,3,119,1,6760.0
21,4,3,2,7690.0,7660.0,0.9961,69,1,1,639,1,7360.0
21,4,3,2,7690.0,8190.0,1.065,48,1,5,89,1,8190.0
21,4,3,2,7690.0,8390.0,1.091,97,1,0,80,1,8390.0
21,4,3,2,7690.0,5510.0,0.7165,93,1,1,570,1,5510.0
21,4,3,2,7690.0,7930.0,1.0312,70,1,3,186,1,7930.0
21,4,3,2,7690.0,6490.0,0.844,107,1,0,25,1,6460.0
21,4,3,2,7690.0,12710.0,1.6528,85,1,1,356,0,
21,4,3,2,7690.0,7470.0,0.9714,16,1,1,418,0,
21,4,3,2,7690.0,7330.0,0.9532,7,1,0,48,1,7050.0
21,4,3,2,7690.0,9380.0,1.2198,16,1,1,140,1,9380.0
21,4,3,2,7690.0,8000.0,1.0403,53,1,8,251,0,
22,3,3,2,2350.0,3100.0,1.3191,76,0,8,17,0,
22,3,3,2,2350.0,3380.0,1.4383,74,0,1,540,1,3380.0
22,3,3,2,2350.0,1310.0,0.5574,9,0,0,681,0,
22,3,3,2,2350.0,2490.0,1.0596,99,0,5,654,0,
22,3,3,2,2350.0,1310.0,0.5574,60,0,1,535,1,1280.0
22,3,3,2,2350.0,2130.0,0.9064,85,0,0,385,1,2120.0
22,3,3,2,2350.0,2840.0,1.2085,104,0,0,575,0,
22,3,3,2,2350.0,1090.0,0.4638,60,0,2,394,1,1090.0
22,3,3,2,2350.0,2330.0,0.9915,77,0,0,673,1,2220.0
22,3,3,2,2350.0,2560.0,1.0894,65,0,0,166,1,2490.0
22,3,3,2,2350.0,1940.0,0.8255,50,0,0,138,0,
22,3,3,2,2350.0,2020.0,0.8596,32,0,1,170,1,1950.0
22,3,3,2,2350.0,1760.0,0.7489,39,0,1,332,0,
22,3,3,2,2350.0,3150.0,1.3404,79,0,0,529,0,
22,3,3,2,2350.0,1980.0,0.8426,81,0,1,500,1,1980.0
23,2,2,3,1580.0,1590.0,1.0063,1,0,1,315,0,
23,2,2,3,1580.0,1090.0,0.6899,106,0,1,440,1,1050.0
23,2,2,3,1580.0,1640.0,1.038,15,0,1,135,0,
23,2,2,3,1580.0,1220.0,0.7722,43,0,0,213,1,1200.0
23,2,2,3,1580.0,1480.0,0.9367,63,0,3,687,0,
23,2,2,3,1580.0,1710.0,1.0823,69,0,0,103,1,1520.0
23,2,2,3,1580.0,1860.0,1.1772,44,0,3,557,1,1830.0
23,2,2,3,1580.0,2010.0,1.2722,102,0,1,99,0,
23,2,2,3,1580.0,1260.0,0.7975,51,0,2,180,0,
23,2,2,3,1580.0,1670.0,1.057,65,0,1,470,0,
23,2,2,3,1580.0,1490.0,0.943,4,0,5,352,0,
23,2,2,3,1580.0,3060.0,1.9367,13,0,2,318,0,
23,2,2,3,1580.0,1310.0,0.8291,60,0,2,512,1,1300.0
23,2,2,3,1580.0,1660.0,1.0506,43,0,0,277,1,1640.0
23,2,2,3,1580.0,2640.0,1.6709,66,0,2,718,0,
24,5,3,3,9680.0,9250.0,0.9556,35,1,0,379,1,8880.0
24,5,3,3,9680.0,6880.0,0.7107,58,1,5,97,1,6750.0
24,5,3,3,9680.0,10990.0,1.1353,62,1,0,124,1,10990.0
24,5,3,3,9680.0,10400.0,1.0744,24,1,0,155,1,10240.0
24,5,3,3,9680.0,7280.0,0.7521,65,1,2,476,1,7280.0
24,5,3,3,9680.0,13090.0,1.3523,100,1,1,219,1,12950.0
24,5,3,3,9680.0,7910.0,0.8171,9,1,2,56,1,7910.0
24,5,3,3,9680.0,8450.0,0.8729,59,1,0,549,1,7710.0
24,5,3,3,9680.0,4530.0,0.468,2,1,0,366,1,4530.0
24,5,3,3,9680.0,11780.0,1.2169,82,1,0,252,1,10980.0
24,5,3,3,9680.0,11750.0,1.2138,69,1,1,688,1,11600.0
24,5,3,3,9680.0,6320.0,0.6529,8,1,0,474,1,6320.0
24,5,3,3,9680.0,9360.0,0.9669,42,1,3,240,1,8870.0
24,5,3,3,9680.0,10400.0,1.0744,13,1,0,36,1,10400.0
24,5,3,3,9680.0,7750.0,0.8006,65,1,0,491,1,7130.0
25,4,1,2,7230.0,4440.0,0.6141,94,0,1,3,1,4080.0
25,4,1,2,7230.0,7830.0,1.083,18,0,5,349,1,7830.0
25,4,1,2,7230.0,6280.0,0.8686,110,0,0,239,1,6150.0
25,4,1,2,7230.0,6300.0,0.8714,84,0,0,615,1,6300.0
25,4,1,2,7230.0,5710.0,0.7898,28,0,1,616,1,5430.0
25,4,1,2,7230.0,6010.0,0.8313,107,0,1,93,1,6010.0
25,4,1,2,7230.0,6890.0,0.953,14,0,1,210,0,
25,4,1,2,7230.0,4470.0,0.6183,69,0,0,165,1,4190.0
25,4,1,2,7230.0,8270.0,1.1438,68,0,5,606,1,7870.0
25,4,1,2,7230.0,6000.0,0.8299,72,0,0,533,1,5690.0
25,4,1,2,7230.0,7230.0,1.0,44,0,3,184,0,
25,4,1,2,7230.0,8020.0,1.1093,45,0,3,223,0,
25,4,1,2,7230.0,6840.0,0.9461,3,0,0,3,1,6400.0
25,4,1,2,7230.0,7250.0,1.0028,7,0,0,648,1,7250.0
25,4,1,2,7230.0,6230.0,0.8617,56,0,1,530,1,5560.0
26,1,2,1,1110.0,930.0,0.8378,63,0,1,82,1,860.0
26,1,2,1,1110.0,1030.0,0.9279,80,0,3,681,1,990.0
26,1,2,1,1110.0,1470.0,1.3243,87,0,1,80,0,
26,1,2,1,1110.0,810.0,0.7297,109,0,2,473,0,
26,1,2,1,1110.0,1380.0,1.2432,57,0,8,186,0,
26,1,2,1,1110.0,780.0,0.7027,87,0,0,451,1,780.0
26,1,2,1,1110.0,1390.0,1.2523,21,0,1,564,0,
26,1,2,1,1110.0,1290.0,1.1622,93,0,5,580,0,
26,1,2,1,1110.0,1300.0,1.1712,51,0,0,273,0,
26,1,2,1,1110.0,1020.0,0.9189,105,0,3,502,1,970.0
26,1,2,1,1110.0,940.0,0.8468,1,0,5,320,0,
26,1,2,1,1110.0,1240.0,1.1171,97,0,0,122,0,
26,1,2,1,1110.0,1390.0,1.2523,67,0,2,199,0,
26,1,2,1,1110.0,810.0,0.7297,100,0,5,150,1,810.0
26,1,2,1,1110.0,890.0,0.8018,88,0,8,313,0,
27,5,1,3,18460.0,20810.0,1.1273,17,1,1,578,1,20720.0
27,5,1,3,18460.0,16400.0,0.8884,90,1,2,289,1,16400.0
27,5,1,3,18460.0,23110.0,1.2519,58,1,2,469,1,20250.0
27,5,1,3,18460.0,11340.0,0.6143,11,1,2,40,1,10780.0
27,5,1,3,18460.0,19160.0,1.0379,63,1,1,391,1,18280.0
27,5,1,3,18460.0,16220.0,0.8787,72,1,1,58,1,15460.0
27,5,1,3,18460.0,19500.0,1.0563,96,1,0,49,1,18130.0
27,5,1,3,18460.0,18960.0,1.0271,75,1,1,118,1,18280.0
27,5,1,3,18460.0,15700.0,0.8505,32,1,0,277,1,14910.0
27,5,1,3,18460.0,16930.0,0.9171,73,1,5,406,1,15790.0
27,5,1,3,18460.0,20830.0,1.1284,13,1,0,390,1,19450.0
27,5,1,3,18460.0,24800.0,1.3434,82,1,1,276,0,
27,5,1,3,18460.0,24120.0,1.3066,58,1,5,322,1,23410.0
27,5,1,3,18460.0,20560.0,1.1138,61,1,0,511,1,20560.0
27,5,1,3,18460.0,23890.0,1.2941,4,1,0,507,1,23890.0
28,5,3,3,8020.0,8580.0,1.0698,107,1,5,238,1,8360.0
28,5,3,3,8020.0,6700.0,0.8354,13,1,2,298,0,
28,5,3,3,8020.0,6220.0,0.7756,44,1,2,101,1,5850.0
28,5,3,3,8020.0,6250.0,0.7793,72,1,1,22,1,5740.0
28,5,3,3,8020.0,8770.0,1.0935,42,1,0,671,1,7790.0
28,5,3,3,8020.0,6840.0,0.8529,49,1,2,467,1,6840.0
28,5,3,3,8020.0,6040.0,0.7531,28,1,1,519,1,6040.0
28,5,3,3,8020.0,6640.0,0.8279,77,1,2,462,1,6510.0
28,5,3,3,8020.0,6480.0,0.808,94,1,3,463,1,6480.0
28,5,3,3,8020.0,7820.0,0.9751,41,1,1,626,1,7690.0
28,5,3,3,8020.0,8040.0,1.0025,12,1,2,349,1,8040.0
28,5,3,3,8020.0,6950.0,0.8666,79,1,2,401,1,6770.0
28,5,3,3,8020.0,13480.0,1.6808,96,1,0,489,1,13480.0
28,5,3,3,8020.0,9160.0,1.1421,46,1,1,119,1,8300.0
28,5,3,3,8020.0,8870.0,1.106,59,1,8,212,0,
29,5,2,2,6770.0,8330.0,1.2304,62,0,2,233,0,
29,5,2,2,6770.0,6550.0,0.9675,59,0,2,368,1,6450.0
29,5,2,2,6770.0,6700.0,0.9897,38,0,1,350,1,6520.0
29,5,2,2,6770.0,4530.0,0.6691,4,0,3,676,0,
29,5,2,2,6770.0,5320.0,0.7858,37,0,2,545,1,5190.0
29,5,2,2,6770.0,6790.0,1.003,52,0,0,329,1,6790.0
29,5,2,2,6770.0,5800.0,0.8567,47,0,8,624,1,5800.0
29,5,2,2,6770.0,5780.0,0.8538,39,0,2,196,1,5560.0
29,5,2,2,6770.0,4750.0,0.7016,18,0,0,586,1,4750.0
29,5,2,2,6770.0,4150.0,0.613,52,0,2,533,1,4050.0
29,5,2,2,6770.0,7140.0,1.0547,86,0,2,697,1,7140.0
29,5,2,2,6770.0,7750.0,1.1448,84,0,5,230,1,7610.0
29,5,2,2,6770.0,3630.0,0.5362,48,0,2,115,1,3630.0
29,5,2,2,6770.0,4760.0,0.7031,65,0,0,241,1,4520.0
29,5,2,2,6770.0,6640.0,0.9808,105,0,0,247,1,6030.0
30,3,1,2,4620.0,5020.0,1.0866,32,0,2,90,0,
30,3,1,2,4620.0,4810.0,1.0411,28,0,5,5,1,4810.0
30,3,1,2,4620.0,4890.0,1.0584,65,0,0,186,0,
30,3,1,2,4620.0,4040.0,0.8745,68,0,2,417,0,
30,3,1,2,4620.0,4260.0,0.9221,66,0,1,491,0,
30,3,1,2,4620.0,3790.0,0.8203,35,0,0,22,1,3700.0
30,3,1,2,4620.0,2790.0,0.6039,61,0,5,627,0,
30,3,1,2,4620.0,6150.0,1.3312,89,0,2,105,1,5960.0
30,3,1,2,4620.0,3720.0,0.8052,28,0,5,644,1,3670.0
30,3,1,2,4620.0,5510.0,1.1926,91,0,1,311,1,5350.0
30,3,1,2,4620.0,4690.0,1.0152,83,0,0,581,1,4660.0
30,3,1,2,4620.0,3180.0,0.6883,14,0,3,295,1,2890.0
30,3,1,2,4620.0,4290.0,0.9286,66,0,0,105,0,
30,3,1,2,4620.0,5890.0,1.2749,62,0,1,609,0,
30,3,1,2,4620.0,8140.0,1.7619,8,0,2,356,0,
31,4,1,2,2610.0,2120.0,0.8123,40,0,3,29,1,1960.0
31,4,1,2,2610.0,1890.0,0.7241,22,0,0,301,1,1890.0
31,4,1,2,2610.0,2390.0,0.9157,26,0,3,566,1,2220.0
31,4,1,2,2610.0,2790.0,1.069,48,0,1,417,0,
31,4,1,2,2610.0,2560.0,0.9808,101,0,2,176,1,2300.0
31,4,1,2,2610.0,2320.0,0.8889,55,0,5,255,1,2320.0
31,4,1,2,2610.0,2190.0,0.8391,56,0,5,570,1,1950.0
31,4,1,2,2610.0,1920.0,0.7356,104,0,0,445,1,1860.0
31,4,1,2,2610.0,1260.0,0.4828,88,0,3,696,1,1210.0
31,4,1,2,2610.0,2540.0,0.9732,57,0,1,386,1,2370.0
31,4,1,2,2610.0,3010.0,1.1533,88,0,0,17,1,2950.0
31,4,1,2,2610.0,3810.0,1.4598,67,0,2,617,1,3710.0
31,4,1,2,2610.0,2820.0,1.0805,57,0,1,426,1,2690.0
31,4,1,2,2610.0,2890.0,1.1073,33,0,0,436,1,2730.0
31,4,1,2,2610.0,3680.0,1.41,75,0,0,132,0,
32,4,2,2,7960.0,7940.0,0.9975,6,0,5,303,1,7940.0
32,4,2,2,7960.0,8850.0,1.1118,46,0,0,139,1,8850.0
32,4,2,2,7960.0,7270.0,0.9133,24,0,3,607,1,7000.0
32,4,2,2,7960.0,9650.0,1.2123,61,0,2,44,0,
32,4,2,2,7960.0,6590.0,0.8279,93,0,2,451,0,
32,4,2,2,7960.0,4700.0,0.5905,4,0,0,468,1,4300.0
32,4,2,2,7960.0,7060.0,0.8869,80,0,0,67,1,6610.0
32,4,2,2,7960.0,8990.0,1.1294,12,0,3,236,1,8500.0
32,4,2,2,7960.0,6410.0,0.8053,23,0,0,223,1,6410.0
32,4,2,2,7960.0,8250.0,1.0364,19,0,5,582,0,
32,4,2,2,7960.0,8010.0,1.0063,32,0,5,322,0,
32,4,2,2,7960.0,11900.0,1.495,14,0,3,563,1,11900.0
32,4,2,2,7960.0,10720.0,1.3467,48,0,2,430,0,
32,4,2,2,7960.0,4310.0,0.5415,93,0,8,34,1,4210.0
32,4,2,2,7960.0,7970.0,1.0013,30,0,2,649,0,
33,3,2,1,1910.0,2040.0,1.0681,24,1,1,393,1,2040.0
33,3,2,1,1910.0,1170.0,0.6126,97,1,2,425,1,1170.0
33,3,2,1,1910.0,2650.0,1.3874,70,1,5,437,0,
33,3,2,1,1910.0,1450.0,0.7592,17,1,5,415,0,
33,3,2,1,1910.0,1880.0,0.9843,31,1,2,717,1,1750.0
33,3,2,1,1910.0,2990.0,1.5654,69,1,0,130,0,
33,3,2,1,1910.0,1490.0,0.7801,92,1,5,390,0,
33,3,2,1,1910.0,1830.0,0.9581,11,1,0,392,0,
33,3,2,1,1910.0,1330.0,0.6963,38,1,2,623,1,1250.0
33,3,2,1,1910.0,2130.0,1.1152,30,1,2,26,1,2050.0
33,3,2,1,1910.0,1960.0,1.0262,37,1,1,605,1,1950.0
33,3,2,1,1910.0,2050.0,1.0733,7,1,1,715,1,2000.0
33,3,2,1,1910.0,1870.0,0.9791,35,1,2,240,1,1780.0
33,3,2,1,1910.0,1950.0,1.0209,76,1,2,338,1,1730.0
33,3,2,1,1910.0,1180.0,0.6178,47,1,0,532,1,1180.0
34,2,1,1,2890.0,2020.0,0.699,78,0,0,353,0,
34,2,1,1,2890.0,2160.0,0.7474,52,0,1,517,1,2120.0
34,2,1,1,2890.0,3570.0,1.2353,49,0,2,499,0,
34,2,1,1,2890.0,2120.0,0.7336,105,0,1,544,0,
34,2,1,1,2890.0,3060.0,1.0588,73,0,2,141,1,2670.0
34,2,1,1,2890.0,3460.0,1.1972,69,0,1,322,1,3170.0
34,2,1,1,2890.0,2720.0,0.9412,44,0,0,526,1,2720.0
34,2,1,1,2890.0,2500.0,0.8651,41,0,0,28,0,
34,2,1,1,2890.0,2860.0,0.9896,74,0,0,131,0,
34,2,1,1,2890.0,2090.0,0.7232,92,0,1,305,1,2020.0
34,2,1,1,2890.0,3700.0,1.2803,110,0,1,491,0,
34,2,1,1,2890.0,2810.0,0.9723,62,0,2,424,0,
34,2,1,1,2890.0,2940.0,1.0173,3,0,1,587,0,
34,2,1,1,2890.0,5700.0,1.9723,98,0,2,107,0,
34,2,1,1,2890.0,2940.0,1.0173,103,0,1,693,1,2650.0
35,4,1,3,6870.0,9060.0,1.3188,40,0,2,177,0,
35,4,1,3,6870.0,4940.0,0.7191,27,0,1,617,1,4940.0
35,4,1,3,6870.0,6470.0,0.9418,109,0,2,503,1,6470.0
35,4,1,3,6870.0,6500.0,0.9461,38,0,0,199,1,5960.0
35,4,1,3,6870.0,8930.0,1.2999,61,0,1,174,1,8070.0
35,4,1,3,6870.0,6500.0,0.9461,9,0,5,304,1,6450.0
35,4,1,3,6870.0,7260.0,1.0568,44,0,1,257,1,7000.0
35,4,1,3,6870.0,6030.0,0.8777,14,0,1,545,1,6030.0
35,4,1,3,6870.0,9730.0,1.4163,13,0,2,676,1,9730.0
35,4,1,3,6870.0,5690.0,0.8282,82,0,2,478,1,5290.0
35,4,1,3,6870.0,6290.0,0.9156,68,0,5,628,1,6030.0
35,4,1,3,6870.0,9470.0,1.3785,74,0,3,659,0,
35,4,1,3,6870.0,12650.0,1.8413,12,0,1,470,0,
35,4,1,3,6870.0,4790.0,0.6972,101,0,1,170,1,4790.0
35,4,1,3,6870.0,7830.0,1.1397,55,0,1,401,1,7070.0
36,2,2,1,1180.0,1370.0,1.161,55,0,0,277,0,
36,2,2,1,1180.0,900.0,0.7627,3,0,1,107,1,900.0
36,2,2,1,1180.0,1160.0,0.9831,97,0,2,521,1,1090.0
36,2,2,1,1180.0,1020.0,0.8644,61,0,0,289,1,990.0
36,2,2,1,1180.0,690.0,0.5847,81,0,1,458,1,650.0
36,2,2,1,1180.0,740.0,0.6271,84,0,0,342,0,
36,2,2,1,1180.0,1050.0,0.8898,50,0,3,596,1,1050.0
36,2,2,1,1180.0,990.0,0.839,64,0,5,574,0,
36,2,2,1,1180.0,1430.0,1.2119,108,0,0,598,1,1190.0
36,2,2,1,1180.0,1230.0,1.0424,36,0,2,159,0,
36,2,2,1,1180.0,1720.0,1.4576,17,0,2,198,0,
36,2,2,1,1180.0,710.0,0.6017,51,0,2,387,0,
36,2,2,1,1180.0,890.0,0.7542,19,0,0,208,1,850.0
36,2,2,1,1180.0,1140.0,0.9661,16,0,3,28,1,1040.0
36,2,2,1,1180.0,1740.0,1.4746,26,0,0,605,0,
37,3,2,2,1920.0,1590.0,0.8281,54,1,2,608,1,1560.0
37,3,2,2,1920.0,1550.0,0.8073,108,1,5,276,0,
37,3,2,2,1920.0,2460.0,1.2812,47,1,0,620,1,2350.0
37,3,2,2,1920.0,1390.0,0.724,72,1,8,701,1,1320.0
37,3,2,2,1920.0,2180.0,1.1354,73,1,3,51,0,
37,3,2,2,1920.0,2530.0,1.3177,42,1,1,260,1,2380.0
37,3,2,2,1920.0,1310.0,0.6823,62,1,1,703,1,1280.0
37,3,2,2,1920.0,1610.0,0.8385,79,1,1,108,1,1520.0
37,3,2,2,1920.0,2180.0,1.1354,52,1,0,136,1,2050.0
37,3,2,2,1920.0,1680.0,0.875,51,1,0,419,1,1570.0
37,3,2,2,1920.0,1330.0,0.6927,98,1,1,242,0,
37,3,2,2,1920.0,2920.0,1.5208,56,1,3,204,1,2850.0
37,3,2,2,1920.0,2050.0,1.0677,61,1,1,398,1,1940.0
37,3,2,2,1920.0,1310.0,0.6823,28,1,3,248,1,1290.0
37,3,2,2,1920.0,1850.0,0.9635,49,1,1,124,1,1850.0
38,3,2,1,1540.0,1300.0,0.8442,80,1,5,445,0,
38,3,2,1,1540.0,1130.0,0.7338,30,1,0,540,1,1070.0
38,3,2,1,1540.0,2430.0,1.5779,28,1,5,213,0,
38,3,2,1,1540.0,1340.0,0.8701,68,1,0,511,1,1250.0
38,3,2,1,1540.0,1480.0,0.961,35,1,8,13,1,1400.0
38,3,2,1,1540.0,1150.0,0.7468,68,1,0,607,1,1070.0
38,3,2,1,1540.0,1460.0,0.9481,82,1,0,348,1,1370.0
38,3,2,1,1540.0,1780.0,1.1558,4,1,0,27,1,1740.0
38,3,2,1,1540.0,1210.0,0.7857,9,1,0,481,1,1140.0
38,3,2,1,1540.0,1160.0,0.7532,94,1,0,79,1,1130.0
38,3,2,1,1540.0,1170.0,0.7597,24,1,8,629,1,1100.0
38,3,2,1,1540.0,1340.0,0.8701,55,1,1,536,1,1310.0
38,3,2,1,1540.0,1650.0,1.0714,14,1,2,94,1,1480.0
38,3,2,1,1540.0,1760.0,1.1429,73,1,1,260,0,
38,3,2,1,1540.0,1730.0,1.1234,21,1,1,300,1,1730.0
39,5,1,3,10750.0,15200.0,1.414,60,1,0,415,1,15020.0
39,5,1,3,10750.0,7870.0,0.7321,79,1,0,234,1,7860.0
39,5,1,3,10750.0,8500.0,0.7907,61,1,0,267,1,8500.0
39,5,1,3,10750.0,10500.0,0.9767,85,1,1,630,1,9730.0
39,5,1,3,10750.0,10340.0,0.9619,72,1,3,71,1,9820.0
39,5,1,3,10750.0,11010.0,1.0242,109,1,1,233,1,10640.0
39,5,1,3,10750.0,5460.0,0.5079,93,1,1,365,1,5300.0
39,5,1,3,10750.0,9390.0,0.8735,67,1,2,196,1,8920.0
39,5,1,3,10750.0,6080.0,0.5656,2,1,3,199,1,5680.0
39,5,1,3,10750.0,7480.0,0.6958,73,1,1,317,1,7300.0
39,5,1,3,10750.0,11920.0,1.1088,87,1,1,200,1,11660.0
39,5,1,3,10750.0,7220.0,0.6716,94,1,0,162,1,7120.0
39,5,1,3,10750.0,13410.0,1.2474,19,1,2,654,1,13410.0
39,5,1,3,10750.0,11440.0,1.0642,31,1,1,399,1,11430.0
39,5,1,3,10750.0,7860.0,0.7312,71,1,2,656,1,7860.0
40,3,1,1,1640.0,1310.0,0.7988,65,0,0,354,1,1260.0
40,3,1,1,1640.0,1320.0,0.8049,104,0,2,168,1,1210.0
40,3,1,1,1640.0,1260.0,0.7683,55,0,1,226,1,1230.0
40,3,1,1,1640.0,1780.0,1.0854,32,0,0,125,1,1700.0
40,3,1,1,1640.0,1220.0,0.7439,18,0,0,486,1,1200.0
40,3,1,1,1640.0,1230.0,0.75,16,0,0,706,1,1230.0
40,3,1,1,1640.0,1280.0,0.7805,76,0,1,402,1,1260.0
40,3,1,1,1640.0,1080.0,0.6585,29,0,5,230,1,990.0
40,3,1,1,1640.0,2360.0,1.439,95,0,1,75,0,
40,3,1,1,1640.0,1300.0,0.7927,31,0,0,28,1,1260.0
40,3,1,1,1640.0,1070.0,0.6524,30,0,3,30,1,1040.0
40,3,1,1,1640.0,890.0,0.5427,105,0,5,239,1,890.0
40,3,1,1,1640.0,1890.0,1.1524,10,0,2,122,0,
40,3,1,1,1640.0,1090.0,0.6646,78,0,1,231,1,1060.0
40,3,1,1,1640.0,1620.0,0.9878,72,0,5,537,1,1560.0
41,2,2,1,1770.0,1050.0,0.5932,87,0,0,622,1,980.0
41,2,2,1,1770.0,1380.0,0.7797,4,0,1,283,1,1310.0
41,2,2,1,1770.0,1700.0,0.9605,104,0,0,200,1,1560.0
41,2,2,1,1770.0,1350.0,0.7627,51,0,3,566,0,
41,2,2,1,1770.0,1770.0,1.0,33,0,5,717,0,
41,2,2,1,1770.0,1620.0,0.9153,42,0,0,35,1,1620.0
41,2,2,1,1770.0,1960.0,1.1073,79,0,5,406,0,
41,2,2,1,1770.0,1990.0,1.1243,31,0,1,281,0,
41,2,2,1,1770.0,1950.0,1.1017,94,0,1,297,0,
41,2,2,1,1770.0,1850.0,1.0452,29,0,1,69,1,1750.0
41,2,2,1,1770.0,2000.0,1.1299,71,0,2,608,0,
41,2,2,1,1770.0,1030.0,0.5819,4,0,5,176,1,1030.0
41,2,2,1,1770.0,1920.0,1.0847,105,0,2,396,1,1820.0
41,2,2,1,1770.0,1640.0,0.9266,36,0,8,71,0,
41,2,2,1,1770.0,1280.0,0.7232,82,0,5,206,1,1280.0
42,1,1,1,1310.0,1050.0,0.8015,2,0,3,531,0,
42,1,1,1,1310.0,1150.0,0.8779,50,0,2,411,0,
42,1,1,1,1310.0,750.0,0.5725,57,0,5,156,0,
42,1,1,1,1310.0,1490.0,1.1374,104,0,0,417,0,
42,1,1,1,1310.0,990.0,0.7557,103,0,1,133,0,
42,1,1,1,1310.0,2130.0,1.626,24,0,1,532,0,
42,1,1,1,1310.0,1000.0,0.7634,41,0,0,288,0,
42,1,1,1,1310.0,1270.0,0.9695,21,0,1,699,0,
42,1,1,1,1310.0,1030.0,0.7863,37,0,1,334,0,
42,1,1,1,1310.0,1480.0,1.1298,106,0,1,303,0,
42,1,1,1,1310.0,1930.0,1.4733,52,0,2,688,0,
42,1,1,1,1310.0,830.0,0.6336,7,0,0,22,1,830.0
42,1,1,1,1310.0,1350.0,1.0305,94,0,5,691,0,
42,1,1,1,1310.0,1080.0,0.8244,72,0,3,382,0,
42,1,1,1,1310.0,1400.0,1.0687,73,0,3,137,0,
43,2,2,1,2500.0,3880.0,1.552,74,1,5,592,0,
43,2,2,1,2500.0,2160.0,0.864,36,1,1,90,0,
43,2,2,1,2500.0,2640.0,1.056,91,1,2,384,1,2540.0
43,2,2,1,2500.0,2350.0,0.94,57,1,1,192,0,
43,2,2,1,2500.0,1990.0,0.796,82,1,2,93,1,1930.0
43,2,2,1,2500.0,2210.0,0.884,96,1,0,38,1,1990.0
43,2,2,1,2500.0,2570.0,1.028,37,1,5,131,0,
43,2,2,1,2500.0,1740.0,0.696,2,1,1,357,0,
43,2,2,1,2500.0,2830.0,1.132,100,1,0,144,1,2830.0
43,2,2,1,2500.0,3080.0,1.232,64,1,5,451,0,
43,2,2,1,2500.0,2450.0,0.98,101,1,2,329,0,
43,2,2,1,2500.0,2100.0,0.84,77,1,1,72,1,2000.0
43,2,2,1,2500.0,3560.0,1.424,56,1,3,509,1,3560.0
43,2,2,1,2500.0,3030.0,1.212,108,1,2,333,1,2980.0
43,2,2,1,2500.0,2570.0,1.028,33,1,0,712,0,
44,3,3,2,3360.0,2660.0,0.7917,2,0,0,490,1,2580.0
44,3,3,2,3360.0,3520.0,1.0476,10,0,8,332,0,
44,3,3,2,3360.0,2700.0,0.8036,18,0,1,279,1,2700.0
44,3,3,2,3360.0,4400.0,1.3095,46,0,5,317,0,
44,3,3,2,3360.0,3910.0,1.1637,64,0,2,265,1,3770.0
44,3,3,2,3360.0,3630.0,1.0804,25,0,2,618,0,
44,3,3,2,3360.0,2430.0,0.7232,36,0,2,24,1,2390.0
44,3,3,2,3360.0,2750.0,0.8185,10,0,0,577,0,
44,3,3,2,3360.0,3210.0,0.9554,101,0,0,261,1,3060.0
44,3,3,2,3360.0,2660.0,0.7917,33,0,3,489,1,2660.0
44,3,3,2,3360.0,2800.0,0.8333,42,0,3,546,0,
44,3,3,2,3360.0,4650.0,1.3839,36,0,3,289,0,
44,3,3,2,3360.0,2070.0,0.6161,95,0,0,360,1,1950.0
44,3,3,2,3360.0,3690.0,1.0982,84,0,0,687,1,3690.0
44,3,3,2,3360.0,2970.0,0.8839,48,0,2,281,1,2740.0
45,4,2,3,8450.0,9290.0,1.0994,96,0,0,307,0,
45,4,2,3,8450.0,7720.0,0.9136,45,0,2,569,0,
45,4,2,3,8450.0,7440.0,0.8805,61,0,5,258,1,7440.0
45,4,2,3,8450.0,10190.0,1.2059,48,0,8,580,0,
45,4,2,3,8450.0,7860.0,0.9302,68,0,2,378,1,7320.0
45,4,2,3,8450.0,11460.0,1.3562,28,0,1,163,1,10230.0
45,4,2,3,8450.0,5090.0,0.6024,35,0,1,494,0,
45,4,2,3,8450.0,8190.0,0.9692,79,0,2,546,1,8190.0
45,4,2,3,8450.0,4640.0,0.5491,80,0,0,600,1,4410.0
45,4,2,3,8450.0,6710.0,0.7941,11,0,1,335,1,6610.0
45,4,2,3,8450.0,6950.0,0.8225,55,0,3,647,1,6630.0
45,4,2,3,8450.0,10220.0,1.2095,100,0,1,16,1,9940.0
45,4,2,3,8450.0,6390.0,0.7562,102,0,0,642,1,6390.0
45,4,2,3,8450.0,5940.0,0.703,61,0,0,431,1,5620.0
45,4,2,3,8450.0,4930.0,0.5834,5,0,0,514,1,4270.0
46,4,2,3,5480.0,4320.0,0.7883,109,0,2,406,1,4210.0
46,4,2,3,5480.0,4130.0,0.7536,18,0,2,483,1,3970.0
46,4,2,3,5480.0,5940.0,1.0839,36,0,5,122,1,5700.0
46,4,2,3,5480.0,4310.0,0.7865,41,0,0,427,0,
46,4,2,3,5480.0,4050.0,0.7391,72,0,0,428,1,3990.0
46,4,2,3,5480.0,3760.0,0.6861,74,0,1,137,1,3760.0
46,4,2,3,5480.0,2590.0,0.4726,69,0,0,90,1,2440.0
46,4,2,3,5480.0,4230.0,0.7719,21,0,2,478,1,4230.0
46,4,2,3,5480.0,6470.0,1.1807,1,0,2,232,1,6120.0
46,4,2,3,5480.0,4320.0,0.7883,29,0,2,11,0,
46,4,2,3,5480.0,4760.0,0.8686,53,0,1,129,1,4650.0
46,4,2,3,5480.0,6440.0,1.1752,17,0,3,296,0,
46,4,2,3,5480.0,6070.0,1.1077,106,0,0,45,1,5990.0
46,4,2,3,5480.0,6310.0,1.1515,103,0,0,633,0,
46,4,2,3,5480.0,6440.0,1.1752,83,0,8,272,0,
47,2,2,2,2600.0,2130.0,0.8192,8,0,1,102,0,
47,2,2,2,2600.0,3290.0,1.2654,84,0,1,140,0,
47,2,2,2,2600.0,2730.0,1.05,93,0,0,524,0,
47,2,2,2,2600.0,2440.0,0.9385,36,0,5,285,1,2230.0
47,2,2,2,2600.0,3430.0,1.3192,56,0,1,79,0,
47,2,2,2,2600.0,2870.0,1.1038,49,0,1,633,0,
47,2,2,2,2600.0,3530.0,1.3577,12,0,1,372,0,
47,2,2,2,2600.0,2390.0,0.9192,28,0,1,354,1,2270.0
47,2,2,2,2600.0,1730.0,0.6654,17,0,3,689,0,
47,2,2,2,2600.0,2450.0,0.9423,35,0,2,547,0,
47,2,2,2,2600.0,2990.0,1.15,97,0,0,63,1,2780.0
47,2,2,2,2600.0,2480.0,0.9538,104,0,1,11,0,
47,2,2,2,2600.0,2450.0,0.9423,5,0,3,76,0,
47,2,2,2,2600.0,2870.0,1.1038,2,0,1,179,1,2750.0
47,2,2,2,2600.0,2020.0,0.7769,46,0,0,330,0,
48,2,1,2,2450.0,2200.0,0.898,60,0,1,635,0,
48,2,1,2,2450.0,2520.0,1.0286,110,0,0,702,0,
48,2,1,2,2450.0,1740.0,0.7102,93,0,1,555,1,1600.0
48,2,1,2,2450.0,2730.0,1.1143,33,0,0,304,0,
48,2,1,2,2450.0,3050.0,1.2449,91,0,1,686,0,
48,2,1,2,2450.0,1830.0,0.7469,71,0,2,274,1,1630.0
48,2,1,2,2450.0,2110.0,0.8612,29,0,5,211,0,
48,2,1,2,2450.0,2410.0,0.9837,4,0,1,588,0,
48,2,1,2,2450.0,3050.0,1.2449,70,0,0,160,0,
48,2,1,2,2450.0,2320.0,0.9469,63,0,2,113,0,
48,2,1,2,2450.0,1630.0,0.6653,1,0,3,396,1,1580.0
48,2,1,2,2450.0,2470.0,1.0082,91,0,1,191,1,2150.0
48,2,1,2,2450.0,2430.0,0.9918,64,0,0,502,0,
48,2,1,2,2450.0,3740.0,1.5265,79,0,2,254,0,
48,2,1,2,2450.0,2230.0,0.9102,89,0,3,24,0,
49,3,2,2,2880.0,2870.0,0.9965,48,0,0,252,1,2640.0
49,3,2,2,2880.0,2310.0,0.8021,95,0,3,174,1,2160.0
49,3,2,2,2880.0,2300.0,0.7986,84,0,0,78,1,2270.0
49,3,2,2,2880.0,1750.0,0.6076,12,0,2,233,1,1550.0
49,3,2,2,2880.0,3230.0,1.1215,19,0,0,29,0,
49,3,2,2,2880.0,3340.0,1.1597,63,0,1,288,0,
49,3,2,2,2880.0,2380.0,0.8264,76,0,2,317,1,2240.0
49,3,2,2,2880.0,2580.0,0.8958,65,0,3,139,1,2310.0
49,3,2,2,2880.0,2340.0,0.8125,76,0,1,445,1,2340.0
49,3,2,2,2880.0,2510.0,0.8715,58,0,5,328,1,2510.0
49,3,2,2,2880.0,1960.0,0.6806,51,0,0,621,1,1930.0
49,3,2,2,2880.0,2970.0,1.0312,71,0,3,534,0,
49,3,2,2,2880.0,2990.0,1.0382,73,0,5,7,0,
49,3,2,2,2880.0,2080.0,0.7222,80,0,1,644,1,1920.0
49,3,2,2,2880.0,2530.0,0.8785,60,0,2,646,1,2430.0
50,5,3,3,7630.0,9500.0,1.2451,54,1,2,587,1,9500.0
50,5,3,3,7630.0,5100.0,0.6684,48,1,1,418,1,5100.0
50,5,3,3,7630.0,8220.0,1.0773,36,1,5,629,1,7360.0
50,5,3,3,7630.0,6600.0,0.865,77,1,0,252,1,6300.0
50,5,3,3,7630.0,7500.0,0.983,103,1,0,223,1,7130.0
50,5,3,3,7630.0,6940.0,0.9096,48,1,5,640,1,6400.0
50,5,3,3,7630.0,7560.0,0.9908,105,1,1,369,1,7260.0
50,5,3,3,7630.0,3590.0,0.4705,21,1,0,125,1,3370.0
50,5,3,3,7630.0,7120.0,0.9332,45,1,0,86,0,
50,5,3,3,7630.0,9930.0,1.3014,30,1,5,406,1,9640.0
50,5,3,3,7630.0,9040.0,1.1848,11,1,0,562,1,8180.0
50,5,3,3,7630.0,8190.0,1.0734,83,1,2,674,1,8060.0
50,5,3,3,7630.0,4360.0,0.5714,25,1,1,400,1,4050.0
50,5,3,3,7630.0,5240.0,0.6868,18,1,0,314,1,4970.0
50,5,3,3,7630.0,11950.0,1.5662,98,1,1,701,0,
51,3,1,2,4470.0,4210.0,0.9418,68,0,0,55,1,4210.0
51,3,1,2,4470.0,5940.0,1.3289,75,0,2,460,0,
51,3,1,2,4470.0,4360.0,0.9754,98,0,1,553,1,4120.0
51,3,1,2,4470.0,3130.0,0.7002,101,0,5,103,0,
51,3,1,2,4470.0,5370.0,1.2013,104,0,0,510,0,
51,3,1,2,4470.0,3330.0,0.745,90,0,1,256,1,3110.0
51,3,1,2,4470.0,2660.0,0.5951,65,0,3,353,1,2590.0
51,3,1,2,4470.0,2920.0,0.6532,74,0,1,424,1,2920.0
51,3,1,2,4470.0,3700.0,0.8277,90,0,2,573,0,
51,3,1,2,4470.0,3180.0,0.7114,10,0,0,573,1,3030.0
51,3,1,2,4470.0,6340.0,1.4183,10,0,5,579,0,
51,3,1,2,4470.0,6970.0,1.5593,106,0,0,602,0,
51,3,1,2,4470.0,5190.0,1.1611,41,0,2,430,0,
51,3,1,2,4470.0,5970.0,1.3356,5,0,0,645,0,
51,3,1,2,4470.0,4810.0,1.0761,96,0,0,80,1,4810.0
52,4,2,3,5980.0,5630.0,0.9415,58,0,2,693,1,5290.0
52,4,2,3,5980.0,5480.0,0.9164,46,0,3,300,1,5470.0
52,4,2,3,5980.0,6240.0,1.0435,29,0,0,625,1,6020.0
52,4,2,3,5980.0,4700.0,0.786,15,0,3,262,1,4630.0
52,4,2,3,5980.0,6210.0,1.0385,57,0,2,646,1,5770.0
52,4,2,3,5980.0,7070.0,1.1823,54,0,8,670,1,6940.0
52,4,2,3,5980.0,4030.0,0.6739,110,0,0,159,1,3970.0
52,4,2,3,5980.0,10340.0,1.7291,82,0,0,537,0,
52,4,2,3,5980.0,4530.0,0.7575,15,0,0,696,0,
52,4,2,3,5980.0,3960.0,0.6622,110,0,0,335,1,3930.0
52,4,2,3,5980.0,6770.0,1.1321,104,0,8,310,0,
52,4,2,3,5980.0,3570.0,0.597,66,0,2,206,1,3380.0
52,4,2,3,5980.0,7170.0,1.199,67,0,5,646,0,
52,4,2,3,5980.0,5490.0,0.9181,43,0,1,45,1,5490.0
52,4,2,3,5980.0,6910.0,1.1555,99,0,0,304,1,6780.0
53,5,2,2,19780.0,20170.0,1.0197,72,1,2,698,1,19950.0
53,5,2,2,19780.0,16310.0,0.8246,100,1,0,152,1,16310.0
53,5,2,2,19780.0,16250.0,0.8215,89,1,2,637,1,16200.0
53,5,2,2,19780.0,15770.0,0.7973,35,1,0,400,1,15520.0
53,5,2,2,19780.0,15260.0,0.7715,61,1,1,554,1,14730.0
53,5,2,2,19780.0,16810.0,0.8498,47,1,5,10,1,15580.0
53,5,2,2,19780.0,20320.0,1.0273,15,1,2,110,1,18500.0
53,5,2,2,19780.0,10490.0,0.5303,34,1,2,418,1,9700.0
53,5,2,2,19780.0,19400.0,0.9808,103,1,2,481,1,18420.0
53,5,2,2,19780.0,21180.0,1.0708,27,1,8,501,0,
53,5,2,2,19780.0,20090.0,1.0157,86,1,8,646,0,
53,5,2,2,19780.0,19000.0,0.9606,15,1,1,688,1,18440.0
53,5,2,2,19780.0,32980.0,1.6673,77,1,5,629,0,
53,5,2,2,19780.0,19510.0,0.9863,61,1,1,57,1,18840.0
53,5,2,2,19780.0,25010.0,1.2644,31,1,2,159,1,23490.0
54,4,3,3,6890.0,8550.0,1.2409,91,0,5,113,0,
54,4,3,3,6890.0,4630.0,0.672,7,0,1,191,1,4630.0
54,4,3,3,6890.0,5880.0,0.8534,19,0,0,303,1,5560.0
54,4,3,3,6890.0,7160.0,1.0392,35,0,0,213,1,7090.0
54,4,3,3,6890.0,6810.0,0.9884,96,0,3,67,1,6570.0
54,4,3,3,6890.0,6850.0,0.9942,31,0,2,17,0,
54,4,3,3,6890.0,5870.0,0.852,91,0,0,376,1,5810.0
54,4,3,3,6890.0,6190.0,0.8984,27,0,2,416,1,5740.0
54,4,3,3,6890.0,10960.0,1.5907,43,0,8,425,0,
54,4,3,3,6890.0,5840.0,0.8476,84,0,5,444,0,
54,4,3,3,6890.0,4720.0,0.6851,26,0,0,234,1,4720.0
54,4,3,3,6890.0,9500.0,1.3788,21,0,1,269,1,8820.0
54,4,3,3,6890.0,7090.0,1.029,27,0,3,98,1,6440.0
54,4,3,3,6890.0,4060.0,0.5893,24,0,0,575,1,3810.0
54,4,3,3,6890.0,8440.0,1.225,15,0,3,709,0,
55,2,3,2,1750.0,1440.0,0.8229,90,0,0,181,1,1360.0
55,2,3,2,1750.0,1320.0,0.7543,64,0,0,77,1,1320.0
55,2,3,2,1750.0,1200.0,0.6857,17,0,0,511,1,1150.0
55,2,3,2,1750.0,1190.0,0.68,15,0,2,454,1,1190.0
55,2,3,2,1750.0,1890.0,1.08,78,0,0,152,1,1790.0
55,2,3,2,1750.0,2040.0,1.1657,38,0,0,393,0,
55,2,3,2,1750.0,2040.0,1.1657,53,0,1,686,1,2010.0
55,2,3,2,1750.0,2150.0,1.2286,84,0,2,539,0,
55,2,3,2,1750.0,1770.0,1.0114,41,0,1,463,0,
55,2,3,2,1750.0,1270.0,0.7257,99,0,1,305,1,1270.0
55,2,3,2,1750.0,1810.0,1.0343,35,0,2,312,0,
55,2,3,2,1750.0,1950.0,1.1143,70,0,3,61,0,
55,2,3,2,1750.0,1120.0,0.64,75,0,1,126,1,1120.0
55,2,3,2,1750.0,1850.0,1.0571,33,0,1,665,1,1810.0
55,2,3,2,1750.0,1420.0,0.8114,91,0,0,374,1,1370.0
56,3,1,1,4950.0,3790.0,0.7657,16,0,5,592,1,3690.0
56,3,1,1,4950.0,7490.0,1.5131,1,0,1,624,0,
56,3,1,1,4950.0,4390.0,0.8869,98,0,8,532,0,
56,3,1,1,4950.0,5040.0,1.0182,39,0,2,211,1,4780.0
56,3,1,1,4950.0,3450.0,0.697,63,0,5,490,1,3320.0
56,3,1,1,4950.0,3430.0,0.6929,38,0,0,633,1,3400.0
56,3,1,1,4950.0,3730.0,0.7535,21,0,1,267,1,3450.0
56,3,1,1,4950.0,2390.0,0.4828,26,0,3,61,1,2390.0
56,3,1,1,4950.0,3470.0,0.701,30,0,0,251,1,3270.0
56,3,1,1,4950.0,5220.0,1.0545,87,0,2,642,1,5220.0
56,3,1,1,4950.0,8290.0,1.6747,76,0,2,264,1,8000.0
56,3,1,1,4950.0,3350.0,0.6768,80,0,0,652,1,3220.0
56,3,1,1,4950.0,9140.0,1.8465,31,0,3,328,0,
56,3,1,1,4950.0,3930.0,0.7939,109,0,0,290,1,3930.0
56,3,1,1,4950.0,6520.0,1.3172,104,0,0,93,0,
57,5,2,2,15410.0,16590.0,1.0766,41,0,0,2,1,16590.0
57,5,2,2,15410.0,6160.0,0.3997,38,0,0,608,1,6160.0
57,5,2,2,15410.0,10750.0,0.6976,11,0,0,287,1,10720.0
57,5,2,2,15410.0,15200.0,0.9864,94,0,1,607,1,14960.0
57,5,2,2,15410.0,24500.0,1.5899,18,0,1,520,1,23670.0
57,5,2,2,15410.0,10860.0,0.7047,57,0,2,249,1,10190.0
57,5,2,2,15410.0,14640.0,0.95,57,0,0,597,1,14200.0
57,5,2,2,15410.0,16630.0,1.0792,55,0,1,428,1,16070.0
57,5,2,2,15410.0,11060.0,0.7177,9,0,5,428,1,10420.0
57,5,2,2,15410.0,9850.0,0.6392,88,0,1,546,0,
57,5,2,2,15410.0,12850.0,0.8339,18,0,1,332,1,12280.0
57,5,2,2,15410.0,12790.0,0.83,107,0,5,388,1,11040.0
57,5,2,2,15410.0,15040.0,0.976,77,0,1,285,1,14790.0
57,5,2,2,15410.0,14540.0,0.9435,109,0,1,593,1,13230.0
57,5,2,2,15410.0,15520.0,1.0071,59,0,3,604,1,14580.0
58,2,3,2,2760.0,2210.0,0.8007,68,0,8,105,0,
58,2,3,2,2760.0,2610.0,0.9457,5,0,1,690,0,
58,2,3,2,2760.0,3610.0,1.308,91,0,0,408,0,
58,2,3,2,2760.0,1880.0,0.6812,102,0,2,25,1,1880.0
58,2,3,2,2760.0,2480.0,0.8986,52,0,0,225,0,
58,2,3,2,2760.0,3660.0,1.3261,14,0,1,594,0,
58,2,3,2,2760.0,2320.0,0.8406,4,0,8,278,0,
58,2,3,2,2760.0,3950.0,1.4312,68,0,0,367,0,
58,2,3,2,2760.0,3360.0,1.2174,88,0,0,2,0,
58,2,3,2,2760.0,2100.0,0.7609,10,0,0,715,1,2100.0
58,2,3,2,2760.0,3550.0,1.2862,47,0,1,63,0,
58,2,3,2,2760.0,4410.0,1.5978,13,0,1,441,0,
58,2,3,2,2760.0,2830.0,1.0254,88,0,8,654,0,
58,2,3,2,2760.0,2350.0,0.8514,37,0,0,576,1,2100.0
58,2,3,2,2760.0,2140.0,0.7754,65,0,5,498,0,
59,1,2,1,1380.0,1250.0,0.9058,12,1,5,15,1,1190.0
59,1,2,1,1380.0,1640.0,1.1884,69,1,1,268,1,1640.0
59,1,2,1,1380.0,1700.0,1.2319,51,1,5,576,0,
59,1,2,1,1380.0,1630.0,1.1812,72,1,0,421,0,
59,1,2,1,1380.0,1450.0,1.0507,91,1,1,302,0,
59,1,2,1,1380.0,1290.0,0.9348,29,1,8,347,0,
59,1,2,1,1380.0,1390.0,1.0072,1,1,1,5,0,
59,1,2,1,1380.0,1020.0,0.7391,45,1,0,261,1,940.0
59,1,2,1,1380.0,1500.0,1.087,79,1,3,500,0,
59,1,2,1,1380.0,1100.0,0.7971,100,1,2,716,1,1010.0
59,1,2,1,1380.0,1100.0,0.7971,65,1,2,113,1,1010.0
59,1,2,1,1380.0,1660.0,1.2029,14,1,8,172,0,
59,1,2,1,1380.0,1060.0,0.7681,11,1,5,223,0,
59,1,2,1,1380.0,1220.0,0.8841,62,1,0,294,0,
59,1,2,1,1380.0,930.0,0.6739,43,1,2,520,1,850.0
60,3,1,2,2230.0,3060.0,1.3722,60,0,0,425,0,
60,3,1,2,2230.0,3810.0,1.7085,36,0,0,294,0,
60,3,1,2,2230.0,1150.0,0.5157,25,0,1,51,1,1110.0
60,3,1,2,2230.0,2600.0,1.1659,23,0,0,517,1,2550.0
60,3,1,2,2230.0,2270.0,1.0179,6,0,0,45,0,
60,3,1,2,2230.0,2080.0,0.9327,90,0,0,28,1,1940.0
60,3,1,2,2230.0,1670.0,0.7489,45,0,2,337,1,1670.0
60,3,1,2,2230.0,1450.0,0.6502,63,0,3,72,1,1450.0
60,3,1,2,2230.0,2020.0,0.9058,54,0,3,291,0,
60,3,1,2,2230.0,1880.0,0.843,103,0,5,110,0,
60,3,1,2,2230.0,2290.0,1.0269,100,0,0,0,1,2130.0
60,3,1,2,2230.0,1520.0,0.6816,101,0,3,509,1,1430.0
60,3,1,2,2230.0,2420.0,1.0852,72,0,0,259,1,2390.0
60,3,1,2,2230.0,1290.0,0.5785,59,0,1,52,1,1160.0
60,3,1,2,2230.0,2600.0,1.1659,58,0,8,319,1,2600.0
61,3,1,1,4470.0,4800.0,1.0738,94,1,1,228,1,4410.0
61,3,1,1,4470.0,4020.0,0.8993,53,1,1,446,1,3850.0
61,3,1,1,4470.0,3920.0,0.877,75,1,0,124,1,3720.0
61,3,1,1,4470.0,4400.0,0.9843,17,1,3,53,1,4400.0
61,3,1,1,4470.0,3810.0,0.8523,72,1,2,685,1,3580.0
61,3,1,1,4470.0,3940.0,0.8814,103,1,3,82,1,3900.0
61,3,1,1,4470.0,4320.0,0.9664,21,1,3,135,1,4180.0
61,3,1,1,4470.0,5260.0,1.1767,78,1,0,711,1,4660.0
61,3,1,1,4470.0,3520.0,0.7875,3,1,0,82,1,3520.0
61,3,1,1,4470.0,4830.0,1.0805,8,1,0,24,1,4830.0
61,3,1,1,4470.0,4650.0,1.0403,70,1,2,461,0,
61,3,1,1,4470.0,2800.0,0.6264,63,1,0,473,0,
61,3,1,1,4470.0,5180.0,1.1588,106,1,1,415,1,4990.0
61,3,1,1,4470.0,4720.0,1.0559,16,1,0,421,1,4640.0
61,3,1,1,4470.0,4350.0,0.9732,67,1,5,14,0,
62,2,2,1,1180.0,1060.0,0.8983,61,1,1,480,0,
62,2,2,1,1180.0,950.0,0.8051,22,1,1,16,1,940.0
62,2,2,1,1180.0,1270.0,1.0763,83,1,0,420,0,
62,2,2,1,1180.0,1340.0,1.1356,79,1,2,691,0,
62,2,2,1,1180.0,1160.0,0.9831,22,1,3,592,0,
62,2,2,1,1180.0,1260.0,1.0678,77,1,1,511,0,
62,2,2,1,1180.0,1000.0,0.8475,21,1,5,354,0,
62,2,2,1,1180.0,1560.0,1.322,92,1,1,377,0,
62,2,2,1,1180.0,1080.0,0.9153,39,1,3,38,1,1000.0
62,2,2,1,1180.0,1510.0,1.2797,105,1,1,676,1,1480.0
62,2,2,1,1180.0,1040.0,0.8814,46,1,3,370,0,
62,2,2,1,1180.0,730.0,0.6186,83,1,1,100,0,
62,2,2,1,1180.0,810.0,0.6864,18,1,0,48,1,800.0
62,2,2,1,1180.0,1210.0,1.0254,69,1,0,156,1,1140.0
62,2,2,1,1180.0,1010.0,0.8559,82,1,1,564,1,950.0
63,4,1,2,4740.0,3470.0,0.7321,55,0,1,381,1,3470.0
63,4,1,2,4740.0,5610.0,1.1835,4,0,0,598,0,
63,4,1,2,4740.0,5770.0,1.2173,22,0,0,150,1,5080.0
63,4,1,2,4740.0,8240.0,1.7384,87,0,5,201,0,
63,4,1,2,4740.0,5310.0,1.1203,52,0,0,277,1,5310.0
63,4,1,2,4740.0,4320.0,0.9114,11,0,2,671,1,4060.0
63,4,1,2,4740.0,7460.0,1.5738,51,0,2,382,1,7220.0
63,4,1,2,4740.0,9140.0,1.9283,69,0,0,106,1,7890.0
63,4,1,2,4740.0,5030.0,1.0612,87,0,3,575,1,4690.0
63,4,1,2,4740.0,5190.0,1.0949,70,0,2,20,1,4950.0
63,4,1,2,4740.0,5060.0,1.0675,33,0,1,678,1,4950.0
63,4,1,2,4740.0,4320.0,0.9114,78,0,5,565,1,3880.0
63,4,1,2,4740.0,4560.0,0.962,43,0,0,317,1,4350.0
63,4,1,2,4740.0,4750.0,1.0021,45,0,3,282,1,4750.0
63,4,1,2,4740.0,4880.0,1.0295,22,0,1,355,0,
64,5,1,3,4480.0,4280.0,0.9554,1,1,2,94,1,4130.0
64,5,1,3,4480.0,4330.0,0.9665,4,1,2,99,1,4040.0
64,5,1,3,4480.0,4480.0,1.0,44,1,0,446,1,4220.0
64,5,1,3,4480.0,4880.0,1.0893,106,1,2,244,1,4880.0
64,5,1,3,4480.0,3640.0,0.8125,2,1,1,453,1,3390.0
64,5,1,3,4480.0,3910.0,0.8728,97,1,1,243,1,3870.0
64,5,1,3,4480.0,3750.0,0.8371,51,1,3,502,1,3710.0
64,5,1,3,4480.0,4820.0,1.0759,33,1,2,31,1,4820.0
64,5,1,3,4480.0,3450.0,0.7701,24,1,3,302,1,3320.0
64,5,1,3,4480.0,3280.0,0.7321,67,1,5,191,1,3240.0
64,5,1,3,4480.0,5740.0,1.2812,29,1,0,513,1,5660.0
64,5,1,3,4480.0,2570.0,0.5737,84,1,2,168,1,2430.0
64,5,1,3,4480.0,4920.0,1.0982,45,1,0,296,1,4860.0
64,5,1,3,4480.0,5750.0,1.2835,96,1,1,456,1,5530.0
64,5,1,3,4480.0,3370.0,0.7522,63,1,8,320,1,3130.0
65,3,1,3,4850.0,5590.0,1.1526,42,0,1,157,1,5420.0
65,3,1,3,4850.0,2570.0,0.5299,76,0,8,182,1,2320.0
65,3,1,3,4850.0,5700.0,1.1753,2,0,0,630,1,5050.0
65,3,1,3,4850.0,3860.0,0.7959,29,0,3,424,1,3290.0
65,3,1,3,4850.0,5090.0,1.0495,1,0,8,665,0,
65,3,1,3,4850.0,5470.0,1.1278,42,0,1,416,0,
65,3,1,3,4850.0,4760.0,0.9814,34,0,2,297,0,
65,3,1,3,4850.0,2390.0,0.4928,37,0,2,108,1,2320.0
65,3,1,3,4850.0,3100.0,0.6392,100,0,1,119,1,3100.0
65,3,1,3,4850.0,6640.0,1.3691,13,0,1,273,1,6200.0
65,3,1,3,4850.0,2830.0,0.5835,32,0,0,281,1,2830.0
65,3,1,3,4850.0,4750.0,0.9794,15,0,1,597,1,4210.0
65,3,1,3,4850.0,6050.0,1.2474,86,0,0,646,1,5770.0
65,3,1,3,4850.0,4050.0,0.8351,70,0,5,207,1,3800.0
65,3,1,3,4850.0,4010.0,0.8268,88,0,2,679,1,3770.0
66,2,3,2,1090.0,1080.0,0.9908,14,1,2,624,1,990.0
66,2,3,2,1090.0,1060.0,0.9725,95,1,8,374,0,
66,2,3,2,1090.0,750.0,0.6881,47,1,0,85,0,
66,2,3,2,1090.0,1250.0,1.1468,104,1,2,441,0,
66,2,3,2,1090.0,1250.0,1.1468,28,1,0,542,1,1140.0
66,2,3,2,1090.0,1230.0,1.1284,1,1,5,119,0,
66,2,3,2,1090.0,1310.0,1.2018,72,1,8,60,0,
66,2,3,2,1090.0,980.0,0.8991,65,1,3,275,1,920.0
66,2,3,2,1090.0,1000.0,0.9174,44,1,1,328,1,980.0
66,2,3,2,1090.0,1030.0,0.945,70,1,2,287,1,970.0
66,2,3,2,1090.0,1470.0,1.3486,29,1,1,409,0,
66,2,3,2,1090.0,950.0,0.8716,92,1,8,431,0,
66,2,3,2,1090.0,1220.0,1.1193,104,1,8,5,0,
66,2,3,2,1090.0,780.0,0.7156,109,1,5,9,1,730.0
66,2,3,2,1090.0,1080.0,0.9908,56,1,0,718,0,
67,1,1,1,920.0,700.0,0.7609,88,0,1,715,1,690.0
67,1,1,1,920.0,1490.0,1.6196,3,0,3,636,0,
67,1,1,1,920.0,600.0,0.6522,12,0,5,642,1,550.0
67,1,1,1,920.0,930.0,1.0109,69,0,0,617,0,
67,1,1,1,920.0,770.0,0.837,64,0,3,96,0,
67,1,1,1,920.0,870.0,0.9457,70,0,0,367,0,
67,1,1,1,920.0,680.0,0.7391,56,0,3,265,0,
67,1,1,1,920.0,1400.0,1.5217,106,0,0,289,0,
67,1,1,1,920.0,1100.0,1.1957,89,0,2,703,1,1100.0
67,1,1,1,920.0,570.0,0.6196,37,0,0,38,1,570.0
67,1,1,1,920.0,1050.0,1.1413,57,0,2,348,0,
67,1,1,1,920.0,1280.0,1.3913,84,0,5,662,0,
67,1,1,1,920.0,560.0,0.6087,39,0,2,438,1,550.0
67,1,1,1,920.0,1600.0,1.7391,37,0,5,418,0,
67,1,1,1,920.0,620.0,0.6739,59,0,1,307,1,620.0
68,3,1,1,3120.0,4050.0,1.2981,57,1,2,627,1,3670.0
68,3,1,1,3120.0,3540.0,1.1346,42,1,1,583,1,3420.0
68,3,1,1,3120.0,3110.0,0.9968,11,1,3,577,1,2990.0
68,3,1,1,3120.0,5610.0,1.7981,50,1,1,187,0,
68,3,1,1,3120.0,4120.0,1.3205,92,1,1,17,1,4120.0
68,3,1,1,3120.0,1850.0,0.5929,72,1,2,240,1,1850.0
68,3,1,1,3120.0,2890.0,0.9263,72,1,1,130,0,
68,3,1,1,3120.0,3550.0,1.1378,104,1,2,566,0,
68,3,1,1,3120.0,2760.0,0.8846,52,1,0,358,1,2600.0
68,3,1,1,3120.0,2950.0,0.9455,70,1,2,620,1,2750.0
68,3,1,1,3120.0,3450.0,1.1058,91,1,3,30,0,
68,3,1,1,3120.0,3340.0,1.0705,63,1,0,140,1,3160.0
68,3,1,1,3120.0,3080.0,0.9872,33,1,2,583,1,2910.0
68,3,1,1,3120.0,3490.0,1.1186,13,1,0,213,1,3350.0
68,3,1,1,3120.0,3580.0,1.1474,2,1,0,445,1,3580.0
69,2,3,1,2500.0,3120.0,1.248,7,0,0,630,0,
69,2,3,1,2500.0,2020.0,0.808,104,0,2,386,0,
69,2,3,1,2500.0,2800.0,1.12,5,0,3,358,0,
69,2,3,1,2500.0,2820.0,1.128,43,0,5,191,0,
69,2,3,1,2500.0,2500.0,1.0,90,0,0,719,1,2350.0
69,2,3,1,2500.0,2280.0,0.912,84,0,0,528,1,2060.0
69,2,3,1,2500.0,2280.0,0.912,47,0,0,476,0,
69,2,3,1,2500.0,2980.0,1.192,49,0,0,700,0,
69,2,3,1,2500.0,2010.0,0.804,101,0,0,536,0,
69,2,3,1,2500.0,1330.0,0.532,83,0,0,292,1,1320.0
69,2,3,1,2500.0,2410.0,0.964,94,0,2,608,0,
69,2,3,1,2500.0,1730.0,0.692,16,0,2,426,0,
69,2,3,1,2500.0,2630.0,1.052,60,0,1,595,0,
69,2,3,1,2500.0,2280.0,0.912,46,0,1,122,1,2260.0
69,2,3,1,2500.0,1600.0,0.64,30,0,1,376,1,1450.0
70,3,1,2,3110.0,2910.0,0.9357,82,1,2,335,1,2600.0
70,3,1,2,3110.0,2360.0,0.7588,47,1,5,612,1,2280.0
70,3,1,2,3110.0,1720.0,0.5531,67,1,1,645,1,1650.0
70,3,1,2,3110.0,2240.0,0.7203,84,1,1,137,1,2230.0
70,3,1,2,3110.0,3000.0,0.9646,12,1,0,192,0,
70,3,1,2,3110.0,3350.0,1.0772,56,1,1,244,1,3180.0
70,3,1,2,3110.0,4040.0,1.299,66,1,5,145,0,
70,3,1,2,3110.0,2950.0,0.9486,61,1,2,366,0,
70,3,1,2,3110.0,2900.0,0.9325,16,1,3,449,1,2900.0
70,3,1,2,3110.0,2810.0,0.9035,72,1,1,163,1,2810.0
70,3,1,2,3110.0,4370.0,1.4051,59,1,2,591,0,
70,3,1,2,3110.0,1650.0,0.5305,78,1,5,396,1,1490.0
70,3,1,2,3110.0,4600.0,1.4791,12,1,0,321,0,
70,3,1,2,3110.0,2530.0,0.8135,98,1,2,9,1,2430.0
70,3,1,2,3110.0,3390.0,1.09,5,1,1,693,1,3170.0
71,3,1,2,3460.0,3670.0,1.0607,104,0,1,1,0,
71,3,1,2,3460.0,2740.0,0.7919,64,0,1,690,1,2740.0
71,3,1,2,3460.0,5890.0,1.7023,35,0,1,386,0,
71,3,1,2,3460.0,2790.0,0.8064,89,0,1,42,1,2510.0
71,3,1,2,3460.0,2750.0,0.7948,17,0,3,261,1,2580.0
71,3,1,2,3460.0,3390.0,0.9798,29,0,3,562,0,
71,3,1,2,3460.0,4080.0,1.1792,17,0,0,366,1,3890.0
71,3,1,2,3460.0,3230.0,0.9335,79,0,1,65,1,3210.0
71,3,1,2,3460.0,3230.0,0.9335,42,0,8,557,1,3230.0
71,3,1,2,3460.0,2630.0,0.7601,59,0,1,450,1,2630.0
71,3,1,2,3460.0,2760.0,0.7977,65,0,3,359,0,
71,3,1,2,3460.0,1880.0,0.5434,86,0,2,108,1,1800.0
71,3,1,2,3460.0,5110.0,1.4769,69,0,3,578,0,
71,3,1,2,3460.0,2910.0,0.841,75,0,8,315,0,
71,3,1,2,3460.0,2870.0,0.8295,36,0,1,306,1,2770.0
72,3,1,3,1520.0,930.0,0.6118,28,0,0,699,1,860.0
72,3,1,3,1520.0,1760.0,1.1579,106,0,5,582,0,
72,3,1,3,1520.0,1420.0,0.9342,54,0,2,478,1,1420.0
72,3,1,3,1520.0,1830.0,1.2039,72,0,1,48,1,1800.0
72,3,1,3,1520.0,2270.0,1.4934,96,0,2,67,1,2270.0
72,3,1,3,1520.0,3430.0,2.2566,99,0,2,118,0,
72,3,1,3,1520.0,1570.0,1.0329,5,0,2,198,0,
72,3,1,3,1520.0,1110.0,0.7303,100,0,5,10,0,
72,3,1,3,1520.0,1970.0,1.2961,78,0,5,333,0,
72,3,1,3,1520.0,1450.0,0.9539,64,0,3,586,0,
72,3,1,3,1520.0,1090.0,0.7171,109,0,1,23,1,1060.0
72,3,1,3,1520.0,1490.0,0.9803,60,0,3,211,1,1420.0
72,3,1,3,1520.0,1490.0,0.9803,82,0,1,715,1,1490.0
72,3,1,3,1520.0,1470.0,0.9671,36,0,1,515,1,1370.0
72,3,1,3,1520.0,1340.0,0.8816,78,0,0,491,0,
73,1,2,1,1100.0,1120.0,1.0182,89,1,3,200,0,
73,1,2,1,1100.0,1180.0,1.0727,25,1,2,498,0,
73,1,2,1,1100.0,930.0,0.8455,110,1,0,600,1,920.0
73,1,2,1,1100.0,1150.0,1.0455,36,1,5,188,0,
73,1,2,1,1100.0,1240.0,1.1273,14,1,5,239,0,
73,1,2,1,1100.0,980.0,0.8909,22,1,0,138,0,
73,1,2,1,1100.0,1100.0,1.0,103,1,2,183,1,1020.0
73,1,2,1,1100.0,860.0,0.7818,89,1,1,448,0,
73,1,2,1,1100.0,950.0,0.8636,50,1,1,156,1,920.0
73,1,2,1,1100.0,1110.0,1.0091,40,1,1,360,0,
73,1,2,1,1100.0,1350.0,1.2273,22,1,8,327,0,
73,1,2,1,1100.0,1690.0,1.5364,86,1,5,598,0,
73,1,2,1,1100.0,990.0,0.9,17,1,8,275,1,960.0
73,1,2,1,1100.0,870.0,0.7909,31,1,0,413,1,840.0
73,1,2,1,1100.0,1090.0,0.9909,29,1,2,522,0,
74,1,1,1,1660.0,1210.0,0.7289,106,1,1,178,1,1150.0
74,1,1,1,1660.0,1300.0,0.7831,92,1,0,5,1,1300.0
74,1,1,1,1660.0,1530.0,0.9217,42,1,0,641,0,
74,1,1,1,1660.0,1570.0,0.9458,73,1,2,314,1,1560.0
74,1,1,1,1660.0,1340.0,0.8072,98,1,0,383,0,
74,1,1,1,1660.0,1750.0,1.0542,71,1,5,42,0,
74,1,1,1,1660.0,1110.0,0.6687,98,1,0,128,0,
74,1,1,1,1660.0,1620.0,0.9759,10,1,3,133,1,1620.0
74,1,1,1,1660.0,1620.0,0.9759,92,1,8,296,0,
74,1,1,1,1660.0,1460.0,0.8795,39,1,3,588,0,
74,1,1,1,1660.0,1610.0,0.9699,90,1,0,459,0,
74,1,1,1,1660.0,1760.0,1.0602,32,1,5,696,1,1660.0
74,1,1,1,1660.0,1670.0,1.006,66,1,0,197,0,
74,1,1,1,1660.0,870.0,0.5241,92,1,0,611,1,860.0
74,1,1,1,1660.0,1370.0,0.8253,55,1,5,80,0,
75,4,2,3,4280.0,2930.0,0.6846,40,0,8,357,0,
75,4,2,3,4280.0,3300.0,0.771,3,0,3,249,0,
75,4,2,3,4280.0,6920.0,1.6168,46,0,0,135,1,6740.0
75,4,2,3,4280.0,3700.0,0.8645,74,0,3,293,1,3670.0
75,4,2,3,4280.0,5440.0,1.271,15,0,0,332,1,4690.0
75,4,2,3,4280.0,5700.0,1.3318,98,0,5,399,1,5330.0
75,4,2,3,4280.0,3270.0,0.764,64,0,0,522,1,3190.0
75,4,2,3,4280.0,4930.0,1.1519,94,0,8,634,0,
75,4,2,3,4280.0,2730.0,0.6379,30,0,1,676,1,2730.0
75,4,2,3,4280.0,2350.0,0.5491,15,0,0,376,1,2200.0
75,4,2,3,4280.0,5060.0,1.1822,55,0,5,513,1,4980.0
75,4,2,3,4280.0,6650.0,1.5537,49,0,2,73,0,
75,4,2,3,4280.0,4640.0,1.0841,55,0,1,159,1,4640.0
75,4,2,3,4280.0,3540.0,0.8271,49,0,0,667,1,3390.0
75,4,2,3,4280.0,3280.0,0.7664,16,0,0,234,1,3200.0
76,3,1,2,4580.0,6360.0,1.3886,29,1,8,518,0,
76,3,1,2,4580.0,3350.0,0.7314,27,1,1,694,1,3350.0
76,3,1,2,4580.0,5480.0,1.1965,75,1,0,699,1,5360.0
76,3,1,2,4580.0,3500.0,0.7642,49,1,0,598,0,
76,3,1,2,4580.0,3830.0,0.8362,39,1,5,71,1,3540.0
76,3,1,2,4580.0,5410.0,1.1812,41,1,1,362,1,5130.0
76,3,1,2,4580.0,3910.0,0.8537,67,1,1,708,1,3830.0
76,3,1,2,4580.0,3990.0,0.8712,15,1,0,683,1,3820.0
76,3,1,2,4580.0,5520.0,1.2052,97,1,5,376,1,5520.0
76,3,1,2,4580.0,5470.0,1.1943,110,1,0,317,0,
76,3,1,2,4580.0,3960.0,0.8646,88,1,0,153,0,
76,3,1,2,4580.0,3340.0,0.7293,37,1,0,206,1,2950.0
76,3,1,2,4580.0,4160.0,0.9083,78,1,5,95,0,
76,3,1,2,4580.0,6350.0,1.3865,97,1,5,186,1,6170.0
76,3,1,2,4580.0,5070.0,1.107,95,1,1,168,1,4880.0
77,3,1,2,3580.0,4000.0,1.1173,46,1,5,233,0,
77,3,1,2,3580.0,4350.0,1.2151,38,1,5,593,0,
77,3,1,2,3580.0,4320.0,1.2067,110,1,5,714,0,
77,3,1,2,3580.0,2480.0,0.6927,80,1,3,393,1,2390.0
77,3,1,2,3580.0,2730.0,0.7626,94,1,0,208,1,2670.0
77,3,1,2,3580.0,5030.0,1.405,32,1,3,41,0,
77,3,1,2,3580.0,3190.0,0.8911,110,1,1,497,0,
77,3,1,2,3580.0,4400.0,1.2291,65,1,3,27,0,
77,3,1,2,3580.0,2560.0,0.7151,50,1,2,147,1,2550.0
77,3,1,2,3580.0,2050.0,0.5726,2,1,1,129,1,1880.0
77,3,1,2,3580.0,4010.0,1.1201,61,1,1,471,1,3790.0
77,3,1,2,3580.0,3570.0,0.9972,75,1,2,417,1,3440.0
77,3,1,2,3580.0,3870.0,1.081,83,1,1,418,1,3870.0
77,3,1,2,3580.0,3700.0,1.0335,72,1,5,411,0,
77,3,1,2,3580.0,3180.0,0.8883,10,1,0,341,1,3010.0
78,3,1,2,1810.0,1360.0,0.7514,81,0,2,472,1,1230.0
78,3,1,2,1810.0,1890.0,1.0442,71,0,0,297,1,1860.0
78,3,1,2,1810.0,1260.0,0.6961,74,0,1,653,0,
78,3,1,2,1810.0,1660.0,0.9171,58,0,0,624,1,1620.0
78,3,1,2,1810.0,2490.0,1.3757,38,0,1,517,0,
78,3,1,2,1810.0,1350.0,0.7459,56,0,0,575,1,1350.0
78,3,1,2,1810.0,1870.0,1.0331,70,0,1,394,0,
78,3,1,2,1810.0,1340.0,0.7403,35,0,3,206,1,1170.0
78,3,1,2,1810.0,820.0,0.453,44,0,2,34,1,770.0
78,3,1,2,1810.0,1660.0,0.9171,60,0,3,22,1,1660.0
78,3,1,2,1810.0,1690.0,0.9337,9,0,0,522,1,1690.0
78,3,1,2,1810.0,2080.0,1.1492,23,0,0,655,1,1960.0
78,3,1,2,1810.0,2610.0,1.442,34,0,0,473,0,
78,3,1,2,1810.0,1900.0,1.0497,65,0,2,412,1,1760.0
78,3,1,2,1810.0,2320.0,1.2818,23,0,3,160,0,
79,2,3,1,1890.0,1820.0,0.963,10,0,1,553,1,1820.0
79,2,3,1,1890.0,2310.0,1.2222,66,0,1,456,1,2230.0
79,2,3,1,1890.0,2680.0,1.418,63,0,2,277,0,
79,2,3,1,1890.0,1330.0,0.7037,102,0,3,533,0,
79,2,3,1,1890.0,1260.0,0.6667,106,0,0,224,1,1260.0
79,2,3,1,1890.0,1500.0,0.7937,1,0,0,70,1,1500.0
79,2,3,1,1890.0,2690.0,1.4233,104,0,5,528,0,
79,2,3,1,1890.0,1570.0,0.8307,54,0,5,401,0,
79,2,3,1,1890.0,2750.0,1.455,80,0,2,396,0,
79,2,3,1,1890.0,2130.0,1.127,62,0,0,247,0,
79,2,3,1,1890.0,1490.0,0.7884,23,0,1,367,1,1380.0
79,2,3,1,1890.0,2070.0,1.0952,23,0,1,608,0,
79,2,3,1,1890.0,1180.0,0.6243,23,0,1,196,0,
79,2,3,1,1890.0,1870.0,0.9894,17,0,2,492,1,1830.0
79,2,3,1,1890.0,1890.0,1.0,60,0,1,396,1,1830.0
80,2,2,1,2630.0,1810.0,0.6882,38,0,1,392,1,1720.0
80,2,2,1,2630.0,2830.0,1.076,92,0,0,37,0,
80,2,2,1,2630.0,3600.0,1.3688,88,0,1,501,0,
80,2,2,1,2630.0,2350.0,0.8935,102,0,2,57,0,
80,2,2,1,2630.0,1750.0,0.6654,65,0,1,255,1,1740.0
80,2,2,1,2630.0,1970.0,0.749,59,0,5,461,1,1940.0
80,2,2,1,2630.0,2290.0,0.8707,71,0,8,242,0,
80,2,2,1,2630.0,1830.0,0.6958,76,0,2,165,1,1830.0
80,2,2,1,2630.0,3180.0,1.2091,26,0,0,410,0,
80,2,2,1,2630.0,1910.0,0.7262,25,0,0,277,1,1910.0
80,2,2,1,2630.0,2320.0,0.8821,9,0,5,232,0,
80,2,2,1,2630.0,2210.0,0.8403,34,0,5,222,1,2210.0
80,2,2,1,2630.0,4270.0,1.6236,40,0,0,522,0,
80,2,2,1,2630.0,3740.0,1.4221,2,0,0,91,0,
80,2,2,1,2630.0,2530.0,0.962,20,0,0,175,1,2410.0
81,1,3,1,1800.0,2590.0,1.4389,14,1,2,125,0,
81,1,3,1,1800.0,1530.0,0.85,67,1,0,306,0,
81,1,3,1,1800.0,1440.0,0.8,37,1,2,54,1,1360.0
81,1,3,1,1800.0,1500.0,0.8333,50,1,1,37,0,
81,1,3,1,1800.0,1840.0,1.0222,43,1,5,327,0,
81,1,3,1,1800.0,1710.0,0.95,2,1,1,572,1,1560.0
81,1,3,1,1800.0,2050.0,1.1389,4,1,3,225,0,
81,1,3,1,1800.0,1620.0,0.9,78,1,8,604,0,
81,1,3,1,1800.0,2590.0,1.4389,19,1,1,713,0,
81,1,3,1,1800.0,1570.0,0.8722,3,1,5,609,0,
81,1,3,1,1800.0,2660.0,1.4778,22,1,0,515,0,
81,1,3,1,1800.0,1590.0,0.8833,43,1,1,537,0,
81,1,3,1,1800.0,1880.0,1.0444,106,1,0,190,0,
81,1,3,1,1800.0,2270.0,1.2611,65,1,3,336,0,
81,1,3,1,1800.0,1430.0,0.7944,88,1,1,329,1,1380.0
82,1,2,1,1360.0,1570.0,1.1544,57,1,0,594,0,
82,1,2,1,1360.0,1900.0,1.3971,62,1,1,13,0,
82,1,2,1,1360.0,850.0,0.625,32,1,3,311,0,
82,1,2,1,1360.0,1290.0,0.9485,54,1,3,75,0,
82,1,2,1,1360.0,960.0,0.7059,88,1,1,112,1,890.0
82,1,2,1,1360.0,1380.0,1.0147,11,1,1,543,0,
82,1,2,1,1360.0,1240.0,0.9118,23,1,3,402,0,
82,1,2,1,1360.0,820.0,0.6029,81,1,3,619,0,
82,1,2,1,1360.0,2830.0,2.0809,7,1,0,256,0,
82,1,2,1,1360.0,1200.0,0.8824,109,1,8,393,0,
82,1,2,1,1360.0,1410.0,1.0368,21,1,1,400,0,
82,1,2,1,1360.0,940.0,0.6912,68,1,5,185,0,
82,1,2,1,1360.0,1220.0,0.8971,94,1,2,127,1,1220.0
82,1,2,1,1360.0,1460.0,1.0735,84,1,1,694,1,1460.0
82,1,2,1,1360.0,820.0,0.6029,26,1,0,49,1,780.0
83,3,3,1,2260.0,1240.0,0.5487,61,0,1,288,1,1200.0
83,3,3,1,2260.0,1790.0,0.792,80,0,3,433,0,
83,3,3,1,2260.0,2860.0,1.2655,92,0,5,416,0,
83,3,3,1,2260.0,2020.0,0.8938,44,0,3,460,0,
83,3,3,1,2260.0,2220.0,0.9823,31,0,1,701,1,2150.0
83,3,3,1,2260.0,2220.0,0.9823,13,0,0,584,0,
83,3,3,1,2260.0,1800.0,0.7965,20,0,5,579,1,1550.0
83,3,3,1,2260.0,2010.0,0.8894,78,0,8,360,0,
83,3,3,1,2260.0,2150.0,0.9513,25,0,0,256,0,
83,3,3,1,2260.0,1260.0,0.5575,15,0,0,195,1,1230.0
83,3,3,1,2260.0,2070.0,0.9159,64,0,5,558,0,
83,3,3,1,2260.0,1950.0,0.8628,104,0,5,224,0,
83,3,3,1,2260.0,3280.0,1.4513,77,0,2,117,0,
83,3,3,1,2260.0,2250.0,0.9956,96,0,2,233,1,2240.0
83,3,3,1,2260.0,1800.0,0.7965,105,0,1,112,1,1720.0
84,2,1,2,1310.0,1190.0,0.9084,61,0,5,326,1,1190.0
84,2,1,2,1310.0,1120.0,0.855,101,0,1,49,1,1120.0
84,2,1,2,1310.0,1540.0,1.1756,34,0,3,599,0,
84,2,1,2,1310.0,930.0,0.7099,45,0,0,581,1,870.0
84,2,1,2,1310.0,1570.0,1.1985,91,0,5,426,0,
84,2,1,2,1310.0,1140.0,0.8702,89,0,3,580,1,1100.0
84,2,1,2,1310.0,860.0,0.6565,87,0,2,507,1,860.0
84,2,1,2,1310.0,1500.0,1.145,23,0,1,209,0,
84,2,1,2,1310.0,2120.0,1.6183,59,0,0,92,0,
84,2,1,2,1310.0,1450.0,1.1069,15,0,3,172,1,1450.0
84,2,1,2,1310.0,1440.0,1.0992,35,0,0,286,0,
84,2,1,2,1310.0,1210.0,0.9237,82,0,0,12,0,
84,2,1,2,1310.0,1320.0,1.0076,38,0,2,365,1,1260.0
84,2,1,2,1310.0,1200.0,0.916,108,0,0,220,1,1200.0
84,2,1,2,1310.0,1430.0,1.0916,54,0,5,569,0,
85,2,3,2,2130.0,1990.0,0.9343,12,1,0,69,1,1990.0
85,2,3,2,2130.0,2400.0,1.1268,40,1,1,555,1,2330.0
85,2,3,2,2130.0,2980.0,1.3991,103,1,5,427,0,
85,2,3,2,2130.0,2370.0,1.1127,93,1,1,299,0,
85,2,3,2,2130.0,2530.0,1.1878,73,1,0,532,1,2360.0
85,2,3,2,2130.0,1710.0,0.8028,71,1,0,183,1,1700.0
85,2,3,2,2130.0,2680.0,1.2582,86,1,0,559,0,
85,2,3,2,2130.0,1020.0,0.4789,58,1,2,560,1,1010.0
85,2,3,2,2130.0,3610.0,1.6948,6,1,1,132,0,
85,2,3,2,2130.0,3900.0,1.831,79,1,0,338,0,
85,2,3,2,2130.0,1600.0,0.7512,51,1,0,582,1,1600.0
85,2,3,2,2130.0,1390.0,0.6526,101,1,1,621,1,1390.0
85,2,3,2,2130.0,2560.0,1.2019,12,1,1,668,0,
85,2,3,2,2130.0,1850.0,0.8685,68,1,1,381,1,1850.0
85,2,3,2,2130.0,1800.0,0.8451,14,1,3,257,1,1720.0
86,4,1,3,5000.0,7290.0,1.458,36,1,5,717,0,
86,4,1,3,5000.0,5190.0,1.038,91,1,1,333,1,4950.0
86,4,1,3,5000.0,5300.0,1.06,76,1,0,74,1,5000.0
86,4,1,3,5000.0,2920.0,0.584,101,1,1,308,1,2700.0
86,4,1,3,5000.0,4950.0,0.99,84,1,2,311,1,4910.0
86,4,1,3,5000.0,3580.0,0.716,16,1,0,347,1,3580.0
86,4,1,3,5000.0,4640.0,0.928,18,1,0,701,1,4510.0
86,4,1,3,5000.0,3650.0,0.73,44,1,0,690,1,3650.0
86,4,1,3,5000.0,4450.0,0.89,9,1,0,279,1,4300.0
86,4,1,3,5000.0,3710.0,0.742,79,1,5,201,1,3710.0
86,4,1,3,5000.0,3590.0,0.718,62,1,1,616,1,3550.0
86,4,1,3,5000.0,5110.0,1.022,9,1,2,72,1,4960.0
86,4,1,3,5000.0,4040.0,0.808,1,1,8,570,0,
86,4,1,3,5000.0,6150.0,1.23,72,1,0,320,1,5680.0
86,4,1,3,5000.0,3570.0,0.714,110,1,3,26,1,3570.0
87,3,1,2,2840.0,3140.0,1.1056,104,1,0,491,1,3020.0
87,3,1,2,2840.0,2130.0,0.75,69,1,0,196,1,2010.0
87,3,1,2,2840.0,3980.0,1.4014,65,1,2,67,0,
87,3,1,2,2840.0,3660.0,1.2887,14,1,1,649,1,3620.0
87,3,1,2,2840.0,2500.0,0.8803,69,1,0,441,1,2500.0
87,3,1,2,2840.0,2670.0,0.9401,52,1,2,652,1,2670.0
87,3,1,2,2840.0,3160.0,1.1127,57,1,3,248,1,3160.0
87,3,1,2,2840.0,2870.0,1.0106,23,1,1,254,1,2870.0
87,3,1,2,2840.0,2490.0,0.8768,92,1,1,455,1,2490.0
87,3,1,2,2840.0,2220.0,0.7817,103,1,0,66,1,2060.0
87,3,1,2,2840.0,3080.0,1.0845,25,1,3,180,0,
87,3,1,2,2840.0,2470.0,0.8697,98,1,1,568,1,2460.0
87,3,1,2,2840.0,2070.0,0.7289,82,1,1,478,1,1980.0
87,3,1,2,2840.0,1860.0,0.6549,90,1,1,585,0,
87,3,1,2,2840.0,3220.0,1.1338,24,1,1,548,0,
88,3,1,2,2410.0,1840.0,0.7635,36,1,1,557,1,1690.0
88,3,1,2,2410.0,1880.0,0.7801,92,1,0,144,1,1880.0
88,3,1,2,2410.0,2090.0,0.8672,82,1,2,504,1,2040.0
88,3,1,2,2410.0,1720.0,0.7137,81,1,1,131,1,1710.0
88,3,1,2,2410.0,2390.0,0.9917,69,1,0,410,1,2290.0
88,3,1,2,2410.0,1850.0,0.7676,6,1,1,67,1,1850.0
88,3,1,2,2410.0,2120.0,0.8797,47,1,1,331,1,2090.0
88,3,1,2,2410.0,1910.0,0.7925,98,1,3,676,1,1840.0
88,3,1,2,2410.0,2840.0,1.1784,28,1,1,144,1,2840.0
88,3,1,2,2410.0,1990.0,0.8257,8,1,0,583,0,
88,3,1,2,2410.0,1910.0,0.7925,44,1,1,316,1,1860.0
88,3,1,2,2410.0,2530.0,1.0498,14,1,5,191,0,
88,3,1,2,2410.0,1160.0,0.4813,60,1,3,618,1,1150.0
88,3,1,2,2410.0,2120.0,0.8797,96,1,2,307,1,1990.0
88,3,1,2,2410.0,2710.0,1.1245,23,1,8,524,0,
89,1,1,1,830.0,720.0,0.8675,66,0,0,227,1,720.0
89,1,1,1,830.0,860.0,1.0361,89,0,0,426,0,
89,1,1,1,830.0,930.0,1.1205,102,0,2,255,0,
89,1,1,1,830.0,1130.0,1.3614,104,0,1,687,0,
89,1,1,1,830.0,840.0,1.012,12,0,5,316,0,
89,1,1,1,830.0,530.0,0.6386,5,0,0,553,1,480.0
89,1,1,1,830.0,990.0,1.1928,33,0,1,74,0,
89,1,1,1,830.0,1510.0,1.8193,71,0,0,88,0,
89,1,1,1,830.0,820.0,0.988,68,0,0,510,0,
89,1,1,1,830.0,610.0,0.7349,80,0,5,673,0,
89,1,1,1,830.0,650.0,0.7831,56,0,0,686,0,
89,1,1,1,830.0,480.0,0.5783,34,0,1,344,0,
89,1,1,1,830.0,810.0,0.9759,6,0,0,9,0,
89,1,1,1,830.0,530.0,0.6386,53,0,2,283,1,530.0
89,1,1,1,830.0,520.0,0.6265,61,0,8,64,0,
90,2,2,1,1580.0,1450.0,0.9177,59,0,0,648,0,
90,2,2,1,1580.0,1780.0,1.1266,107,0,0,690,0,
90,2,2,1,1580.0,1530.0,0.9684,98,0,1,192,1,1510.0
90,2,2,1,1580.0,1350.0,0.8544,62,0,1,118,1,1280.0
90,2,2,1,1580.0,1690.0,1.0696,61,0,5,172,0,
90,2,2,1,1580.0,2260.0,1.4304,27,0,0,342,0,
90,2,2,1,1580.0,2420.0,1.5316,70,0,2,481,0,
90,2,2,1,1580.0,1010.0,0.6392,110,0,0,225,1,940.0
90,2,2,1,1580.0,2030.0,1.2848,25,0,5,53,0,
90,2,2,1,1580.0,1420.0,0.8987,65,0,8,280,0,
90,2,2,1,1580.0,1890.0,1.1962,46,0,0,712,1,1890.0
90,2,2,1,1580.0,2090.0,1.3228,102,0,2,636,0,
90,2,2,1,1580.0,1980.0,1.2532,51,0,3,28,1,1980.0
90,2,2,1,1580.0,950.0,0.6013,1,0,0,583,0,
90,2,2,1,1580.0,1200.0,0.7595,33,0,0,190,1,1200.0
91,3,1,3,2630.0,2230.0,0.8479,91,1,1,582,1,2210.0
91,3,1,3,2630.0,1700.0,0.6464,9,1,5,173,1,1640.0
91,3,1,3,2630.0,2490.0,0.9468,31,1,3,490,1,2470.0
91,3,1,3,2630.0,2220.0,0.8441,74,1,5,228,1,2140.0
91,3,1,3,2630.0,2200.0,0.8365,59,1,5,532,1,2040.0
91,3,1,3,2630.0,2100.0,0.7985,101,1,0,644,1,1970.0
91,3,1,3,2630.0,1550.0,0.5894,17,1,1,480,1,1540.0
91,3,1,3,2630.0,2830.0,1.076,31,1,1,597,1,2780.0
91,3,1,3,2630.0,2250.0,0.8555,66,1,1,392,1,2250.0
91,3,1,3,2630.0,3380.0,1.2852,45,1,3,200,1,3380.0
91,3,1,3,2630.0,2720.0,1.0342,75,1,2,479,1,2530.0
91,3,1,3,2630.0,1780.0,0.6768,99,1,1,331,1,1670.0
91,3,1,3,2630.0,2260.0,0.8593,92,1,0,600,1,2260.0
91,3,1,3,2630.0,2890.0,1.0989,22,1,0,15,1,2890.0
91,3,1,3,2630.0,2080.0,0.7909,26,1,0,714,1,1860.0
92,3,3,1,2140.0,2410.0,1.1262,55,0,0,267,1,2260.0
92,3,3,1,2140.0,1550.0,0.7243,23,0,3,166,1,1550.0
92,3,3,1,2140.0,2340.0,1.0935,28,0,3,97,0,
92,3,3,1,2140.0,1480.0,0.6916,87,0,2,414,1,1450.0
92,3,3,1,2140.0,1470.0,0.6869,27,0,3,585,1,1400.0
92,3,3,1,2140.0,1630.0,0.7617,94,0,2,121,1,1600.0
92,3,3,1,2140.0,1630.0,0.7617,110,0,1,325,1,1610.0
92,3,3,1,2140.0,2340.0,1.0935,55,0,3,95,0,
92,3,3,1,2140.0,1210.0,0.5654,31,0,0,361,1,1100.0
92,3,3,1,2140.0,1620.0,0.757,66,0,8,320,0,
92,3,3,1,2140.0,2340.0,1.0935,22,0,1,115,1,2300.0
92,3,3,1,2140.0,3690.0,1.7243,67,0,0,275,1,3690.0
92,3,3,1,2140.0,2240.0,1.0467,86,0,2,706,1,2120.0
92,3,3,1,2140.0,2150.0,1.0047,95,0,1,461,1,2150.0
92,3,3,1,2140.0,2280.0,1.0654,38,0,0,94,0,
93,2,1,1,1100.0,1270.0,1.1545,103,1,3,166,0,
93,2,1,1,1100.0,770.0,0.7,62,1,8,376,0,
93,2,1,1,1100.0,840.0,0.7636,70,1,8,30,0,
93,2,1,1,1100.0,670.0,0.6091,10,1,5,474,1,670.0
93,2,1,1,1100.0,1020.0,0.9273,57,1,5,247,0,
93,2,1,1,1100.0,840.0,0.7636,34,1,0,652,1,800.0
93,2,1,1,1100.0,1040.0,0.9455,56,1,5,235,0,
93,2,1,1,1100.0,1190.0,1.0818,79,1,1,441,0,
93,2,1,1,1100.0,1430.0,1.3,30,1,2,575,1,1300.0
93,2,1,1,1100.0,980.0,0.8909,11,1,1,28,0,
93,2,1,1,1100.0,1750.0,1.5909,61,1,0,700,0,
93,2,1,1,1100.0,1290.0,1.1727,55,1,0,512,1,1210.0
93,2,1,1,1100.0,1780.0,1.6182,29,1,2,487,0,
93,2,1,1,1100.0,1190.0,1.0818,106,1,5,32,0,
93,2,1,1,1100.0,710.0,0.6455,13,1,2,454,1,710.0
94,4,1,1,8680.0,6390.0,0.7362,22,0,2,241,1,5870.0
94,4,1,1,8680.0,8790.0,1.0127,100,0,0,119,1,8250.0
94,4,1,1,8680.0,7170.0,0.826,49,0,1,601,1,6310.0
94,4,1,1,8680.0,8010.0,0.9228,96,0,2,137,1,8010.0
94,4,1,1,8680.0,13650.0,1.5726,32,0,2,238,0,
94,4,1,1,8680.0,6880.0,0.7926,95,0,3,53,0,
94,4,1,1,8680.0,6310.0,0.727,94,0,0,39,1,6310.0
94,4,1,1,8680.0,6460.0,0.7442,82,0,3,610,1,6120.0
94,4,1,1,8680.0,8060.0,0.9286,96,0,3,556,1,7700.0
94,4,1,1,8680.0,6580.0,0.7581,1,0,0,49,1,6270.0
94,4,1,1,8680.0,6150.0,0.7085,43,0,3,284,1,6060.0
94,4,1,1,8680.0,5390.0,0.621,28,0,0,69,1,5390.0
94,4,1,1,8680.0,4970.0,0.5726,64,0,5,93,1,4970.0
94,4,1,1,8680.0,7510.0,0.8652,86,0,5,711,1,7510.0
94,4,1,1,8680.0,9680.0,1.1152,5,0,2,421,1,9680.0
95,2,2,2,2700.0,2180.0,0.8074,64,0,8,468,1,2130.0
95,2,2,2,2700.0,2580.0,0.9556,39,0,1,371,0,
95,2,2,2,2700.0,3210.0,1.1889,87,0,1,1,0,
95,2,2,2,2700.0,1670.0,0.6185,84,0,1,16,0,
95,2,2,2,2700.0,1970.0,0.7296,51,0,2,446,1,1700.0
95,2,2,2,2700.0,5380.0,1.9926,13,0,2,171,0,
95,2,2,2,2700.0,2920.0,1.0815,42,0,2,665,1,2770.0
95,2,2,2,2700.0,3070.0,1.137,44,0,2,376,0,
95,2,2,2,2700.0,2090.0,0.7741,11,0,3,419,0,
95,2,2,2,2700.0,1510.0,0.5593,99,0,1,50,1,1330.0
95,2,2,2,2700.0,2210.0,0.8185,89,0,1,212,0,
95,2,2,2,2700.0,2350.0,0.8704,97,0,0,471,1,2180.0
95,2,2,2,2700.0,1760.0,0.6519,33,0,1,598,0,
95,2,2,2,2700.0,2290.0,0.8481,50,0,1,467,1,2280.0
95,2,2,2,2700.0,2870.0,1.063,11,0,1,389,0,
96,5,1,2,6820.0,4330.0,0.6349,20,0,3,631,1,4330.0
96,5,1,2,6820.0,5720.0,0.8387,107,0,8,596,0,
96,5,1,2,6820.0,6780.0,0.9941,27,0,1,114,1,6330.0
96,5,1,2,6820.0,5700.0,0.8358,61,0,3,388,1,5700.0
96,5,1,2,6820.0,6860.0,1.0059,100,0,1,35,1,6740.0
96,5,1,2,6820.0,6080.0,0.8915,18,0,3,538,1,5880.0
96,5,1,2,6820.0,6570.0,0.9633,62,0,0,557,1,6140.0
96,5,1,2,6820.0,4890.0,0.717,89,0,0,687,1,4800.0
96,5,1,2,6820.0,7140.0,1.0469,105,0,1,229,1,6730.0
96,5,1,2,6820.0,4680.0,0.6862,3,0,2,470,1,4680.0
96,5,1,2,6820.0,5400.0,0.7918,2,0,0,325,1,5280.0
96,5,1,2,6820.0,8440.0,1.2375,23,0,1,74,1,7610.0
96,5,1,2,6820.0,5810.0,0.8519,9,0,1,693,1,5510.0
96,5,1,2,6820.0,9640.0,1.4135,23,0,1,253,1,9000.0
96,5,1,2,6820.0,8940.0,1.3109,15,0,1,274,1,8810.0
97,2,1,2,2780.0,2540.0,0.9137,49,1,1,139,1,2390.0
97,2,1,2,2780.0,3260.0,1.1727,77,1,1,488,0,
97,2,1,2,2780.0,1800.0,0.6475,95,1,1,107,1,1750.0
97,2,1,2,2780.0,2120.0,0.7626,103,1,3,431,0,
97,2,1,2,2780.0,2790.0,1.0036,42,1,0,96,1,2790.0
97,2,1,2,2780.0,2230.0,0.8022,46,1,5,279,0,
97,2,1,2,2780.0,2070.0,0.7446,68,1,0,416,1,2070.0
97,2,1,2,2780.0,2040.0,0.7338,34,1,3,156,1,2040.0
97,2,1,2,2780.0,1850.0,0.6655,90,1,3,466,1,1810.0
97,2,1,2,2780.0,2270.0,0.8165,31,1,1,78,1,2270.0
97,2,1,2,2780.0,4110.0,1.4784,63,1,1,61,0,
97,2,1,2,2780.0,2820.0,1.0144,99,1,5,313,1,2820.0
97,2,1,2,2780.0,3020.0,1.0863,79,1,3,345,0,
97,2,1,2,2780.0,2180.0,0.7842,5,1,2,483,0,
97,2,1,2,2780.0,2810.0,1.0108,56,1,0,561,1,2810.0
98,4,3,2,7200.0,6320.0,0.8778,84,1,2,633,0,
98,4,3,2,7200.0,7050.0,0.9792,7,1,1,681,1,6940.0
98,4,3,2,7200.0,5570.0,0.7736,62,1,0,275,1,5170.0
98,4,3,2,7200.0,6720.0,0.9333,76,1,2,579,0,
98,4,3,2,7200.0,6410.0,0.8903,75,1,8,573,0,
98,4,3,2,7200.0,7690.0,1.0681,86,1,5,203,1,7460.0
98,4,3,2,7200.0,7540.0,1.0472,70,1,2,620,0,
98,4,3,2,7200.0,5520.0,0.7667,52,1,0,411,0,
98,4,3,2,7200.0,5160.0,0.7167,11,1,0,30,1,4710.0
98,4,3,2,7200.0,6990.0,0.9708,6,1,5,184,1,6890.0
98,4,3,2,7200.0,6540.0,0.9083,59,1,2,52,0,
98,4,3,2,7200.0,8340.0,1.1583,25,1,5,211,0,
98,4,3,2,7200.0,6780.0,0.9417,82,1,3,518,1,6590.0
98,4,3,2,7200.0,4770.0,0.6625,38,1,1,127,1,4660.0
98,4,3,2,7200.0,5490.0,0.7625,50,1,1,630,1,5060.0
99,5,3,3,10720.0,11960.0,1.1157,71,1,3,640,1,11560.0
99,5,3,3,10720.0,11020.0,1.028,90,1,0,382,1,10640.0
99,5,3,3,10720.0,7970.0,0.7435,66,1,0,208,1,7890.0
99,5,3,3,10720.0,11470.0,1.07,61,1,0,719,1,11240.0
99,5,3,3,10720.0,12000.0,1.1194,60,1,2,208,1,11770.0
99,5,3,3,10720.0,7310.0,0.6819,1,1,3,338,1,7210.0
99,5,3,3,10720.0,10980.0,1.0243,42,1,3,287,0,
99,5,3,3,10720.0,11980.0,1.1175,15,1,2,381,1,11660.0
99,5,3,3,10720.0,7600.0,0.709,73,1,1,147,1,7190.0
99,5,3,3,10720.0,11110.0,1.0364,27,1,1,214,1,10080.0
99,5,3,3,10720.0,9910.0,0.9244,57,1,0,701,1,9690.0
99,5,3,3,10720.0,9840.0,0.9179,105,1,1,302,1,9760.0
99,5,3,3,10720.0,9340.0,0.8713,57,1,5,114,1,9340.0
99,5,3,3,10720.0,6950.0,0.6483,86,1,0,444,1,6620.0
99,5,3,3,10720.0,13950.0,1.3013,76,1,1,307,0,
100,1,1,1,800.0,770.0,0.9625,109,0,1,314,0,
100,1,1,1,800.0,540.0,0.675,109,0,3,399,1,540.0
100,1,1,1,800.0,780.0,0.975,71,0,3,719,0,
100,1,1,1,800.0,1020.0,1.275,12,0,1,657,0,
100,1,1,1,800.0,1060.0,1.325,44,0,1,188,0,
100,1,1,1,800.0,860.0,1.075,24,0,2,99,0,
100,1,1,1,800.0,780.0,0.975,27,0,1,351,0,
100,1,1,1,800.0,750.0,0.9375,57,0,0,312,1,740.0
100,1,1,1,800.0,740.0,0.925,76,0,0,206,0,
100,1,1,1,800.0,530.0,0.6625,48,0,3,710,1,530.0
100,1,1,1,800.0,460.0,0.575,53,0,1,432,1,450.0
100,1,1,1,800.0,560.0,0.7,99,0,2,249,1,560.0
100,1,1,1,800.0,610.0,0.7625,51,0,5,146,0,
100,1,1,1,800.0,550.0,0.6875,104,0,2,675,1,520.0
100,1,1,1,800.0,470.0,0.5875,54,0,2,680,1,440.0
101,3,2,1,2860.0,3220.0,1.1259,69,1,8,206,0,
101,3,2,1,2860.0,4040.0,1.4126,61,1,0,564,1,3710.0
101,3,2,1,2860.0,2190.0,0.7657,18,1,3,269,1,2080.0
101,3,2,1,2860.0,2830.0,0.9895,3,1,3,607,1,2750.0
101,3,2,1,2860.0,2380.0,0.8322,86,1,0,436,1,2150.0
101,3,2,1,2860.0,4200.0,1.4685,99,1,1,141,0,
101,3,2,1,2860.0,3970.0,1.3881,53,1,2,428,1,3830.0
101,3,2,1,2860.0,3620.0,1.2657,79,1,2,372,1,3620.0
101,3,2,1,2860.0,3040.0,1.0629,7,1,0,114,1,2810.0
101,3,2,1,2860.0,2670.0,0.9336,13,1,3,280,1,2600.0
101,3,2,1,2860.0,1730.0,0.6049,10,1,0,662,1,1710.0
101,3,2,1,2860.0,3710.0,1.2972,39,1,5,448,1,3550.0
101,3,2,1,2860.0,4040.0,1.4126,3,1,0,673,1,3730.0
101,3,2,1,2860.0,2450.0,0.8566,15,1,0,516,1,2450.0
101,3,2,1,2860.0,2480.0,0.8671,30,1,3,448,1,2430.0
102,2,1,1,1190.0,750.0,0.6303,10,0,0,94,0,
102,2,1,1,1190.0,1400.0,1.1765,63,0,1,659,0,
102,2,1,1,1190.0,1420.0,1.1933,20,0,2,120,1,1420.0
102,2,1,1,1190.0,890.0,0.7479,109,0,1,99,0,
102,2,1,1,1190.0,1240.0,1.042,72,0,0,375,1,1200.0
102,2,1,1,1190.0,1090.0,0.916,34,0,0,264,0,
102,2,1,1,1190.0,700.0,0.5882,31,0,0,56,0,
102,2,1,1,1190.0,880.0,0.7395,104,0,0,26,1,850.0
102,2,1,1,1190.0,720.0,0.605,73,0,2,293,1,720.0
102,2,1,1,1190.0,1250.0,1.0504,59,0,1,626,1,1180.0
102,2,1,1,1190.0,1180.0,0.9916,46,0,1,672,0,
102,2,1,1,1190.0,940.0,0.7899,67,0,0,59,1,940.0
102,2,1,1,1190.0,950.0,0.7983,78,0,1,109,1,950.0
102,2,1,1,1190.0,940.0,0.7899,14,0,1,211,0,
102,2,1,1,1190.0,980.0,0.8235,104,0,1,495,1,970.0
103,2,2,1,2100.0,1720.0,0.819,19,0,0,293,0,
103,2,2,1,2100.0,2630.0,1.2524,4,0,2,104,0,
103,2,2,1,2100.0,1470.0,0.7,23,0,3,703,0,
103,2,2,1,2100.0,3140.0,1.4952,90,0,1,454,1,3050.0
103,2,2,1,2100.0,1280.0,0.6095,1,0,5,528,0,
103,2,2,1,2100.0,1580.0,0.7524,56,0,8,301,1,1450.0
103,2,2,1,2100.0,1560.0,0.7429,21,0,2,86,1,1490.0
103,2,2,1,2100.0,1410.0,0.6714,38,0,2,284,0,
103,2,2,1,2100.0,1330.0,0.6333,19,0,0,231,0,
103,2,2,1,2100.0,1890.0,0.9,44,0,0,503,1,1720.0
103,2,2,1,2100.0,2480.0,1.181,107,0,1,92,0,
103,2,2,1,2100.0,1550.0,0.7381,10,0,0,176,1,1430.0
103,2,2,1,2100.0,1640.0,0.781,28,0,0,327,1,1590.0
103,2,2,1,2100.0,1870.0,0.8905,33,0,0,525,0,
103,2,2,1,2100.0,1480.0,0.7048,82,0,8,116,0,
104,4,3,3,4050.0,4140.0,1.0222,24,0,1,61,0,
104,4,3,3,4050.0,4500.0,1.1111,90,0,2,150,1,4420.0
104,4,3,3,4050.0,3090.0,0.763,44,0,3,210,1,2870.0
104,4,3,3,4050.0,2470.0,0.6099,43,0,2,533,1,2410.0
104,4,3,3,4050.0,3270.0,0.8074,82,0,0,134,1,3120.0
104,4,3,3,4050.0,4900.0,1.2099,85,0,2,388,0,
104,4,3,3,4050.0,4050.0,1.0,80,0,3,386,1,3860.0
104,4,3,3,4050.0,4890.0,1.2074,9,0,8,545,0,
104,4,3,3,4050.0,3510.0,0.8667,77,0,3,698,0,
104,4,3,3,4050.0,3550.0,0.8765,70,0,3,104,1,3330.0
104,4,3,3,4050.0,4080.0,1.0074,69,0,1,657,1,4070.0
104,4,3,3,4050.0,4020.0,0.9926,13,0,2,316,1,4020.0
104,4,3,3,4050.0,4480.0,1.1062,30,0,0,266,1,4010.0
104,4,3,3,4050.0,2420.0,0.5975,4,0,0,592,1,2280.0
104,4,3,3,4050.0,2890.0,0.7136,73,0,3,402,1,2770.0
105,2,2,1,1240.0,950.0,0.7661,97,0,0,246,1,780.0
105,2,2,1,1240.0,1400.0,1.129,4,0,3,155,0,
105,2,2,1,1240.0,1520.0,1.2258,32,0,0,195,1,1510.0
105,2,2,1,1240.0,1800.0,1.4516,32,0,1,640,0,
105,2,2,1,1240.0,740.0,0.5968,9,0,1,301,1,720.0
105,2,2,1,1240.0,1250.0,1.0081,38,0,0,64,0,
105,2,2,1,1240.0,1380.0,1.1129,64,0,5,578,1,1380.0
105,2,2,1,1240.0,1350.0,1.0887,97,0,0,308,1,1310.0
105,2,2,1,1240.0,1220.0,0.9839,39,0,3,415,1,1220.0
105,2,2,1,1240.0,1370.0,1.1048,110,0,0,666,0,
105,2,2,1,1240.0,1030.0,0.8306,13,0,1,153,1,980.0
105,2,2,1,1240.0,1630.0,1.3145,15,0,0,468,0,
105,2,2,1,1240.0,810.0,0.6532,40,0,0,388,1,810.0
105,2,2,1,1240.0,2040.0,1.6452,101,0,0,178,0,
105,2,2,1,1240.0,1280.0,1.0323,108,0,0,715,1,1280.0
106,3,3,2,2330.0,2210.0,0.9485,53,0,1,142,0,
106,3,3,2,2330.0,2470.0,1.0601,103,0,0,113,0,
106,3,3,2,2330.0,2480.0,1.0644,52,0,0,42,0,
106,3,3,2,2330.0,1570.0,0.6738,50,0,3,65,1,1460.0
106,3,3,2,2330.0,2750.0,1.1803,59,0,0,272,0,
106,3,3,2,2330.0,2340.0,1.0043,91,0,2,550,1,2110.0
106,3,3,2,2330.0,2710.0,1.1631,57,0,2,349,1,2530.0
106,3,3,2,2330.0,2210.0,0.9485,83,0,2,32,1,2200.0
106,3,3,2,2330.0,2290.0,0.9828,8,0,8,232,0,
106,3,3,2,2330.0,1790.0,0.7682,76,0,2,637,1,1740.0
106,3,3,2,2330.0,1640.0,0.7039,95,0,1,330,1,1600.0
106,3,3,2,2330.0,3640.0,1.5622,85,0,0,481,1,3540.0
106,3,3,2,2330.0,3010.0,1.2918,86,0,1,598,0,
106,3,3,2,2330.0,2510.0,1.0773,2,0,3,132,0,
106,3,3,2,2330.0,1740.0,0.7468,5,0,0,107,1,1690.0
107,3,1,1,3910.0,3810.0,0.9744,109,0,0,664,1,3690.0
107,3,1,1,3910.0,3960.0,1.0128,52,0,1,585,1,3960.0
107,3,1,1,3910.0,4880.0,1.2481,110,0,0,324,0,
107,3,1,1,3910.0,2640.0,0.6752,52,0,1,263,1,2490.0
107,3,1,1,3910.0,3740.0,0.9565,7,0,0,318,0,
107,3,1,1,3910.0,4170.0,1.0665,80,0,1,130,1,4170.0
107,3,1,1,3910.0,2820.0,0.7212,12,0,2,445,1,2820.0
107,3,1,1,3910.0,3060.0,0.7826,102,0,5,708,1,3060.0
107,3,1,1,3910.0,3120.0,0.798,110,0,1,58,1,2990.0
107,3,1,1,3910.0,2830.0,0.7238,14,0,2,375,1,2650.0
107,3,1,1,3910.0,3140.0,0.8031,29,0,1,114,0,
107,3,1,1,3910.0,4360.0,1.1151,31,0,3,258,1,4180.0
107,3,1,1,3910.0,3740.0,0.9565,4,0,0,280,1,3570.0
107,3,1,1,3910.0,6000.0,1.5345,36,0,0,422,0,
107,3,1,1,3910.0,6270.0,1.6036,102,0,3,51,0,
108,4,1,3,8610.0,7670.0,0.8908,102,1,2,374,1,7240.0
108,4,1,3,8610.0,8050.0,0.935,108,1,0,431,1,7550.0
108,4,1,3,8610.0,7970.0,0.9257,46,1,0,525,1,7730.0
108,4,1,3,8610.0,5730.0,0.6655,6,1,2,689,1,5430.0
108,4,1,3,8610.0,9770.0,1.1347,34,1,3,643,0,
108,4,1,3,8610.0,12130.0,1.4088,53,1,3,543,1,11390.0
108,4,1,3,8610.0,7950.0,0.9233,108,1,0,186,1,7480.0
108,4,1,3,8610.0,7880.0,0.9152,94,1,1,392,0,
108,4,1,3,8610.0,8910.0,1.0348,9,1,0,183,0,
108,4,1,3,8610.0,6440.0,0.748,67,1,0,318,1,5680.0
108,4,1,3,8610.0,7710.0,0.8955,18,1,0,561,1,7220.0
108,4,1,3,8610.0,8090.0,0.9396,102,1,5,185,1,7890.0
108,4,1,3,8610.0,14810.0,1.7201,60,1,2,337,0,
108,4,1,3,8610.0,5180.0,0.6016,83,1,1,541,1,5080.0
108,4,1,3,8610.0,6570.0,0.7631,12,1,1,696,1,6500.0
109,1,2,1,1560.0,1970.0,1.2628,32,0,5,545,0,
109,1,2,1,1560.0,1740.0,1.1154,95,0,2,53,0,
109,1,2,1,1560.0,1960.0,1.2564,97,0,1,319,0,
109,1,2,1,1560.0,1480.0,0.9487,35,0,8,518,0,
109,1,2,1,1560.0,1400.0,0.8974,78,0,5,579,0,
109,1,2,1,1560.0,1510.0,0.9679,19,0,3,223,0,
109,1,2,1,1560.0,1290.0,0.8269,24,0,2,416,0,
109,1,2,1,1560.0,1060.0,0.6795,91,0,0,182,0,
109,1,2,1,1560.0,1410.0,0.9038,23,0,5,58,1,1410.0
109,1,2,1,1560.0,930.0,0.5962,63,0,8,417,0,
109,1,2,1,1560.0,1770.0,1.1346,49,0,0,381,1,1660.0
109,1,2,1,1560.0,1430.0,0.9167,30,0,3,522,0,
109,1,2,1,1560.0,1440.0,0.9231,23,0,5,522,0,
109,1,2,1,1560.0,970.0,0.6218,84,0,1,497,1,970.0
109,1,2,1,1560.0,1230.0,0.7885,43,0,5,415,0,
110,4,3,2,6000.0,4910.0,0.8183,51,1,2,138,1,4900.0
110,4,3,2,6000.0,5250.0,0.875,84,1,0,617,1,5080.0
110,4,3,2,6000.0,5080.0,0.8467,101,1,0,652,1,5030.0
110,4,3,2,6000.0,3350.0,0.5583,49,1,1,480,1,3130.0
110,4,3,2,6000.0,4590.0,0.765,15,1,3,702,0,
110,4,3,2,6000.0,5770.0,0.9617,7,1,2,113,1,5440.0
110,4,3,2,6000.0,7080.0,1.18,25,1,1,716,1,7070.0
110,4,3,2,6000.0,6620.0,1.1033,2,1,1,396,1,6370.0
110,4,3,2,6000.0,5130.0,0.855,90,1,0,401,1,5130.0
110,4,3,2,6000.0,6570.0,1.095,104,1,5,595,1,6300.0
110,4,3,2,6000.0,6560.0,1.0933,5,1,0,573,1,6560.0
110,4,3,2,6000.0,8460.0,1.41,85,1,2,429,0,
110,4,3,2,6000.0,4040.0,0.6733,33,1,0,411,1,3990.0
110,4,3,2,6000.0,5720.0,0.9533,69,1,3,451,1,5390.0
110,4,3,2,6000.0,5050.0,0.8417,97,1,2,389,1,4700.0
111,2,2,1,2320.0,1440.0,0.6207,61,0,1,482,1,1330.0
111,2,2,1,2320.0,2750.0,1.1853,83,0,3,254,1,2700.0
111,2,2,1,2320.0,1940.0,0.8362,85,0,1,578,0,
111,2,2,1,2320.0,2090.0,0.9009,41,0,2,68,1,2050.0
111,2,2,1,2320.0,2190.0,0.944,5,0,2,671,0,
111,2,2,1,2320.0,2390.0,1.0302,47,0,5,596,0,
111,2,2,1,2320.0,1680.0,0.7241,55,0,1,300,1,1680.0
111,2,2,1,2320.0,2270.0,0.9784,55,0,1,586,0,
111,2,2,1,2320.0,2530.0,1.0905,65,0,8,440,0,
111,2,2,1,2320.0,2220.0,0.9569,46,0,0,637,0,
111,2,2,1,2320.0,2300.0,0.9914,67,0,1,345,0,
111,2,2,1,2320.0,1810.0,0.7802,69,0,2,575,1,1810.0
111,2,2,1,2320.0,1740.0,0.75,7,0,1,687,0,
111,2,2,1,2320.0,2160.0,0.931,26,0,3,307,0,
111,2,2,1,2320.0,2650.0,1.1422,77,0,0,227,0,
112,4,1,3,7550.0,4650.0,0.6159,30,1,0,451,0,
112,4,1,3,7550.0,6110.0,0.8093,45,1,2,102,1,6050.0
112,4,1,3,7550.0,9650.0,1.2781,57,1,2,608,1,8770.0
112,4,1,3,7550.0,8280.0,1.0967,23,1,0,13,1,7720.0
112,4,1,3,7550.0,6550.0,0.8675,65,1,3,30,1,6540.0
112,4,1,3,7550.0,11070.0,1.4662,26,1,5,353,0,
112,4,1,3,7550.0,5290.0,0.7007,40,1,3,317,1,4790.0
112,4,1,3,7550.0,3200.0,0.4238,37,1,1,562,1,3170.0
112,4,1,3,7550.0,7060.0,0.9351,28,1,1,68,1,6860.0
112,4,1,3,7550.0,6320.0,0.8371,4,1,1,603,1,6310.0
112,4,1,3,7550.0,9550.0,1.2649,48,1,3,499,1,9450.0
112,4,1,3,7550.0,16390.0,2.1709,1,1,2,230,0,
112,4,1,3,7550.0,7160.0,0.9483,99,1,2,693,1,6920.0
112,4,1,3,7550.0,8000.0,1.0596,16,1,1,359,1,7870.0
112,4,1,3,7550.0,7540.0,0.9987,45,1,0,130,1,7010.0
113,3,2,3,3870.0,2450.0,0.6331,61,1,0,435,1,2230.0
113,3,2,3,3870.0,3280.0,0.8475,24,1,1,345,1,3280.0
113,3,2,3,3870.0,3500.0,0.9044,59,1,0,39,1,3330.0
113,3,2,3,3870.0,2550.0,0.6589,95,1,1,251,1,2430.0
113,3,2,3,3870.0,3650.0,0.9432,49,1,0,608,1,3650.0
113,3,2,3,3870.0,5100.0,1.3178,92,1,5,78,1,5000.0
113,3,2,3,3870.0,3670.0,0.9483,88,1,3,553,1,3520.0
113,3,2,3,3870.0,3210.0,0.8295,40,1,1,570,1,3210.0
113,3,2,3,3870.0,4290.0,1.1085,82,1,5,680,0,
113,3,2,3,3870.0,3140.0,0.8114,97,1,5,393,1,2940.0
113,3,2,3,3870.0,2930.0,0.7571,26,1,1,378,0,
113,3,2,3,3870.0,3710.0,0.9587,30,1,1,89,1,3660.0
113,3,2,3,3870.0,5440.0,1.4057,83,1,5,661,1,5280.0
113,3,2,3,3870.0,3170.0,0.8191,61,1,5,136,0,
113,3,2,3,3870.0,3800.0,0.9819,38,1,3,252,1,3800.0
114,4,1,3,3300.0,3460.0,1.0485,100,0,0,291,1,3080.0
114,4,1,3,3300.0,2560.0,0.7758,2,0,0,357,1,2450.0
114,4,1,3,3300.0,2460.0,0.7455,49,0,2,269,1,2400.0
114,4,1,3,3300.0,3280.0,0.9939,94,0,8,580,1,3220.0
114,4,1,3,3300.0,2400.0,0.7273,99,0,1,490,1,2300.0
114,4,1,3,3300.0,2470.0,0.7485,98,0,0,30,1,2470.0
114,4,1,3,3300.0,2660.0,0.8061,25,0,0,707,1,2660.0
114,4,1,3,3300.0,3800.0,1.1515,62,0,0,433,1,3470.0
114,4,1,3,3300.0,2780.0,0.8424,24,0,1,623,1,2740.0
114,4,1,3,3300.0,4080.0,1.2364,22,0,0,530,0,
114,4,1,3,3300.0,2250.0,0.6818,40,0,5,43,1,2130.0
114,4,1,3,3300.0,2970.0,0.9,5,0,1,157,1,2850.0
114,4,1,3,3300.0,2500.0,0.7576,33,0,3,570,0,
114,4,1,3,3300.0,1970.0,0.597,59,0,0,655,1,1880.0
114,4,1,3,3300.0,2560.0,0.7758,102,0,1,157,1,2560.0
115,3,3,2,2830.0,3490.0,1.2332,62,0,1,121,0,
115,3,3,2,2830.0,2700.0,0.9541,7,0,2,387,1,2600.0
115,3,3,2,2830.0,3070.0,1.0848,44,0,2,701,1,3020.0
115,3,3,2,2830.0,3460.0,1.2226,108,0,3,79,1,3170.0
115,3,3,2,2830.0,2460.0,0.8693,21,0,1,389,1,2400.0
115,3,3,2,2830.0,3000.0,1.0601,101,0,2,407,0,
115,3,3,2,2830.0,2430.0,0.8587,102,0,3,526,0,
115,3,3,2,2830.0,2490.0,0.8799,40,0,3,295,0,
115,3,3,2,2830.0,2000.0,0.7067,25,0,1,392,1,1970.0
115,3,3,2,2830.0,3660.0,1.2933,88,0,1,149,0,
115,3,3,2,2830.0,2700.0,0.9541,9,0,2,38,0,
115,3,3,2,2830.0,1720.0,0.6078,61,0,0,292,0,
115,3,3,2,2830.0,2790.0,0.9859,44,0,1,292,1,2680.0
115,3,3,2,2830.0,2010.0,0.7102,68,0,3,101,1,2000.0
115,3,3,2,2830.0,2640.0,0.9329,44,0,0,242,1,2510.0
116,2,3,2,2080.0,1770.0,0.851,36,0,0,625,1,1720.0
116,2,3,2,2080.0,2130.0,1.024,97,0,5,435,0,
116,2,3,2,2080.0,1640.0,0.7885,105,0,8,163,0,
116,2,3,2,2080.0,1840.0,0.8846,104,0,8,28,0,
116,2,3,2,2080.0,2440.0,1.1731,92,0,0,411,0,
116,2,3,2,2080.0,1530.0,0.7356,78,0,0,71,1,1500.0
116,2,3,2,2080.0,1450.0,0.6971,89,0,2,345,1,1450.0
116,2,3,2,2080.0,1540.0,0.7404,48,0,3,318,1,1480.0
116,2,3,2,2080.0,2520.0,1.2115,17,0,8,496,0,
116,2,3,2,2080.0,1880.0,0.9038,32,0,2,409,0,
116,2,3,2,2080.0,1780.0,0.8558,97,0,0,429,1,1780.0
116,2,3,2,2080.0,1750.0,0.8413,2,0,5,579,1,1690.0
116,2,3,2,2080.0,1530.0,0.7356,14,0,0,647,0,
116,2,3,2,2080.0,2180.0,1.0481,105,0,3,718,0,
116,2,3,2,2080.0,1840.0,0.8846,52,0,0,430,1,1770.0
117,4,2,2,4900.0,4340.0,0.8857,19,1,1,609,1,4270.0
117,4,2,2,4900.0,4680.0,0.9551,75,1,1,425,1,4320.0
117,4,2,2,4900.0,4980.0,1.0163,50,1,1,145,1,4540.0
117,4,2,2,4900.0,3330.0,0.6796,68,1,5,693,1,3200.0
117,4,2,2,4900.0,3680.0,0.751,73,1,8,682,1,3550.0
117,4,2,2,4900.0,4500.0,0.9184,59,1,2,538,1,4360.0
117,4,2,2,4900.0,3610.0,0.7367,39,1,0,258,1,3590.0
117,4,2,2,4900.0,6640.0,1.3551,13,1,2,375,0,
117,4,2,2,4900.0,4380.0,0.8939,77,1,3,697,1,4370.0
117,4,2,2,4900.0,4510.0,0.9204,59,1,2,123,1,4320.0
117,4,2,2,4900.0,4980.0,1.0163,100,1,2,281,1,4980.0
117,4,2,2,4900.0,2510.0,0.5122,3,1,0,684,1,2490.0
117,4,2,2,4900.0,5610.0,1.1449,20,1,1,232,1,5490.0
117,4,2,2,4900.0,4270.0,0.8714,108,1,8,317,1,4100.0
117,4,2,2,4900.0,4670.0,0.9531,31,1,2,159,1,4480.0
118,5,2,3,5500.0,7500.0,1.3636,104,1,1,223,1,7220.0
118,5,2,3,5500.0,6340.0,1.1527,42,1,2,197,1,6270.0
118,5,2,3,5500.0,4850.0,0.8818,74,1,0,184,1,4710.0
118,5,2,3,5500.0,5790.0,1.0527,33,1,3,370,1,5790.0
118,5,2,3,5500.0,4450.0,0.8091,43,1,1,516,1,3910.0
118,5,2,3,5500.0,6350.0,1.1545,110,1,8,685,1,6350.0
118,5,2,3,5500.0,7360.0,1.3382,100,1,0,486,1,7060.0
118,5,2,3,5500.0,5040.0,0.9164,82,1,1,141,1,5030.0
118,5,2,3,5500.0,4300.0,0.7818,106,1,0,597,1,4140.0
118,5,2,3,5500.0,4290.0,0.78,64,1,3,598,1,4290.0
118,5,2,3,5500.0,5330.0,0.9691,83,1,1,228,1,5030.0
118,5,2,3,5500.0,4230.0,0.7691,7,1,0,85,1,3930.0
118,5,2,3,5500.0,7130.0,1.2964,35,1,1,286,1,7000.0
118,5,2,3,5500.0,6350.0,1.1545,94,1,1,47,1,5960.0
118,5,2,3,5500.0,5160.0,0.9382,16,1,1,542,1,4550.0
119,5,2,3,15980.0,20270.0,1.2685,86,0,0,277,1,20270.0
119,5,2,3,15980.0,17620.0,1.1026,59,0,5,463,1,16530.0
119,5,2,3,15980.0,12530.0,0.7841,85,0,8,626,0,
119,5,2,3,15980.0,15240.0,0.9537,11,0,5,413,0,
119,5,2,3,15980.0,12860.0,0.8048,39,0,5,593,1,11100.0
119,5,2,3,15980.0,18530.0,1.1596,79,0,0,385,1,18530.0
119,5,2,3,15980.0,19420.0,1.2153,29,0,2,36,1,18910.0
119,5,2,3,15980.0,12510.0,0.7829,79,0,1,653,1,11690.0
119,5,2,3,15980.0,20930.0,1.3098,110,0,0,467,1,19930.0
119,5,2,3,15980.0,13150.0,0.8229,87,0,0,433,1,13150.0
119,5,2,3,15980.0,9550.0,0.5976,43,0,2,423,1,9210.0
119,5,2,3,15980.0,19660.0,1.2303,20,0,0,599,1,19660.0
119,5,2,3,15980.0,12370.0,0.7741,19,0,2,192,1,12250.0
119,5,2,3,15980.0,16070.0,1.0056,48,0,8,308,0,
119,5,2,3,15980.0,10450.0,0.6539,3,0,5,186,0,
120,2,2,2,2830.0,1750.0,0.6184,25,1,1,563,0,
120,2,2,2,2830.0,3310.0,1.1696,45,1,1,542,0,
120,2,2,2,2830.0,2800.0,0.9894,86,1,2,504,1,2650.0
120,2,2,2,2830.0,1790.0,0.6325,59,1,2,51,1,1790.0
120,2,2,2,2830.0,2990.0,1.0565,79,1,2,318,1,2950.0
120,2,2,2,2830.0,3880.0,1.371,96,1,1,582,0,
120,2,2,2,2830.0,3880.0,1.371,84,1,5,484,0,
120,2,2,2,2830.0,2220.0,0.7845,42,1,3,9,0,
120,2,2,2,2830.0,3460.0,1.2226,100,1,0,636,0,
120,2,2,2,2830.0,2970.0,1.0495,78,1,2,634,0,
120,2,2,2,2830.0,2470.0,0.8728,110,1,8,309,0,
120,2,2,2,2830.0,3200.0,1.1307,19,1,5,365,0,
120,2,2,2,2830.0,2110.0,0.7456,1,1,1,330,0,
120,2,2,2,2830.0,2290.0,0.8092,38,1,1,22,0,
120,2,2,2,2830.0,3420.0,1.2085,102,1,1,452,0,
121,3,3,2,2010.0,2790.0,1.3881,64,0,0,564,0,
121,3,3,2,2010.0,2300.0,1.1443,11,0,1,346,0,
121,3,3,2,2010.0,2250.0,1.1194,101,0,0,82,1,2250.0
121,3,3,2,2010.0,2100.0,1.0448,48,0,0,35,1,2040.0
121,3,3,2,2010.0,1830.0,0.9104,100,0,1,44,0,
121,3,3,2,2010.0,2590.0,1.2886,77,0,2,248,0,
121,3,3,2,2010.0,1910.0,0.9502,83,0,5,609,0,
121,3,3,2,2010.0,3110.0,1.5473,10,0,0,417,1,2980.0
121,3,3,2,2010.0,3350.0,1.6667,38,0,5,652,0,
121,3,3,2,2010.0,1280.0,0.6368,17,0,2,109,1,1280.0
121,3,3,2,2010.0,1990.0,0.99,98,0,0,325,1,1990.0
121,3,3,2,2010.0,2530.0,1.2587,9,0,3,389,0,
121,3,3,2,2010.0,1590.0,0.791,29,0,8,21,0,
121,3,3,2,2010.0,2310.0,1.1493,72,0,5,170,0,
121,3,3,2,2010.0,2200.0,1.0945,58,0,3,117,0,
122,4,3,3,6720.0,5850.0,0.8705,96,0,1,517,1,5490.0
122,4,3,3,6720.0,8190.0,1.2188,54,0,3,405,1,8170.0
122,4,3,3,6720.0,7190.0,1.0699,54,0,0,537,1,7070.0
122,4,3,3,6720.0,8550.0,1.2723,40,0,0,558,1,8290.0
122,4,3,3,6720.0,6840.0,1.0179,35,0,3,692,0,
122,4,3,3,6720.0,4330.0,0.6443,1,0,3,540,1,4110.0
122,4,3,3,6720.0,7590.0,1.1295,1,0,2,299,1,7590.0
122,4,3,3,6720.0,6350.0,0.9449,15,0,0,590,1,6070.0
122,4,3,3,6720.0,4270.0,0.6354,39,0,1,421,1,3980.0
122,4,3,3,6720.0,7880.0,1.1726,80,0,2,356,0,
122,4,3,3,6720.0,8570.0,1.2753,50,0,0,285,1,8430.0
122,4,3,3,6720.0,6690.0,0.9955,25,0,1,330,1,6270.0
122,4,3,3,6720.0,5050.0,0.7515,95,0,1,358,1,5050.0
122,4,3,3,6720.0,7800.0,1.1607,32,0,3,532,0,
122,4,3,3,6720.0,4030.0,0.5997,107,0,5,711,1,3830.0
123,4,1,2,6680.0,5270.0,0.7889,17,0,0,368,1,5040.0
123,4,1,2,6680.0,10820.0,1.6198,95,0,5,559,0,
123,4,1,2,6680.0,5290.0,0.7919,103,0,1,109,0,
123,4,1,2,6680.0,7480.0,1.1198,82,0,0,8,1,7150.0
123,4,1,2,6680.0,6250.0,0.9356,18,0,2,647,0,
123,4,1,2,6680.0,6120.0,0.9162,84,0,3,716,1,6120.0
123,4,1,2,6680.0,3960.0,0.5928,91,0,0,283,1,3790.0
123,4,1,2,6680.0,6740.0,1.009,61,0,0,65,1,6480.0
123,4,1,2,6680.0,6900.0,1.0329,100,0,0,108,1,6420.0
123,4,1,2,6680.0,9400.0,1.4072,56,0,1,688,1,9400.0
123,4,1,2,6680.0,5460.0,0.8174,3,0,2,223,1,5460.0
123,4,1,2,6680.0,7390.0,1.1063,71,0,8,71,0,
123,4,1,2,6680.0,5760.0,0.8623,69,0,0,528,1,5550.0
123,4,1,2,6680.0,6490.0,0.9716,48,0,0,229,0,
123,4,1,2,6680.0,5750.0,0.8608,84,0,3,409,1,5590.0
124,2,1,1,1090.0,740.0,0.6789,4,1,0,529,1,650.0
124,2,1,1,1090.0,810.0,0.7431,3,1,0,231,1,810.0
124,2,1,1,1090.0,610.0,0.5596,76,1,1,244,1,590.0
124,2,1,1,1090.0,1030.0,0.945,35,1,2,488,1,990.0
124,2,1,1,1090.0,950.0,0.8716,5,1,1,505,1,900.0
124,2,1,1,1090.0,1940.0,1.7798,2,1,5,581,0,
124,2,1,1,1090.0,1230.0,1.1284,84,1,2,96,1,1230.0
124,2,1,1,1090.0,1070.0,0.9817,101,1,1,304,1,1030.0
124,2,1,1,1090.0,1330.0,1.2202,46,1,0,233,1,1300.0
124,2,1,1,1090.0,870.0,0.7982,87,1,1,171,1,810.0
124,2,1,1,1090.0,1140.0,1.0459,45,1,2,486,1,1020.0
124,2,1,1,1090.0,720.0,0.6606,29,1,0,136,1,650.0
124,2,1,1,1090.0,580.0,0.5321,51,1,0,57,1,570.0
124,2,1,1,1090.0,890.0,0.8165,60,1,1,419,1,880.0
124,2,1,1,1090.0,1070.0,0.9817,99,1,1,28,0,
125,3,2,3,2630.0,2170.0,0.8251,58,1,1,75,1,1830.0
125,3,2,3,2630.0,2740.0,1.0418,88,1,2,324,1,2490.0
125,3,2,3,2630.0,1740.0,0.6616,17,1,1,640,1,1610.0
125,3,2,3,2630.0,3590.0,1.365,14,1,1,450,0,
125,3,2,3,2630.0,2360.0,0.8973,3,1,1,377,1,2270.0
125,3,2,3,2630.0,2280.0,0.8669,67,1,1,377,1,2180.0
125,3,2,3,2630.0,2080.0,0.7909,12,1,1,122,1,2010.0
125,3,2,3,2630.0,1770.0,0.673,82,1,1,516,1,1770.0
125,3,2,3,2630.0,1660.0,0.6312,32,1,0,294,1,1470.0
125,3,2,3,2630.0,2500.0,0.9506,93,1,5,341,1,2500.0
125,3,2,3,2630.0,2830.0,1.076,50,1,5,564,1,2830.0
125,3,2,3,2630.0,3550.0,1.3498,8,1,2,178,1,3550.0
125,3,2,3,2630.0,2270.0,0.8631,18,1,0,679,1,2200.0
125,3,2,3,2630.0,1530.0,0.5817,13,1,2,101,1,1500.0
125,3,2,3,2630.0,3370.0,1.2814,63,1,2,133,0,
126,4,1,3,3050.0,3160.0,1.0361,24,0,0,686,1,2880.0
126,4,1,3,3050.0,2220.0,0.7279,74,0,2,355,1,2220.0
126,4,1,3,3050.0,2360.0,0.7738,24,0,0,220,1,2360.0
126,4,1,3,3050.0,2430.0,0.7967,80,0,3,202,1,2210.0
126,4,1,3,3050.0,2080.0,0.682,107,0,2,244,1,2080.0
126,4,1,3,3050.0,3000.0,0.9836,3,0,2,111,1,2740.0
126,4,1,3,3050.0,2470.0,0.8098,97,0,3,350,0,
126,4,1,3,3050.0,2780.0,0.9115,52,0,0,84,1,2620.0
126,4,1,3,3050.0,2270.0,0.7443,95,0,2,287,1,2140.0
126,4,1,3,3050.0,4200.0,1.377,24,0,1,414,1,4200.0
126,4,1,3,3050.0,2420.0,0.7934,40,0,8,260,1,2370.0
126,4,1,3,3050.0,2600.0,0.8525,28,0,1,116,1,2560.0
126,4,1,3,3050.0,2700.0,0.8852,86,0,2,98,1,2430.0
126,4,1,3,3050.0,2570.0,0.8426,64,0,1,535,1,2420.0
126,4,1,3,3050.0,2240.0,0.7344,73,0,0,695,1,2140.0
127,3,2,3,4150.0,6660.0,1.6048,96,0,2,246,0,
127,3,2,3,4150.0,3510.0,0.8458,99,0,2,439,0,
127,3,2,3,4150.0,3610.0,0.8699,44,0,2,193,1,3360.0
127,3,2,3,4150.0,3370.0,0.812,3,0,1,344,0,
127,3,2,3,4150.0,4140.0,0.9976,29,0,0,681,1,3690.0
127,3,2,3,4150.0,2830.0,0.6819,9,0,5,587,1,2650.0
127,3,2,3,4150.0,2840.0,0.6843,43,0,3,712,1,2710.0
127,3,2,3,4150.0,3240.0,0.7807,68,0,0,398,1,3080.0
127,3,2,3,4150.0,3940.0,0.9494,103,0,0,464,0,
127,3,2,3,4150.0,3880.0,0.9349,81,0,2,354,1,3880.0
127,3,2,3,4150.0,4340.0,1.0458,3,0,0,402,0,
127,3,2,3,4150.0,6040.0,1.4554,78,0,0,276,0,
127,3,2,3,4150.0,3010.0,0.7253,57,0,5,62,0,
127,3,2,3,4150.0,2900.0,0.6988,21,0,3,525,1,2900.0
127,3,2,3,4150.0,3370.0,0.812,74,0,1,536,0,
128,1,1,1,720.0,710.0,0.9861,53,1,0,479,1,700.0
128,1,1,1,720.0,580.0,0.8056,30,1,8,624,0,
128,1,1,1,720.0,1000.0,1.3889,10,1,0,44,0,
128,1,1,1,720.0,760.0,1.0556,53,1,5,502,0,
128,1,1,1,720.0,750.0,1.0417,47,1,3,247,0,
128,1,1,1,720.0,470.0,0.6528,50,1,1,321,1,470.0
128,1,1,1,720.0,400.0,0.5556,82,1,5,152,1,400.0
128,1,1,1,720.0,620.0,0.8611,97,1,1,149,0,
128,1,1,1,720.0,900.0,1.25,56,1,2,685,0,
128,1,1,1,720.0,640.0,0.8889,2,1,0,147,0,
128,1,1,1,720.0,720.0,1.0,59,1,3,194,0,
128,1,1,1,720.0,380.0,0.5278,33,1,3,159,0,
128,1,1,1,720.0,510.0,0.7083,79,1,1,101,0,
128,1,1,1,720.0,690.0,0.9583,69,1,1,22,0,
128,1,1,1,720.0,750.0,1.0417,74,1,1,472,1,700.0
129,5,2,2,7970.0,6180.0,0.7754,108,1,2,456,1,6160.0
129,5,2,2,7970.0,6850.0,0.8595,57,1,3,575,1,6640.0
129,5,2,2,7970.0,9450.0,1.1857,57,1,5,203,1,8460.0
129,5,2,2,7970.0,10660.0,1.3375,76,1,5,38,0,
129,5,2,2,7970.0,14860.0,1.8645,53,1,0,583,0,
129,5,2,2,7970.0,5170.0,0.6487,42,1,1,30,1,5090.0
129,5,2,2,7970.0,7400.0,0.9285,3,1,0,707,1,7400.0
129,5,2,2,7970.0,7000.0,0.8783,92,1,3,55,1,6620.0
129,5,2,2,7970.0,9710.0,1.2183,28,1,5,262,1,8540.0
129,5,2,2,7970.0,7950.0,0.9975,101,1,5,545,1,7280.0
129,5,2,2,7970.0,6560.0,0.8231,3,1,0,138,1,6380.0
129,5,2,2,7970.0,3380.0,0.4241,48,1,2,701,1,3170.0
129,5,2,2,7970.0,8390.0,1.0527,52,1,0,705,1,8160.0
129,5,2,2,7970.0,9920.0,1.2447,85,1,0,328,1,9920.0
129,5,2,2,7970.0,7290.0,0.9147,50,1,1,502,1,7020.0
130,3,2,1,3660.0,3260.0,0.8907,86,1,0,121,1,3140.0
130,3,2,1,3660.0,4890.0,1.3361,76,1,1,116,0,
130,3,2,1,3660.0,2730.0,0.7459,10,1,0,377,1,2720.0
130,3,2,1,3660.0,3470.0,0.9481,17,1,5,120,0,
130,3,2,1,3660.0,3250.0,0.888,3,1,1,59,1,3160.0
130,3,2,1,3660.0,5800.0,1.5847,1,1,0,547,1,5160.0
130,3,2,1,3660.0,3730.0,1.0191,12,1,3,453,0,
130,3,2,1,3660.0,2560.0,0.6995,55,1,0,12,1,2530.0
130,3,2,1,3660.0,3860.0,1.0546,21,1,2,293,1,3860.0
130,3,2,1,3660.0,3460.0,0.9454,92,1,0,682,0,
130,3,2,1,3660.0,4930.0,1.347,57,1,3,471,0,
130,3,2,1,3660.0,5220.0,1.4262,3,1,3,282,0,
130,3,2,1,3660.0,3500.0,0.9563,96,1,5,706,1,3310.0
130,3,2,1,3660.0,2800.0,0.765,35,1,2,493,1,2660.0
130,3,2,1,3660.0,3440.0,0.9399,85,1,0,547,1,3380.0
131,1,3,1,1070.0,680.0,0.6355,53,0,2,551,0,
131,1,3,1,1070.0,900.0,0.8411,87,0,0,199,0,
131,1,3,1,1070.0,800.0,0.7477,102,0,1,346,1,800.0
131,1,3,1,1070.0,620.0,0.5794,69,0,2,702,0,
131,1,3,1,1070.0,1060.0,0.9907,90,0,1,131,0,
131,1,3,1,1070.0,1060.0,0.9907,106,0,0,650,0,
131,1,3,1,1070.0,950.0,0.8879,76,0,0,302,1,820.0
131,1,3,1,1070.0,490.0,0.4579,25,0,1,365,0,
131,1,3,1,1070.0,1210.0,1.1308,36,0,0,492,0,
131,1,3,1,1070.0,910.0,0.8505,32,0,2,201,0,
131,1,3,1,1070.0,1550.0,1.4486,17,0,0,234,0,
131,1,3,1,1070.0,1140.0,1.0654,35,0,5,472,0,
131,1,3,1,1070.0,1040.0,0.972,70,0,1,403,0,
131,1,3,1,1070.0,770.0,0.7196,64,0,3,494,0,
131,1,3,1,1070.0,1090.0,1.0187,54,0,1,679,1,1080.0
132,3,2,1,1610.0,1410.0,0.8758,7,1,2,670,1,1400.0
132,3,2,1,1610.0,1540.0,0.9565,104,1,8,492,1,1470.0
132,3,2,1,1610.0,1420.0,0.882,38,1,0,62,1,1320.0
132,3,2,1,1610.0,1910.0,1.1863,93,1,8,407,0,
132,3,2,1,1610.0,1520.0,0.9441,24,1,0,268,1,1520.0
132,3,2,1,1610.0,1530.0,0.9503,45,1,5,170,1,1500.0
132,3,2,1,1610.0,1980.0,1.2298,68,1,0,238,1,1910.0
132,3,2,1,1610.0,1340.0,0.8323,30,1,2,564,1,1340.0
132,3,2,1,1610.0,1190.0,0.7391,5,1,3,662,1,1130.0
132,3,2,1,1610.0,1710.0,1.0621,97,1,0,504,0,
132,3,2,1,1610.0,2300.0,1.4286,4,1,8,706,0,
132,3,2,1,1610.0,2340.0,1.4534,40,1,5,24,0,
132,3,2,1,1610.0,2160.0,1.3416,50,1,8,380,0,
132,3,2,1,1610.0,1580.0,0.9814,60,1,3,59,1,1530.0
132,3,2,1,1610.0,1540.0,0.9565,101,1,3,480,1,1470.0
133,3,3,2,1990.0,1310.0,0.6583,25,0,0,180,0,
133,3,3,2,1990.0,2320.0,1.1658,97,0,3,176,1,2240.0
133,3,3,2,1990.0,1850.0,0.9296,27,0,0,26,1,1840.0
133,3,3,2,1990.0,2430.0,1.2211,41,0,3,272,1,2430.0
133,3,3,2,1990.0,2150.0,1.0804,101,0,3,716,0,
133,3,3,2,1990.0,1890.0,0.9497,79,0,2,94,1,1790.0
133,3,3,2,1990.0,1050.0,0.5276,86,0,0,457,1,970.0
133,3,3,2,1990.0,2030.0,1.0201,102,0,3,241,0,
133,3,3,2,1990.0,1660.0,0.8342,2,0,2,517,0,
133,3,3,2,1990.0,1210.0,0.608,91,0,1,274,1,1200.0
133,3,3,2,1990.0,1670.0,0.8392,18,0,0,523,1,1560.0
133,3,3,2,1990.0,1420.0,0.7136,57,0,0,712,1,1420.0
133,3,3,2,1990.0,2120.0,1.0653,68,0,2,573,1,2050.0
133,3,3,2,1990.0,2030.0,1.0201,106,0,1,224,0,
133,3,3,2,1990.0,1270.0,0.6382,6,0,0,129,0,
134,4,1,3,3400.0,4320.0,1.2706,63,0,3,68,0,
134,4,1,3,3400.0,4690.0,1.3794,41,0,0,25,0,
134,4,1,3,3400.0,2880.0,0.8471,53,0,0,184,1,2780.0
134,4,1,3,3400.0,2560.0,0.7529,87,0,2,541,1,2560.0
134,4,1,3,3400.0,2530.0,0.7441,5,0,0,266,1,2500.0
134,4,1,3,3400.0,3200.0,0.9412,88,0,1,688,1,3200.0
134,4,1,3,3400.0,3690.0,1.0853,108,0,5,118,0,
134,4,1,3,3400.0,3250.0,0.9559,51,0,2,298,1,2830.0
134,4,1,3,3400.0,3810.0,1.1206,108,0,2,139,0,
134,4,1,3,3400.0,5140.0,1.5118,48,0,3,661,0,
134,4,1,3,3400.0,4350.0,1.2794,10,0,0,573,0,
134,4,1,3,3400.0,2940.0,0.8647,71,0,0,191,1,2910.0
134,4,1,3,3400.0,4230.0,1.2441,106,0,1,422,1,4230.0
134,4,1,3,3400.0,5640.0,1.6588,108,0,0,83,1,5640.0
134,4,1,3,3400.0,4300.0,1.2647,27,0,5,125,0,
135,4,2,3,6290.0,7020.0,1.1161,95,0,3,290,0,
135,4,2,3,6290.0,7060.0,1.1224,65,0,1,287,1,6850.0
135,4,2,3,6290.0,4090.0,0.6502,82,0,1,237,1,4090.0
135,4,2,3,6290.0,5390.0,0.8569,33,0,1,516,1,5290.0
135,4,2,3,6290.0,6220.0,0.9889,54,0,0,709,1,6050.0
135,4,2,3,6290.0,5300.0,0.8426,28,0,5,505,0,
135,4,2,3,6290.0,9630.0,1.531,11,0,0,142,0,
135,4,2,3,6290.0,4560.0,0.725,75,0,0,353,1,4530.0
135,4,2,3,6290.0,4720.0,0.7504,71,0,1,139,1,4460.0
135,4,2,3,6290.0,4830.0,0.7679,108,0,8,112,1,4760.0
135,4,2,3,6290.0,6150.0,0.9777,67,0,8,186,0,
135,4,2,3,6290.0,5350.0,0.8506,59,0,2,640,1,5320.0
135,4,2,3,6290.0,6160.0,0.9793,9,0,2,163,0,
135,4,2,3,6290.0,7070.0,1.124,27,0,2,175,1,7070.0
135,4,2,3,6290.0,7420.0,1.1797,49,0,1,182,1,7070.0
136,1,3,1,1300.0,730.0,0.5615,95,0,2,130,0,
136,1,3,1,1300.0,1420.0,1.0923,58,0,1,705,0,
136,1,3,1,1300.0,1420.0,1.0923,95,0,0,318,1,1410.0
136,1,3,1,1300.0,1530.0,1.1769,18,0,1,50,0,
136,1,3,1,1300.0,1260.0,0.9692,81,0,0,631,0,
136,1,3,1,1300.0,1580.0,1.2154,63,0,2,456,0,
136,1,3,1,1300.0,970.0,0.7462,41,0,2,491,0,
136,1,3,1,1300.0,960.0,0.7385,34,0,1,543,0,
136,1,3,1,1300.0,1130.0,0.8692,48,0,0,421,1,1070.0
136,1,3,1,1300.0,970.0,0.7462,78,0,0,385,1,970.0
136,1,3,1,1300.0,1070.0,0.8231,28,0,0,466,1,1020.0
136,1,3,1,1300.0,910.0,0.7,1,0,5,470,0,
136,1,3,1,1300.0,1040.0,0.8,24,0,0,654,1,1020.0
136,1,3,1,1300.0,710.0,0.5462,51,0,1,350,1,650.0
136,1,3,1,1300.0,1040.0,0.8,20,0,0,130,0,
137,1,1,1,700.0,550.0,0.7857,29,0,5,196,0,
137,1,1,1,700.0,700.0,1.0,32,0,0,333,1,660.0
137,1,1,1,700.0,1050.0,1.5,1,0,1,675,0,
137,1,1,1,700.0,600.0,0.8571,69,0,2,153,0,
137,1,1,1,700.0,570.0,0.8143,86,0,2,527,1,550.0
137,1,1,1,700.0,600.0,0.8571,49,0,3,449,1,560.0
137,1,1,1,700.0,860.0,1.2286,88,0,1,271,0,
137,1,1,1,700.0,640.0,0.9143,62,0,3,308,0,
137,1,1,1,700.0,570.0,0.8143,35,0,3,29,1,570.0
137,1,1,1,700.0,640.0,0.9143,93,0,1,12,0,
137,1,1,1,700.0,1010.0,1.4429,41,0,1,211,0,
137,1,1,1,700.0,540.0,0.7714,3,0,1,348,1,510.0
137,1,1,1,700.0,670.0,0.9571,15,0,1,240,1,670.0
137,1,1,1,700.0,1260.0,1.8,67,0,8,48,0,
137,1,1,1,700.0,760.0,1.0857,51,0,0,278,0,
138,2,1,2,1890.0,1210.0,0.6402,65,1,1,591,1,1180.0
138,2,1,2,1890.0,1770.0,0.9365,73,1,0,590,1,1680.0
138,2,1,2,1890.0,2440.0,1.291,26,1,1,50,0,
138,2,1,2,1890.0,1300.0,0.6878,102,1,5,350,1,1170.0
138,2,1,2,1890.0,1790.0,0.9471,45,1,0,265,1,1740.0
138,2,1,2,1890.0,1350.0,0.7143,21,1,1,676,1,1310.0
138,2,1,2,1890.0,1800.0,0.9524,9,1,2,371,1,1790.0
138,2,1,2,1890.0,1840.0,0.9735,87,1,0,509,1,1710.0
138,2,1,2,1890.0,2330.0,1.2328,40,1,5,71,1,2330.0
138,2,1,2,1890.0,1500.0,0.7937,60,1,2,590,1,1500.0
138,2,1,2,1890.0,2010.0,1.0635,38,1,0,465,1,1970.0
138,2,1,2,1890.0,1780.0,0.9418,21,1,5,690,0,
138,2,1,2,1890.0,2030.0,1.0741,92,1,8,717,0,
138,2,1,2,1890.0,2130.0,1.127,58,1,1,427,1,2130.0
138,2,1,2,1890.0,1430.0,0.7566,65,1,2,213,1,1430.0
139,3,1,1,4680.0,5250.0,1.1218,94,1,0,37,1,5150.0
139,3,1,1,4680.0,6730.0,1.438,103,1,2,715,1,6630.0
139,3,1,1,4680.0,3410.0,0.7286,43,1,5,402,1,3360.0
139,3,1,1,4680.0,4580.0,0.9786,70,1,0,423,1,4340.0
139,3,1,1,4680.0,6180.0,1.3205,96,1,1,529,0,
139,3,1,1,4680.0,5770.0,1.2329,99,1,8,245,0,
139,3,1,1,4680.0,5270.0,1.1261,34,1,3,622,0,
139,3,1,1,4680.0,6330.0,1.3526,75,1,0,128,0,
139,3,1,1,4680.0,6310.0,1.3483,31,1,8,84,0,
139,3,1,1,4680.0,4030.0,0.8611,44,1,1,643,1,4030.0
139,3,1,1,4680.0,5850.0,1.25,64,1,2,142,0,
139,3,1,1,4680.0,4050.0,0.8654,63,1,8,201,1,3740.0
139,3,1,1,4680.0,7810.0,1.6688,85,1,3,292,0,
139,3,1,1,4680.0,4170.0,0.891,75,1,1,582,1,3940.0
139,3,1,1,4680.0,6420.0,1.3718,22,1,1,344,1,6200.0
140,1,3,1,1430.0,1400.0,0.979,63,1,0,244,0,
140,1,3,1,1430.0,1100.0,0.7692,2,1,3,483,0,
140,1,3,1,1430.0,1050.0,0.7343,92,1,3,394,0,
140,1,3,1,1430.0,1690.0,1.1818,37,1,3,139,0,
140,1,3,1,1430.0,1110.0,0.7762,13,1,0,134,0,
140,1,3,1,1430.0,1540.0,1.0769,25,1,2,283,0,
140,1,3,1,1430.0,1590.0,1.1119,43,1,1,467,0,
140,1,3,1,1430.0,1200.0,0.8392,108,1,0,404,0,
140,1,3,1,1430.0,1600.0,1.1189,54,1,3,56,0,
140,1,3,1,1430.0,1010.0,0.7063,50,1,2,478,1,1010.0
140,1,3,1,1430.0,1280.0,0.8951,75,1,0,376,0,
140,1,3,1,1430.0,1290.0,0.9021,80,1,8,51,0,
140,1,3,1,1430.0,1100.0,0.7692,69,1,2,644,0,
140,1,3,1,1430.0,1290.0,0.9021,106,1,8,418,0,
140,1,3,1,1430.0,860.0,0.6014,68,1,2,482,1,830.0
141,4,1,2,8230.0,8470.0,1.0292,89,1,0,536,1,8470.0
141,4,1,2,8230.0,7170.0,0.8712,80,1,0,273,1,6890.0
141,4,1,2,8230.0,8620.0,1.0474,75,1,0,449,1,8180.0
141,4,1,2,8230.0,7370.0,0.8955,16,1,1,29,1,7370.0
141,4,1,2,8230.0,6610.0,0.8032,106,1,0,586,1,6390.0
141,4,1,2,8230.0,5270.0,0.6403,21,1,0,79,1,5270.0
141,4,1,2,8230.0,9930.0,1.2066,2,1,2,633,1,9620.0
141,4,1,2,8230.0,10820.0,1.3147,96,1,3,289,1,10420.0
141,4,1,2,8230.0,11940.0,1.4508,98,1,8,704,0,
141,4,1,2,8230.0,9010.0,1.0948,50,1,3,366,1,8610.0
141,4,1,2,8230.0,11660.0,1.4168,25,1,1,655,1,10620.0
141,4,1,2,8230.0,7490.0,0.9101,8,1,0,347,1,7310.0
141,4,1,2,8230.0,5150.0,0.6258,68,1,1,339,1,5150.0
141,4,1,2,8230.0,7190.0,0.8736,45,1,3,181,1,6970.0
141,4,1,2,8230.0,6940.0,0.8433,27,1,2,329,1,6680.0
142,2,3,1,2470.0,2540.0,1.0283,98,0,1,405,1,2370.0
142,2,3,1,2470.0,1970.0,0.7976,78,0,3,642,1,1860.0
142,2,3,1,2470.0,2140.0,0.8664,37,0,5,413,0,
142,2,3,1,2470.0,2560.0,1.0364,74,0,5,450,0,
142,2,3,1,2470.0,2780.0,1.1255,17,0,3,217,0,
142,2,3,1,2470.0,1540.0,0.6235,94,0,0,345,1,1540.0
142,2,3,1,2470.0,2420.0,0.9798,8,0,3,372,0,
142,2,3,1,2470.0,2380.0,0.9636,98,0,3,356,0,
142,2,3,1,2470.0,2070.0,0.8381,47,0,1,676,1,2070.0
142,2,3,1,2470.0,2790.0,1.1296,89,0,1,499,1,2490.0
142,2,3,1,2470.0,2260.0,0.915,12,0,5,387,0,
142,2,3,1,2470.0,1880.0,0.7611,22,0,0,258,0,
142,2,3,1,2470.0,1990.0,0.8057,89,0,3,601,0,
142,2,3,1,2470.0,1730.0,0.7004,33,0,2,16,0,
142,2,3,1,2470.0,1840.0,0.7449,90,0,1,263,0,
143,1,1,1,690.0,690.0,1.0,70,1,1,651,0,
143,1,1,1,690.0,640.0,0.9275,3,1,3,576,1,640.0
143,1,1,1,690.0,720.0,1.0435,28,1,0,239,0,
143,1,1,1,690.0,450.0,0.6522,7,1,0,221,0,
143,1,1,1,690.0,850.0,1.2319,109,1,1,79,0,
143,1,1,1,690.0,590.0,0.8551,15,1,1,35,0,
143,1,1,1,690.0,370.0,0.5362,15,1,0,7,1,350.0
143,1,1,1,690.0,550.0,0.7971,93,1,0,90,0,
143,1,1,1,690.0,440.0,0.6377,34,1,1,254,0,
143,1,1,1,690.0,740.0,1.0725,54,1,1,555,0,
143,1,1,1,690.0,620.0,0.8986,68,1,3,32,1,600.0
143,1,1,1,690.0,690.0,1.0,109,1,2,564,0,
143,1,1,1,690.0,950.0,1.3768,98,1,3,681,0,
143,1,1,1,690.0,450.0,0.6522,53,1,5,287,1,450.0
143,1,1,1,690.0,920.0,1.3333,110,1,1,428,0,
144,4,2,2,4040.0,3000.0,0.7426,71,0,1,632,1,2770.0
144,4,2,2,4040.0,3690.0,0.9134,42,0,1,174,1,3530.0
144,4,2,2,4040.0,4060.0,1.005,52,0,1,453,1,4050.0
144,4,2,2,4040.0,5270.0,1.3045,24,0,5,109,1,4880.0
144,4,2,2,4040.0,3720.0,0.9208,97,0,0,261,1,3710.0
144,4,2,2,4040.0,3880.0,0.9604,107,0,1,161,1,3540.0
144,4,2,2,4040.0,3910.0,0.9678,65,0,1,64,1,3780.0
144,4,2,2,4040.0,3700.0,0.9158,11,0,0,445,1,3600.0
144,4,2,2,4040.0,2690.0,0.6658,82,0,2,164,1,2680.0
144,4,2,2,4040.0,4870.0,1.2054,72,0,0,508,1,4580.0
144,4,2,2,4040.0,3240.0,0.802,72,0,1,554,0,
144,4,2,2,4040.0,5140.0,1.2723,5,0,5,79,0,
144,4,2,2,4040.0,3250.0,0.8045,87,0,2,132,1,3010.0
144,4,2,2,4040.0,3100.0,0.7673,68,0,0,405,1,3100.0
144,4,2,2,4040.0,2830.0,0.7005,42,0,0,475,1,2830.0
145,2,2,1,2330.0,2340.0,1.0043,70,1,5,329,1,2160.0
145,2,2,1,2330.0,2020.0,0.867,95,1,2,549,1,1840.0
145,2,2,1,2330.0,1850.0,0.794,24,1,2,276,0,
145,2,2,1,2330.0,2370.0,1.0172,87,1,8,671,0,
145,2,2,1,2330.0,3680.0,1.5794,9,1,0,212,0,
145,2,2,1,2330.0,1940.0,0.8326,43,1,3,110,0,
145,2,2,1,2330.0,1900.0,0.8155,85,1,1,175,1,1770.0
145,2,2,1,2330.0,2650.0,1.1373,87,1,2,107,0,
145,2,2,1,2330.0,3970.0,1.7039,35,1,0,152,0,
145,2,2,1,2330.0,1980.0,0.8498,44,1,3,713,1,1960.0
145,2,2,1,2330.0,2050.0,0.8798,56,1,3,111,0,
145,2,2,1,2330.0,2530.0,1.0858,87,1,5,211,1,2530.0
145,2,2,1,2330.0,1880.0,0.8069,42,1,2,158,1,1710.0
145,2,2,1,2330.0,2250.0,0.9657,96,1,3,119,0,
145,2,2,1,2330.0,2310.0,0.9914,17,1,1,544,1,2310.0
146,3,1,1,3830.0,2780.0,0.7258,52,0,3,379,1,2780.0
146,3,1,1,3830.0,3290.0,0.859,69,0,1,400,1,3000.0
146,3,1,1,3830.0,4640.0,1.2115,7,0,0,114,1,4580.0
146,3,1,1,3830.0,2550.0,0.6658,72,0,5,324,0,
146,3,1,1,3830.0,3210.0,0.8381,48,0,0,192,1,3210.0
146,3,1,1,3830.0,2870.0,0.7493,95,0,0,561,1,2740.0
146,3,1,1,3830.0,5920.0,1.5457,64,0,2,82,0,
146,3,1,1,3830.0,3110.0,0.812,61,0,1,367,1,3090.0
146,3,1,1,3830.0,3190.0,0.8329,44,0,1,47,0,
146,3,1,1,3830.0,2240.0,0.5849,5,0,3,470,1,2150.0
146,3,1,1,3830.0,2830.0,0.7389,31,0,8,57,1,2730.0
146,3,1,1,3830.0,4850.0,1.2663,108,0,0,234,0,
146,3,1,1,3830.0,2330.0,0.6084,23,0,2,454,1,2310.0
146,3,1,1,3830.0,5900.0,1.5405,88,0,3,511,0,
146,3,1,1,3830.0,4040.0,1.0548,79,0,1,685,1,4020.0
147,3,1,1,2330.0,2320.0,0.9957,66,1,0,522,1,2320.0
147,3,1,1,2330.0,3170.0,1.3605,93,1,1,708,1,3080.0
147,3,1,1,2330.0,2400.0,1.03,98,1,1,711,1,2340.0
147,3,1,1,2330.0,1860.0,0.7983,3,1,5,80,1,1860.0
147,3,1,1,2330.0,1740.0,0.7468,24,1,2,386,1,1690.0
147,3,1,1,2330.0,2740.0,1.176,31,1,2,389,1,2520.0
147,3,1,1,2330.0,2180.0,0.9356,108,1,0,180,1,2170.0
147,3,1,1,2330.0,2050.0,0.8798,76,1,8,690,0,
147,3,1,1,2330.0,2880.0,1.2361,29,1,1,16,1,2570.0
147,3,1,1,2330.0,2350.0,1.0086,94,1,5,386,0,
147,3,1,1,2330.0,2060.0,0.8841,80,1,3,257,1,2060.0
147,3,1,1,2330.0,1850.0,0.794,38,1,8,169,0,
147,3,1,1,2330.0,1840.0,0.7897,54,1,8,301,1,1740.0
147,3,1,1,2330.0,1260.0,0.5408,5,1,3,351,0,
147,3,1,1,2330.0,2370.0,1.0172,36,1,0,256,1,2350.0
148,2,1,2,2140.0,2210.0,1.0327,96,1,1,701,0,
148,2,1,2,2140.0,2570.0,1.2009,22,1,1,464,1,2570.0
148,2,1,2,2140.0,1900.0,0.8879,46,1,1,607,0,
148,2,1,2,2140.0,2250.0,1.0514,51,1,2,614,1,2190.0
148,2,1,2,2140.0,1780.0,0.8318,41,1,5,336,0,
148,2,1,2,2140.0,1920.0,0.8972,82,1,0,63,1,1920.0
148,2,1,2,2140.0,2360.0,1.1028,16,1,5,162,0,
148,2,1,2,2140.0,2920.0,1.3645,46,1,2,357,0,
148,2,1,2,2140.0,1770.0,0.8271,91,1,5,77,0,
148,2,1,2,2140.0,2660.0,1.243,63,1,2,458,0,
148,2,1,2,2140.0,2120.0,0.9907,98,1,3,129,1,2110.0
148,2,1,2,2140.0,1600.0,0.7477,16,1,2,630,1,1560.0
148,2,1,2,2140.0,2020.0,0.9439,83,1,2,1,0,
148,2,1,2,2140.0,2270.0,1.0607,26,1,5,126,0,
148,2,1,2,2140.0,1680.0,0.785,88,1,5,693,0,
149,4,2,2,7030.0,10530.0,1.4979,54,0,3,444,0,
149,4,2,2,7030.0,5700.0,0.8108,61,0,1,152,1,5630.0
149,4,2,2,7030.0,7230.0,1.0284,27,0,1,496,1,7230.0
149,4,2,2,7030.0,5270.0,0.7496,61,0,2,578,1,5010.0
149,4,2,2,7030.0,6010.0,0.8549,53,0,0,330,1,6010.0
149,4,2,2,7030.0,11800.0,1.6785,46,0,0,305,0,
149,4,2,2,7030.0,9250.0,1.3158,82,0,1,39,0,
149,4,2,2,7030.0,9040.0,1.2859,53,0,1,468,0,
149,4,2,2,7030.0,4620.0,0.6572,86,0,1,124,1,4280.0
149,4,2,2,7030.0,9090.0,1.293,73,0,1,427,1,8590.0
149,4,2,2,7030.0,9070.0,1.2902,23,0,1,393,1,8740.0
149,4,2,2,7030.0,9350.0,1.33,44,0,5,64,0,
149,4,2,2,7030.0,8440.0,1.2006,1,0,1,621,1,7760.0
149,4,2,2,7030.0,5410.0,0.7696,24,0,1,508,1,5370.0
149,4,2,2,7030.0,5920.0,0.8421,66,0,1,345,1,5790.0
150,4,1,3,8050.0,7820.0,0.9714,13,1,1,553,1,7420.0
150,4,1,3,8050.0,11090.0,1.3776,49,1,8,432,0,
150,4,1,3,8050.0,4920.0,0.6112,66,1,2,634,1,4510.0
150,4,1,3,8050.0,8470.0,1.0522,41,1,0,199,0,
150,4,1,3,8050.0,10160.0,1.2621,41,1,5,99,1,9760.0
150,4,1,3,8050.0,14810.0,1.8398,96,1,2,649,0,
150,4,1,3,8050.0,9030.0,1.1217,49,1,0,492,1,8660.0
150,4,1,3,8050.0,8870.0,1.1019,21,1,0,170,1,8820.0
150,4,1,3,8050.0,7290.0,0.9056,95,1,5,686,1,7150.0
150,4,1,3,8050.0,8240.0,1.0236,16,1,1,384,1,7770.0
150,4,1,3,8050.0,5710.0,0.7093,27,1,2,719,1,5660.0
150,4,1,3,8050.0,4470.0,0.5553,107,1,0,408,1,3970.0
150,4,1,3,8050.0,5920.0,0.7354,101,1,3,557,1,5910.0
150,4,1,3,8050.0,7870.0,0.9776,100,1,5,586,1,7870.0
150,4,1,3,8050.0,5740.0,0.713,25,1,2,615,1,5730.0
151,3,1,2,2500.0,1450.0,0.58,95,1,0,474,1,1450.0
151,3,1,2,2500.0,2340.0,0.936,69,1,1,146,1,2250.0
151,3,1,2,2500.0,3010.0,1.204,77,1,5,531,0,
151,3,1,2,2500.0,2120.0,0.848,40,1,2,557,0,
151,3,1,2,2500.0,3520.0,1.408,98,1,0,277,1,3280.0
151,3,1,2,2500.0,2560.0,1.024,83,1,1,617,0,
151,3,1,2,2500.0,1890.0,0.756,78,1,3,240,1,1850.0
151,3,1,2,2500.0,2690.0,1.076,46,1,0,303,1,2600.0
151,3,1,2,2500.0,3570.0,1.428,48,1,5,240,0,
151,3,1,2,2500.0,1850.0,0.74,77,1,0,426,1,1820.0
151,3,1,2,2500.0,2430.0,0.972,24,1,3,679,1,2370.0
151,3,1,2,2500.0,2270.0,0.908,71,1,3,700,1,2270.0
151,3,1,2,2500.0,2210.0,0.884,94,1,0,324,1,2210.0
151,3,1,2,2500.0,1790.0,0.716,36,1,5,98,0,
151,3,1,2,2500.0,2450.0,0.98,93,1,2,221,1,2450.0
152,3,1,2,4110.0,5170.0,1.2579,103,0,0,375,1,5050.0
152,3,1,2,4110.0,4670.0,1.1363,74,0,1,146,1,4120.0
152,3,1,2,4110.0,3000.0,0.7299,54,0,3,351,1,2770.0
152,3,1,2,4110.0,3200.0,0.7786,21,0,0,62,0,
152,3,1,2,4110.0,4470.0,1.0876,97,0,0,246,0,
152,3,1,2,4110.0,4680.0,1.1387,101,0,0,173,1,4510.0
152,3,1,2,4110.0,5600.0,1.3625,61,0,2,69,1,5600.0
152,3,1,2,4110.0,3030.0,0.7372,28,0,1,269,1,3030.0
152,3,1,2,4110.0,4370.0,1.0633,33,0,8,491,0,
152,3,1,2,4110.0,3140.0,0.764,12,0,3,450,1,2980.0
152,3,1,2,4110.0,5320.0,1.2944,38,0,1,378,0,
152,3,1,2,4110.0,3880.0,0.944,92,0,1,111,1,3600.0
152,3,1,2,4110.0,3480.0,0.8467,3,0,0,615,1,3350.0
152,3,1,2,4110.0,4540.0,1.1046,74,0,2,674,1,4470.0
152,3,1,2,4110.0,2900.0,0.7056,34,0,1,662,1,2880.0
153,3,1,2,3060.0,3410.0,1.1144,104,0,1,176,0,
153,3,1,2,3060.0,2610.0,0.8529,59,0,0,14,1,2340.0
153,3,1,2,3060.0,2960.0,0.9673,38,0,3,369,0,
153,3,1,2,3060.0,2400.0,0.7843,100,0,1,714,1,2400.0
153,3,1,2,3060.0,3550.0,1.1601,67,0,1,437,0,
153,3,1,2,3060.0,3450.0,1.1275,61,0,3,546,1,3120.0
153,3,1,2,3060.0,3170.0,1.0359,65,0,0,140,0,
153,3,1,2,3060.0,3460.0,1.1307,66,0,0,150,1,3050.0
153,3,1,2,3060.0,2720.0,0.8889,87,0,3,486,1,2510.0
153,3,1,2,3060.0,3980.0,1.3007,91,0,1,408,1,3980.0
153,3,1,2,3060.0,3050.0,0.9967,100,0,8,57,0,
153,3,1,2,3060.0,4070.0,1.3301,6,0,8,200,1,3860.0
153,3,1,2,3060.0,3070.0,1.0033,35,0,2,85,1,3060.0
153,3,1,2,3060.0,3090.0,1.0098,64,0,1,158,0,
153,3,1,2,3060.0,4520.0,1.4771,26,0,3,172,0,
154,3,2,1,3440.0,2930.0,0.8517,68,1,1,288,1,2930.0
154,3,2,1,3440.0,2490.0,0.7238,65,1,1,21,0,
154,3,2,1,3440.0,4400.0,1.2791,90,1,0,673,1,4310.0
154,3,2,1,3440.0,2940.0,0.8547,88,1,1,506,1,2610.0
154,3,2,1,3440.0,3640.0,1.0581,82,1,8,453,0,
154,3,2,1,3440.0,2800.0,0.814,56,1,5,374,1,2660.0
154,3,2,1,3440.0,3480.0,1.0116,67,1,0,605,1,3190.0
154,3,2,1,3440.0,1860.0,0.5407,105,1,0,543,1,1860.0
154,3,2,1,3440.0,3920.0,1.1395,109,1,0,618,1,3850.0
154,3,2,1,3440.0,3930.0,1.1424,38,1,0,407,1,3770.0
154,3,2,1,3440.0,2340.0,0.6802,63,1,0,351,1,2340.0
154,3,2,1,3440.0,3440.0,1.0,77,1,8,238,0,
154,3,2,1,3440.0,2710.0,0.7878,93,1,2,119,1,2710.0
154,3,2,1,3440.0,3980.0,1.157,56,1,2,146,0,
154,3,2,1,3440.0,2460.0,0.7151,49,1,0,292,0,
155,2,1,2,2430.0,3720.0,1.5309,95,0,1,520,0,
155,2,1,2,2430.0,3700.0,1.5226,60,0,2,683,0,
155,2,1,2,2430.0,2470.0,1.0165,94,0,1,462,1,2290.0
155,2,1,2,2430.0,1540.0,0.6337,88,0,1,347,1,1490.0
155,2,1,2,2430.0,2280.0,0.9383,12,0,0,163,1,2100.0
155,2,1,2,2430.0,1990.0,0.8189,49,0,1,116,0,
155,2,1,2,2430.0,1570.0,0.6461,27,0,3,422,0,
155,2,1,2,2430.0,3040.0,1.251,8,0,3,682,1,3030.0
155,2,1,2,2430.0,2150.0,0.8848,107,0,5,453,0,
155,2,1,2,2430.0,1570.0,0.6461,109,0,0,666,1,1520.0
155,2,1,2,2430.0,3420.0,1.4074,58,0,1,474,0,
155,2,1,2,2430.0,1910.0,0.786,46,0,1,594,1,1860.0
155,2,1,2,2430.0,2310.0,0.9506,66,0,0,201,0,
155,2,1,2,2430.0,2040.0,0.8395,38,0,5,261,1,2040.0
155,2,1,2,2430.0,2220.0,0.9136,66,0,2,269,0,
156,3,3,1,3490.0,2800.0,0.8023,60,1,0,151,1,2800.0
156,3,3,1,3490.0,2120.0,0.6074,84,1,0,528,1,1950.0
156,3,3,1,3490.0,2390.0,0.6848,91,1,2,551,1,2390.0
156,3,3,1,3490.0,4400.0,1.2607,73,1,1,613,0,
156,3,3,1,3490.0,3420.0,0.9799,107,1,5,527,1,3380.0
156,3,3,1,3490.0,3130.0,0.8968,98,1,2,435,0,
156,3,3,1,3490.0,4540.0,1.3009,29,1,3,133,0,
156,3,3,1,3490.0,4060.0,1.1633,100,1,1,72,0,
156,3,3,1,3490.0,3570.0,1.0229,62,1,2,377,0,
156,3,3,1,3490.0,2970.0,0.851,51,1,1,87,0,
156,3,3,1,3490.0,3270.0,0.937,50,1,5,114,1,3270.0
156,3,3,1,3490.0,4610.0,1.3209,8,1,2,47,0,
156,3,3,1,3490.0,2920.0,0.8367,78,1,0,462,1,2790.0
156,3,3,1,3490.0,2390.0,0.6848,97,1,0,39,1,2340.0
156,3,3,1,3490.0,4080.0,1.1691,45,1,5,482,0,
157,3,3,2,4460.0,4500.0,1.009,109,1,8,267,0,
157,3,3,2,4460.0,6150.0,1.3789,65,1,2,638,1,6070.0
157,3,3,2,4460.0,3840.0,0.861,96,1,8,515,0,
157,3,3,2,4460.0,4650.0,1.0426,58,1,3,208,0,
157,3,3,2,4460.0,2560.0,0.574,105,1,0,607,0,
157,3,3,2,4460.0,4660.0,1.0448,73,1,2,697,0,
157,3,3,2,4460.0,6540.0,1.4664,20,1,1,713,0,
157,3,3,2,4460.0,4310.0,0.9664,9,1,1,330,1,4300.0
157,3,3,2,4460.0,4970.0,1.1143,17,1,1,152,0,
157,3,3,2,4460.0,5610.0,1.2578,83,1,3,300,1,5610.0
157,3,3,2,4460.0,3610.0,0.8094,5,1,1,313,0,
157,3,3,2,4460.0,4320.0,0.9686,60,1,5,691,0,
157,3,3,2,4460.0,3850.0,0.8632,21,1,2,195,1,3850.0
157,3,3,2,4460.0,2850.0,0.639,60,1,0,536,1,2640.0
157,3,3,2,4460.0,2740.0,0.6143,36,1,1,565,1,2520.0
158,4,2,2,6010.0,6980.0,1.1614,29,0,2,557,0,
158,4,2,2,6010.0,6290.0,1.0466,31,0,1,148,1,6290.0
158,4,2,2,6010.0,2980.0,0.4958,87,0,1,451,1,2980.0
158,4,2,2,6010.0,5760.0,0.9584,4,0,0,293,1,5760.0
158,4,2,2,6010.0,5170.0,0.8602,52,0,2,245,1,5040.0
158,4,2,2,6010.0,6760.0,1.1248,64,0,0,18,1,6630.0
158,4,2,2,6010.0,5790.0,0.9634,67,0,3,490,1,5490.0
158,4,2,2,6010.0,5230.0,0.8702,16,0,5,526,1,4480.0
158,4,2,2,6010.0,3050.0,0.5075,59,0,1,113,1,3010.0
158,4,2,2,6010.0,8840.0,1.4709,44,0,2,399,0,
158,4,2,2,6010.0,4380.0,0.7288,6,0,2,373,1,4090.0
158,4,2,2,6010.0,5860.0,0.975,40,0,0,587,1,5420.0
158,4,2,2,6010.0,4670.0,0.777,4,0,0,363,1,4280.0
158,4,2,2,6010.0,5540.0,0.9218,54,0,1,205,1,5260.0
158,4,2,2,6010.0,3460.0,0.5757,86,0,1,67,1,3170.0
159,2,2,1,1240.0,1230.0,0.9919,74,0,0,143,0,
159,2,2,1,1240.0,960.0,0.7742,58,0,5,385,0,
159,2,2,1,1240.0,1060.0,0.8548,7,0,1,425,1,1000.0
159,2,2,1,1240.0,1430.0,1.1532,104,0,0,38,0,
159,2,2,1,1240.0,1840.0,1.4839,87,0,1,287,0,
159,2,2,1,1240.0,1250.0,1.0081,89,0,0,312,0,
159,2,2,1,1240.0,1170.0,0.9435,3,0,0,556,1,1170.0
159,2,2,1,1240.0,1070.0,0.8629,3,0,1,630,1,1030.0
159,2,2,1,1240.0,1160.0,0.9355,92,0,0,690,1,1100.0
159,2,2,1,1240.0,2300.0,1.8548,42,0,1,528,0,
159,2,2,1,1240.0,1340.0,1.0806,78,0,3,21,0,
159,2,2,1,1240.0,1080.0,0.871,12,0,1,683,1,1040.0
159,2,2,1,1240.0,1130.0,0.9113,94,0,2,232,1,1130.0
159,2,2,1,1240.0,670.0,0.5403,8,0,1,633,0,
159,2,2,1,1240.0,1260.0,1.0161,99,0,1,277,1,1190.0
160,4,1,2,7110.0,2840.0,0.3994,64,0,5,500,1,2820.0
160,4,1,2,7110.0,6630.0,0.9325,78,0,3,655,1,6630.0
160,4,1,2,7110.0,4540.0,0.6385,30,0,0,17,1,4540.0
160,4,1,2,7110.0,5010.0,0.7046,11,0,8,355,1,5010.0
160,4,1,2,7110.0,10360.0,1.4571,102,0,0,554,0,
160,4,1,2,7110.0,4050.0,0.5696,17,0,2,122,1,3670.0
160,4,1,2,7110.0,5530.0,0.7778,96,0,0,68,1,5330.0
160,4,1,2,7110.0,7600.0,1.0689,56,0,1,214,1,7600.0
160,4,1,2,7110.0,7910.0,1.1125,96,0,5,285,1,7060.0
160,4,1,2,7110.0,7360.0,1.0352,84,0,0,270,1,6860.0
160,4,1,2,7110.0,8710.0,1.225,23,0,0,434,1,8480.0
160,4,1,2,7110.0,5920.0,0.8326,3,0,5,111,0,
160,4,1,2,7110.0,6930.0,0.9747,107,0,1,686,0,
160,4,1,2,7110.0,5220.0,0.7342,69,0,5,143,0,
160,4,1,2,7110.0,6850.0,0.9634,74,0,0,10,1,6730.0
161,2,2,1,1560.0,2130.0,1.3654,37,0,0,549,0,
161,2,2,1,1560.0,1970.0,1.2628,75,0,0,381,0,
161,2,2,1,1560.0,2150.0,1.3782,9,0,2,149,0,
161,2,2,1,1560.0,1160.0,0.7436,15,0,3,177,0,
161,2,2,1,1560.0,1780.0,1.141,40,0,3,459,0,
161,2,2,1,1560.0,2040.0,1.3077,66,0,2,706,0,
161,2,2,1,1560.0,1630.0,1.0449,89,0,1,591,0,
161,2,2,1,1560.0,1190.0,0.7628,96,0,0,29,0,
161,2,2,1,1560.0,1000.0,0.641,3,0,1,568,0,
161,2,2,1,1560.0,1270.0,0.8141,75,0,1,278,1,1240.0
161,2,2,1,1560.0,2090.0,1.3397,5,0,0,717,0,
161,2,2,1,1560.0,1160.0,0.7436,49,0,5,285,0,
161,2,2,1,1560.0,1110.0,0.7115,79,0,0,661,1,1050.0
161,2,2,1,1560.0,1760.0,1.1282,70,0,1,234,0,
161,2,2,1,1560.0,1150.0,0.7372,102,0,0,436,0,
162,2,1,2,2340.0,1990.0,0.8504,65,1,0,47,1,1960.0
162,2,1,2,2340.0,1400.0,0.5983,57,1,1,596,1,1400.0
162,2,1,2,2340.0,2940.0,1.2564,108,1,0,81,0,
162,2,1,2,2340.0,2930.0,1.2521,8,1,5,216,0,
162,2,1,2,2340.0,2500.0,1.0684,30,1,2,647,0,
162,2,1,2,2340.0,2390.0,1.0214,20,1,1,229,1,2390.0
162,2,1,2,2340.0,2800.0,1.1966,74,1,1,464,0,
162,2,1,2,2340.0,1790.0,0.765,50,1,0,431,1,1750.0
162,2,1,2,2340.0,1910.0,0.8162,109,1,0,641,0,
162,2,1,2,2340.0,2270.0,0.9701,16,1,0,343,0,
162,2,1,2,2340.0,1190.0,0.5085,62,1,2,210,1,1170.0
162,2,1,2,2340.0,2600.0,1.1111,35,1,1,244,1,2600.0
162,2,1,2,2340.0,3190.0,1.3632,28,1,1,66,0,
162,2,1,2,2340.0,2370.0,1.0128,63,1,2,661,1,2150.0
162,2,1,2,2340.0,2070.0,0.8846,69,1,1,380,0,
163,3,1,1,1650.0,1330.0,0.8061,63,1,3,474,1,1330.0
163,3,1,1,1650.0,1300.0,0.7879,98,1,2,583,1,1260.0
163,3,1,1,1650.0,1610.0,0.9758,57,1,0,310,1,1590.0
163,3,1,1,1650.0,2070.0,1.2545,59,1,1,112,1,1980.0
163,3,1,1,1650.0,1860.0,1.1273,21,1,8,233,0,
163,3,1,1,1650.0,2330.0,1.4121,11,1,0,445,1,2080.0
163,3,1,1,1650.0,2040.0,1.2364,34,1,0,506,1,1980.0
163,3,1,1,1650.0,1930.0,1.1697,25,1,1,642,1,1800.0
163,3,1,1,1650.0,1640.0,0.9939,39,1,1,212,1,1600.0
163,3,1,1,1650.0,1840.0,1.1152,7,1,8,328,0,
163,3,1,1,1650.0,1360.0,0.8242,49,1,5,251,0,
163,3,1,1,1650.0,1440.0,0.8727,51,1,5,584,1,1250.0
163,3,1,1,1650.0,1850.0,1.1212,60,1,1,217,1,1790.0
163,3,1,1,1650.0,1960.0,1.1879,19,1,1,534,1,1910.0
163,3,1,1,1650.0,1230.0,0.7455,106,1,1,420,1,1190.0
164,2,2,1,1510.0,1510.0,1.0,73,0,5,366,1,1470.0
164,2,2,1,1510.0,1370.0,0.9073,80,0,3,551,0,
164,2,2,1,1510.0,1410.0,0.9338,70,0,1,456,0,
164,2,2,1,1510.0,1950.0,1.2914,97,0,5,289,0,
164,2,2,1,1510.0,1460.0,0.9669,94,0,3,193,0,
164,2,2,1,1510.0,1540.0,1.0199,70,0,2,454,1,1520.0
164,2,2,1,1510.0,1610.0,1.0662,66,0,3,115,1,1610.0
164,2,2,1,1510.0,1490.0,0.9868,3,0,2,370,0,
164,2,2,1,1510.0,1130.0,0.7483,44,0,1,309,1,1130.0
164,2,2,1,1510.0,1520.0,1.0066,15,0,5,106,0,
164,2,2,1,1510.0,1460.0,0.9669,48,0,0,301,1,1460.0
164,2,2,1,1510.0,1840.0,1.2185,74,0,1,165,0,
164,2,2,1,1510.0,1290.0,0.8543,78,0,1,291,1,1210.0
164,2,2,1,1510.0,1820.0,1.2053,8,0,8,182,0,
164,2,2,1,1510.0,1190.0,0.7881,61,0,3,195,0,
165,1,2,1,1160.0,1260.0,1.0862,13,1,2,702,0,
165,1,2,1,1160.0,1530.0,1.319,100,1,2,544,0,
165,1,2,1,1160.0,1440.0,1.2414,3,1,2,639,0,
165,1,2,1,1160.0,820.0,0.7069,65,1,0,296,1,780.0
165,1,2,1,1160.0,890.0,0.7672,71,1,1,688,0,
165,1,2,1,1160.0,1150.0,0.9914,57,1,5,171,0,
165,1,2,1,1160.0,1250.0,1.0776,57,1,1,671,0,
165,1,2,1,1160.0,1040.0,0.8966,103,1,2,104,0,
165,1,2,1,1160.0,1080.0,0.931,69,1,0,573,0,
165,1,2,1,1160.0,710.0,0.6121,29,1,0,134,0,
165,1,2,1,1160.0,850.0,0.7328,45,1,2,108,0,
165,1,2,1,1160.0,890.0,0.7672,72,1,2,428,0,
165,1,2,1,1160.0,1410.0,1.2155,108,1,1,346,0,
165,1,2,1,1160.0,1060.0,0.9138,77,1,0,1,1,1000.0
165,1,2,1,1160.0,970.0,0.8362,10,1,2,61,0,
166,4,1,2,6780.0,9530.0,1.4056,48,1,8,569,0,
166,4,1,2,6780.0,6940.0,1.0236,77,1,3,78,1,6540.0
166,4,1,2,6780.0,4440.0,0.6549,21,1,2,66,1,4270.0
166,4,1,2,6780.0,6560.0,0.9676,54,1,0,385,1,6210.0
166,4,1,2,6780.0,6880.0,1.0147,106,1,3,696,1,6860.0
166,4,1,2,6780.0,5050.0,0.7448,66,1,2,363,1,4820.0
166,4,1,2,6780.0,4730.0,0.6976,27,1,3,348,1,4510.0
166,4,1,2,6780.0,8050.0,1.1873,49,1,1,301,1,7590.0
166,4,1,2,6780.0,8010.0,1.1814,108,1,0,420,1,8010.0
166,4,1,2,6780.0,8200.0,1.2094,36,1,0,231,1,8160.0
166,4,1,2,6780.0,8450.0,1.2463,40,1,1,148,1,7930.0
166,4,1,2,6780.0,5450.0,0.8038,69,1,2,123,1,5120.0
166,4,1,2,6780.0,6260.0,0.9233,75,1,2,103,1,5980.0
166,4,1,2,6780.0,6930.0,1.0221,74,1,5,582,1,6690.0
166,4,1,2,6780.0,7200.0,1.0619,97,1,0,243,1,7100.0
167,3,1,2,2780.0,2560.0,0.9209,43,0,1,455,0,
167,3,1,2,2780.0,2770.0,0.9964,45,0,0,647,1,2690.0
167,3,1,2,2780.0,1740.0,0.6259,38,0,1,228,1,1730.0
167,3,1,2,2780.0,2140.0,0.7698,99,0,1,458,0,
167,3,1,2,2780.0,3110.0,1.1187,78,0,2,636,0,
167,3,1,2,2780.0,2370.0,0.8525,97,0,3,533,1,2280.0
167,3,1,2,2780.0,3360.0,1.2086,39,0,0,22,0,
167,3,1,2,2780.0,3320.0,1.1942,70,0,0,188,1,3320.0
167,3,1,2,2780.0,2520.0,0.9065,59,0,2,90,1,2490.0
167,3,1,2,2780.0,4580.0,1.6475,105,0,0,428,0,
167,3,1,2,2780.0,3170.0,1.1403,20,0,1,316,1,3170.0
167,3,1,2,2780.0,3120.0,1.1223,5,0,0,348,1,3040.0
167,3,1,2,2780.0,2710.0,0.9748,103,0,1,481,1,2560.0
167,3,1,2,2780.0,2630.0,0.946,51,0,0,348,1,2630.0
167,3,1,2,2780.0,2860.0,1.0288,31,0,0,584,0,
168,1,1,1,1400.0,1060.0,0.7571,37,1,2,132,0,
168,1,1,1,1400.0,1390.0,0.9929,90,1,3,646,1,1340.0
168,1,1,1,1400.0,1690.0,1.2071,15,1,1,652,0,
168,1,1,1,1400.0,730.0,0.5214,109,1,2,434,0,
168,1,1,1,1400.0,1530.0,1.0929,75,1,2,428,0,
168,1,1,1,1400.0,1710.0,1.2214,15,1,2,410,0,
168,1,1,1,1400.0,990.0,0.7071,58,1,2,525,0,
168,1,1,1,1400.0,1080.0,0.7714,41,1,2,18,0,
168,1,1,1,1400.0,1360.0,0.9714,32,1,1,185,0,
168,1,1,1,1400.0,1250.0,0.8929,61,1,1,643,0,
168,1,1,1,1400.0,1360.0,0.9714,81,1,2,625,0,
168,1,1,1,1400.0,1260.0,0.9,100,1,2,551,0,
168,1,1,1,1400.0,1120.0,0.8,6,1,0,335,1,980.0
168,1,1,1,1400.0,1330.0,0.95,61,1,0,708,0,
168,1,1,1,1400.0,2300.0,1.6429,36,1,1,555,0,
169,4,1,1,8390.0,8780.0,1.0465,76,0,1,168,1,8780.0
169,4,1,1,8390.0,5330.0,0.6353,107,0,0,76,1,5330.0
169,4,1,1,8390.0,8900.0,1.0608,68,0,8,268,0,
169,4,1,1,8390.0,8200.0,0.9774,35,0,0,529,1,7610.0
169,4,1,1,8390.0,10700.0,1.2753,22,0,8,174,0,
169,4,1,1,8390.0,8220.0,0.9797,105,0,3,96,1,7970.0
169,4,1,1,8390.0,8210.0,0.9785,30,0,3,394,1,8210.0
169,4,1,1,8390.0,8700.0,1.0369,104,0,2,389,1,8300.0
169,4,1,1,8390.0,8550.0,1.0191,58,0,0,133,1,8540.0
169,4,1,1,8390.0,6420.0,0.7652,42,0,5,150,1,6110.0
169,4,1,1,8390.0,6420.0,0.7652,68,0,2,399,1,6130.0
169,4,1,1,8390.0,6210.0,0.7402,12,0,0,415,1,6210.0
169,4,1,1,8390.0,7270.0,0.8665,53,0,0,338,1,7170.0
169,4,1,1,8390.0,12250.0,1.4601,57,0,0,578,1,12250.0
169,4,1,1,8390.0,12460.0,1.4851,16,0,2,533,1,12040.0
170,3,1,3,2210.0,3370.0,1.5249,78,1,0,506,1,3130.0
170,3,1,3,2210.0,1810.0,0.819,22,1,8,124,0,
170,3,1,3,2210.0,1950.0,0.8824,66,1,2,144,1,1950.0
170,3,1,3,2210.0,3540.0,1.6018,88,1,5,472,0,
170,3,1,3,2210.0,1560.0,0.7059,89,1,0,222,1,1540.0
170,3,1,3,2210.0,2140.0,0.9683,100,1,1,275,1,1990.0
170,3,1,3,2210.0,1560.0,0.7059,73,1,5,512,1,1440.0
170,3,1,3,2210.0,2100.0,0.9502,12,1,0,195,1,2100.0
170,3,1,3,2210.0,2200.0,0.9955,41,1,5,273,1,2200.0
170,3,1,3,2210.0,3030.0,1.371,59,1,5,114,0,
170,3,1,3,2210.0,2820.0,1.276,1,1,1,75,0,
170,3,1,3,2210.0,2610.0,1.181,91,1,2,619,1,2530.0
170,3,1,3,2210.0,2320.0,1.0498,10,1,1,406,1,2290.0
170,3,1,3,2210.0,2730.0,1.2353,78,1,8,144,0,
170,3,1,3,2210.0,1920.0,0.8688,68,1,0,262,0,
171,3,1,1,3330.0,4250.0,1.2763,28,1,0,373,0,
171,3,1,1,3330.0,2890.0,0.8679,92,1,1,516,1,2890.0
171,3,1,1,3330.0,3450.0,1.036,6,1,2,72,1,3450.0
171,3,1,1,3330.0,2750.0,0.8258,99,1,1,113,1,2650.0
171,3,1,1,3330.0,2990.0,0.8979,46,1,5,533,1,2870.0
171,3,1,1,3330.0,5970.0,1.7928,36,1,1,235,0,
171,3,1,1,3330.0,2240.0,0.6727,50,1,0,86,0,
171,3,1,1,3330.0,3350.0,1.006,64,1,0,609,1,3190.0
171,3,1,1,3330.0,2590.0,0.7778,47,1,0,479,1,2470.0
171,3,1,1,3330.0,2420.0,0.7267,92,1,0,507,1,2420.0
171,3,1,1,3330.0,2880.0,0.8649,75,1,0,436,1,2850.0
171,3,1,1,3330.0,2620.0,0.7868,17,1,1,223,1,2620.0
171,3,1,1,3330.0,8250.0,2.4775,37,1,3,145,0,
171,3,1,1,3330.0,2500.0,0.7508,20,1,3,152,1,2150.0
171,3,1,1,3330.0,2510.0,0.7538,101,1,0,394,0,
172,2,2,1,2010.0,1870.0,0.9303,104,1,5,711,0,
172,2,2,1,2010.0,2210.0,1.0995,58,1,1,611,0,
172,2,2,1,2010.0,2320.0,1.1542,37,1,1,663,0,
172,2,2,1,2010.0,1860.0,0.9254,10,1,5,521,0,
172,2,2,1,2010.0,3090.0,1.5373,15,1,1,609,0,
172,2,2,1,2010.0,2300.0,1.1443,18,1,1,51,1,2090.0
172,2,2,1,2010.0,1830.0,0.9104,59,1,2,126,1,1730.0
172,2,2,1,2010.0,1570.0,0.7811,11,1,3,192,1,1570.0
172,2,2,1,2010.0,2510.0,1.2488,17,1,8,447,0,
172,2,2,1,2010.0,1500.0,0.7463,100,1,0,95,1,1460.0
172,2,2,1,2010.0,1600.0,0.796,11,1,0,361,1,1540.0
172,2,2,1,2010.0,1860.0,0.9254,101,1,2,377,0,
172,2,2,1,2010.0,1580.0,0.7861,69,1,0,70,1,1580.0
172,2,2,1,2010.0,1720.0,0.8557,64,1,2,102,1,1690.0
172,2,2,1,2010.0,2050.0,1.0199,102,1,1,201,1,1870.0
173,1,3,1,1760.0,1890.0,1.0739,93,1,5,415,0,
173,1,3,1,1760.0,1410.0,0.8011,44,1,0,297,0,
173,1,3,1,1760.0,1390.0,0.7898,102,1,1,466,1,1310.0
173,1,3,1,1760.0,1350.0,0.767,33,1,1,30,1,1350.0
173,1,3,1,1760.0,1770.0,1.0057,39,1,1,95,1,1730.0
173,1,3,1,1760.0,2480.0,1.4091,42,1,0,94,0,
173,1,3,1,1760.0,2430.0,1.3807,52,1,0,470,0,
173,1,3,1,1760.0,2780.0,1.5795,19,1,2,23,0,
173,1,3,1,1760.0,1960.0,1.1136,105,1,3,253,1,1830.0
173,1,3,1,1760.0,1560.0,0.8864,37,1,1,392,0,
173,1,3,1,1760.0,1460.0,0.8295,56,1,3,304,0,
173,1,3,1,1760.0,1710.0,0.9716,71,1,1,228,0,
173,1,3,1,1760.0,2440.0,1.3864,36,1,0,275,0,
173,1,3,1,1760.0,1280.0,0.7273,51,1,0,667,1,1210.0
173,1,3,1,1760.0,2660.0,1.5114,34,1,8,617,0,
174,3,3,2,3910.0,5220.0,1.335,69,1,2,374,0,
174,3,3,2,3910.0,3860.0,0.9872,51,1,2,168,1,3860.0
174,3,3,2,3910.0,3700.0,0.9463,30,1,2,701,1,3700.0
174,3,3,2,3910.0,3390.0,0.867,28,1,1,149,1,3260.0
174,3,3,2,3910.0,5340.0,1.3657,5,1,3,606,0,
174,3,3,2,3910.0,3890.0,0.9949,51,1,1,466,0,
174,3,3,2,3910.0,4990.0,1.2762,91,1,0,127,1,4970.0
174,3,3,2,3910.0,5990.0,1.532,40,1,0,264,0,
174,3,3,2,3910.0,7220.0,1.8465,22,1,5,501,0,
174,3,3,2,3910.0,5480.0,1.4015,9,1,5,712,0,
174,3,3,2,3910.0,4080.0,1.0435,27,1,1,218,1,3940.0
174,3,3,2,3910.0,4060.0,1.0384,97,1,0,662,1,3700.0
174,3,3,2,3910.0,2140.0,0.5473,68,1,2,302,1,2140.0
174,3,3,2,3910.0,3070.0,0.7852,71,1,1,628,0,
174,3,3,2,3910.0,5110.0,1.3069,25,1,0,250,0,
175,3,1,1,5000.0,2960.0,0.592,45,0,8,673,1,2780.0
175,3,1,1,5000.0,3420.0,0.684,100,0,0,376,1,3360.0
175,3,1,1,5000.0,4800.0,0.96,81,0,5,346,1,4380.0
175,3,1,1,5000.0,4150.0,0.83,83,0,1,91,1,4150.0
175,3,1,1,5000.0,2000.0,0.4,110,0,1,299,1,2000.0
175,3,1,1,5000.0,4820.0,0.964,109,0,5,154,1,4820.0
175,3,1,1,5000.0,4250.0,0.85,90,0,0,49,1,3820.0
175,3,1,1,5000.0,6150.0,1.23,39,0,1,606,0,
175,3,1,1,5000.0,3820.0,0.764,14,0,5,352,1,3670.0
175,3,1,1,5000.0,4540.0,0.908,85,0,5,559,1,4000.0
175,3,1,1,5000.0,4590.0,0.918,34,0,3,405,1,4360.0
175,3,1,1,5000.0,4210.0,0.842,82,0,1,290,1,4210.0
175,3,1,1,5000.0,3270.0,0.654,106,0,0,349,1,2880.0
175,3,1,1,5000.0,4570.0,0.914,21,0,2,175,1,4520.0
175,3,1,1,5000.0,3440.0,0.688,51,0,2,22,1,3440.0
176,2,2,1,1180.0,1380.0,1.1695,25,1,1,576,1,1380.0
176,2,2,1,1180.0,920.0,0.7797,14,1,1,487,0,
176,2,2,1,1180.0,1390.0,1.178,32,1,1,332,0,
176,2,2,1,1180.0,1000.0,0.8475,41,1,2,648,1,1000.0
176,2,2,1,1180.0,1050.0,0.8898,25,1,3,344,1,980.0
176,2,2,1,1180.0,1140.0,0.9661,89,1,3,463,0,
176,2,2,1,1180.0,1320.0,1.1186,101,1,1,402,0,
176,2,2,1,1180.0,1450.0,1.2288,70,1,0,649,1,1370.0
176,2,2,1,1180.0,1360.0,1.1525,12,1,5,300,1,1320.0
176,2,2,1,1180.0,1030.0,0.8729,3,1,2,518,1,1030.0
176,2,2,1,1180.0,1210.0,1.0254,13,1,3,485,1,1130.0
176,2,2,1,1180.0,1320.0,1.1186,50,1,3,162,1,1320.0
176,2,2,1,1180.0,870.0,0.7373,87,1,8,569,1,870.0
176,2,2,1,1180.0,1050.0,0.8898,59,1,2,371,1,970.0
176,2,2,1,1180.0,1770.0,1.5,86,1,0,258,0,
177,3,2,1,4620.0,3430.0,0.7424,97,0,2,584,1,3210.0
177,3,2,1,4620.0,4950.0,1.0714,91,0,0,441,1,4460.0
177,3,2,1,4620.0,4210.0,0.9113,94,0,0,183,1,4210.0
177,3,2,1,4620.0,4180.0,0.9048,80,0,0,703,1,4130.0
177,3,2,1,4620.0,4430.0,0.9589,78,0,0,638,0,
177,3,2,1,4620.0,5710.0,1.2359,16,0,2,127,1,5710.0
177,3,2,1,4620.0,4280.0,0.9264,2,0,2,82,1,3850.0
177,3,2,1,4620.0,5220.0,1.1299,105,0,0,669,1,5170.0
177,3,2,1,4620.0,3880.0,0.8398,60,0,5,552,0,
177,3,2,1,4620.0,4170.0,0.9026,88,0,5,689,1,3990.0
177,3,2,1,4620.0,5250.0,1.1364,77,0,2,204,1,5140.0
177,3,2,1,4620.0,4500.0,0.974,29,0,1,95,1,4230.0
177,3,2,1,4620.0,3760.0,0.8139,80,0,5,245,1,3460.0
177,3,2,1,4620.0,5760.0,1.2468,33,0,0,378,0,
177,3,2,1,4620.0,5910.0,1.2792,56,0,0,481,1,5660.0
178,2,2,1,2740.0,2590.0,0.9453,35,1,3,43,1,2550.0
178,2,2,1,2740.0,3290.0,1.2007,52,1,0,618,1,3290.0
178,2,2,1,2740.0,3100.0,1.1314,50,1,0,546,1,3070.0
178,2,2,1,2740.0,2800.0,1.0219,70,1,5,155,0,
178,2,2,1,2740.0,3340.0,1.219,83,1,2,675,1,3260.0
178,2,2,1,2740.0,2260.0,0.8248,20,1,2,509,1,2240.0
178,2,2,1,2740.0,2150.0,0.7847,86,1,5,666,1,2150.0
178,2,2,1,2740.0,3280.0,1.1971,96,1,0,364,0,
178,2,2,1,2740.0,3360.0,1.2263,94,1,1,1,0,
178,2,2,1,2740.0,2940.0,1.073,105,1,1,551,1,2820.0
178,2,2,1,2740.0,2050.0,0.7482,25,1,0,108,1,2050.0
178,2,2,1,2740.0,2610.0,0.9526,77,1,0,127,1,2540.0
178,2,2,1,2740.0,1970.0,0.719,57,1,0,543,1,1820.0
178,2,2,1,2740.0,2420.0,0.8832,80,1,1,108,0,
178,2,2,1,2740.0,3410.0,1.2445,29,1,0,711,0,
179,2,2,1,2030.0,2170.0,1.069,66,0,3,560,1,2080.0
179,2,2,1,2030.0,1890.0,0.931,81,0,8,602,1,1870.0
179,2,2,1,2030.0,1740.0,0.8571,4,0,8,169,1,1650.0
179,2,2,1,2030.0,2330.0,1.1478,29,0,1,320,0,
179,2,2,1,2030.0,2840.0,1.399,54,0,0,319,0,
179,2,2,1,2030.0,2090.0,1.0296,105,0,1,454,1,1840.0
179,2,2,1,2030.0,1560.0,0.7685,43,0,5,700,0,
179,2,2,1,2030.0,1800.0,0.8867,76,0,2,237,1,1750.0
179,2,2,1,2030.0,2160.0,1.064,41,0,3,308,1,2070.0
179,2,2,1,2030.0,1430.0,0.7044,75,0,2,239,1,1430.0
179,2,2,1,2030.0,2060.0,1.0148,6,0,0,653,0,
179,2,2,1,2030.0,2640.0,1.3005,103,0,1,350,0,
179,2,2,1,2030.0,1720.0,0.8473,76,0,2,244,1,1670.0
179,2,2,1,2030.0,1340.0,0.6601,6,0,2,717,1,1250.0
179,2,2,1,2030.0,2360.0,1.1626,30,0,0,239,0,
180,2,2,1,1780.0,1310.0,0.736,31,1,5,36,1,1260.0
180,2,2,1,1780.0,1290.0,0.7247,99,1,2,1,1,1290.0
180,2,2,1,1780.0,1220.0,0.6854,99,1,2,85,1,1190.0
180,2,2,1,1780.0,1380.0,0.7753,10,1,0,323,0,
180,2,2,1,1780.0,1260.0,0.7079,16,1,5,17,0,
180,2,2,1,1780.0,1840.0,1.0337,68,1,1,704,1,1780.0
180,2,2,1,1780.0,2840.0,1.5955,44,1,2,271,1,2650.0
180,2,2,1,1780.0,1600.0,0.8989,42,1,3,201,0,
180,2,2,1,1780.0,2470.0,1.3876,45,1,2,296,0,
180,2,2,1,1780.0,2220.0,1.2472,11,1,0,710,0,
180,2,2,1,1780.0,2000.0,1.1236,95,1,0,161,1,1960.0
180,2,2,1,1780.0,1040.0,0.5843,86,1,8,281,0,
180,2,2,1,1780.0,1490.0,0.8371,4,1,3,565,1,1440.0
180,2,2,1,1780.0,1710.0,0.9607,67,1,8,90,0,
180,2,2,1,1780.0,2210.0,1.2416,109,1,3,601,0,
181,2,2,2,2260.0,1830.0,0.8097,61,1,0,426,0,
181,2,2,2,2260.0,1350.0,0.5973,26,1,0,395,1,1320.0
181,2,2,2,2260.0,2200.0,0.9735,102,1,1,123,1,2180.0
181,2,2,2,2260.0,3140.0,1.3894,98,1,5,627,0,
181,2,2,2,2260.0,2730.0,1.208,51,1,1,153,0,
181,2,2,2,2260.0,2380.0,1.0531,26,1,2,365,1,2210.0
181,2,2,2,2260.0,2070.0,0.9159,110,1,2,34,0,
181,2,2,2,2260.0,1770.0,0.7832,103,1,1,417,1,1640.0
181,2,2,2,2260.0,1460.0,0.646,108,1,1,670,1,1370.0
181,2,2,2,2260.0,1930.0,0.854,58,1,0,443,1,1930.0
181,2,2,2,2260.0,2000.0,0.885,34,1,3,380,1,1910.0
181,2,2,2,2260.0,1490.0,0.6593,50,1,5,29,1,1460.0
181,2,2,2,2260.0,2030.0,0.8982,80,1,5,338,0,
181,2,2,2,2260.0,1040.0,0.4602,37,1,2,697,1,950.0
181,2,2,2,2260.0,3180.0,1.4071,97,1,8,28,0,
182,5,3,2,13340.0,11180.0,0.8381,12,1,3,320,1,11180.0
182,5,3,2,13340.0,10420.0,0.7811,12,1,0,407,1,8740.0
182,5,3,2,13340.0,16000.0,1.1994,82,1,1,416,0,
182,5,3,2,13340.0,11130.0,0.8343,68,1,2,289,1,10760.0
182,5,3,2,13340.0,9480.0,0.7106,58,1,2,561,1,9480.0
182,5,3,2,13340.0,9320.0,0.6987,79,1,1,171,1,8990.0
182,5,3,2,13340.0,19200.0,1.4393,79,1,0,314,1,19200.0
182,5,3,2,13340.0,15610.0,1.1702,92,1,1,441,1,15360.0
182,5,3,2,13340.0,14820.0,1.1109,57,1,5,522,0,
182,5,3,2,13340.0,11100.0,0.8321,102,1,0,645,1,10250.0
182,5,3,2,13340.0,10830.0,0.8118,11,1,2,217,1,9880.0
182,5,3,2,13340.0,13780.0,1.033,78,1,0,718,1,13750.0
182,5,3,2,13340.0,18200.0,1.3643,75,1,0,75,1,18020.0
182,5,3,2,13340.0,14220.0,1.066,68,1,1,560,1,13740.0
182,5,3,2,13340.0,11350.0,0.8508,78,1,0,310,1,10950.0
183,3,2,3,1910.0,2180.0,1.1414,57,1,1,280,1,2070.0
183,3,2,3,1910.0,2390.0,1.2513,44,1,2,513,1,2190.0
183,3,2,3,1910.0,1900.0,0.9948,83,1,1,444,0,
183,3,2,3,1910.0,1940.0,1.0157,75,1,2,73,1,1880.0
183,3,2,3,1910.0,2290.0,1.199,42,1,0,406,1,2290.0
183,3,2,3,1910.0,1410.0,0.7382,31,1,0,8,1,1310.0
183,3,2,3,1910.0,1560.0,0.8168,26,1,0,329,1,1480.0
183,3,2,3,1910.0,2350.0,1.2304,65,1,0,259,1,2310.0
183,3,2,3,1910.0,1550.0,0.8115,102,1,8,296,1,1480.0
183,3,2,3,1910.0,1870.0,0.9791,58,1,3,55,0,
183,3,2,3,1910.0,3450.0,1.8063,65,1,5,420,0,
183,3,2,3,1910.0,1780.0,0.9319,13,1,1,238,0,
183,3,2,3,1910.0,2670.0,1.3979,103,1,1,164,1,2610.0
183,3,2,3,1910.0,1590.0,0.8325,71,1,1,561,1,1590.0
183,3,2,3,1910.0,3040.0,1.5916,90,1,2,207,0,
184,2,1,1,1730.0,1170.0,0.6763,58,0,1,301,0,
184,2,1,1,1730.0,1770.0,1.0231,48,0,1,640,1,1630.0
184,2,1,1,1730.0,2580.0,1.4913,59,0,2,395,0,
184,2,1,1,1730.0,1270.0,0.7341,10,0,5,424,1,1210.0
184,2,1,1,1730.0,930.0,0.5376,15,0,1,658,1,920.0
184,2,1,1,1730.0,1520.0,0.8786,53,0,1,597,1,1480.0
184,2,1,1,1730.0,1300.0,0.7514,19,0,3,167,0,
184,2,1,1,1730.0,2910.0,1.6821,78,0,1,90,0,
184,2,1,1,1730.0,830.0,0.4798,31,0,2,621,1,810.0
184,2,1,1,1730.0,2250.0,1.3006,2,0,2,0,0,
184,2,1,1,1730.0,1990.0,1.1503,34,0,2,416,0,
184,2,1,1,1730.0,1650.0,0.9538,41,0,8,527,0,
184,2,1,1,1730.0,1350.0,0.7803,75,0,2,289,1,1200.0
184,2,1,1,1730.0,1560.0,0.9017,78,0,3,524,1,1560.0
184,2,1,1,1730.0,1970.0,1.1387,60,0,1,652,0,
185,1,3,1,990.0,990.0,1.0,98,0,0,680,0,
185,1,3,1,990.0,810.0,0.8182,49,0,5,294,0,
185,1,3,1,990.0,1540.0,1.5556,68,0,2,355,0,
185,1,3,1,990.0,1080.0,1.0909,3,0,0,377,0,
185,1,3,1,990.0,1130.0,1.1414,91,0,5,286,0,
185,1,3,1,990.0,690.0,0.697,100,0,0,335,0,
185,1,3,1,990.0,980.0,0.9899,8,0,0,427,1,940.0
185,1,3,1,990.0,720.0,0.7273,74,0,0,189,1,630.0
185,1,3,1,990.0,550.0,0.5556,57,0,0,84,0,
185,1,3,1,990.0,830.0,0.8384,8,0,2,701,0,
185,1,3,1,990.0,650.0,0.6566,104,0,3,552,0,
185,1,3,1,990.0,1200.0,1.2121,38,0,8,17,0,
185,1,3,1,990.0,870.0,0.8788,37,0,2,420,1,750.0
185,1,3,1,990.0,580.0,0.5859,48,0,0,492,0,
185,1,3,1,990.0,1660.0,1.6768,24,0,1,373,0,
186,4,3,2,4240.0,3500.0,0.8255,55,0,8,194,0,
186,4,3,2,4240.0,3350.0,0.7901,68,0,3,446,1,3350.0
186,4,3,2,4240.0,4120.0,0.9717,89,0,8,585,1,3870.0
186,4,3,2,4240.0,5690.0,1.342,25,0,2,301,0,
186,4,3,2,4240.0,4330.0,1.0212,40,0,2,692,0,
186,4,3,2,4240.0,4110.0,0.9693,70,0,0,217,1,3990.0
186,4,3,2,4240.0,5200.0,1.2264,37,0,1,266,0,
186,4,3,2,4240.0,3500.0,0.8255,38,0,3,717,1,3500.0
186,4,3,2,4240.0,2830.0,0.6675,61,0,1,274,1,2550.0
186,4,3,2,4240.0,4650.0,1.0967,19,0,0,222,1,4270.0
186,4,3,2,4240.0,7990.0,1.8844,60,0,5,223,0,
186,4,3,2,4240.0,5270.0,1.2429,7,0,2,15,1,5130.0
186,4,3,2,4240.0,3520.0,0.8302,88,0,8,325,1,3490.0
186,4,3,2,4240.0,3750.0,0.8844,108,0,2,664,0,
186,4,3,2,4240.0,6830.0,1.6108,50,0,5,214,1,6670.0
187,3,2,1,3160.0,1560.0,0.4937,38,0,0,252,1,1390.0
187,3,2,1,3160.0,3060.0,0.9684,66,0,1,482,0,
187,3,2,1,3160.0,1930.0,0.6108,57,0,3,539,1,1820.0
187,3,2,1,3160.0,1450.0,0.4589,46,0,2,472,1,1310.0
187,3,2,1,3160.0,2060.0,0.6519,49,0,2,539,0,
187,3,2,1,3160.0,3070.0,0.9715,66,0,8,132,0,
187,3,2,1,3160.0,5340.0,1.6899,92,0,3,64,1,5060.0
187,3,2,1,3160.0,3750.0,1.1867,73,0,5,340,1,3620.0
187,3,2,1,3160.0,2630.0,0.8323,101,0,0,576,1,2630.0
187,3,2,1,3160.0,3060.0,0.9684,100,0,3,188,0,
187,3,2,1,3160.0,4060.0,1.2848,109,0,0,7,1,3900.0
187,3,2,1,3160.0,3620.0,1.1456,84,0,8,38,1,3300.0
187,3,2,1,3160.0,3710.0,1.1741,50,0,1,440,1,3310.0
187,3,2,1,3160.0,2620.0,0.8291,79,0,0,384,1,2580.0
187,3,2,1,3160.0,4070.0,1.288,12,0,2,128,0,
188,5,1,2,15540.0,17290.0,1.1126,24,0,0,113,1,15900.0
188,5,1,2,15540.0,18520.0,1.1918,8,0,0,569,1,17680.0
188,5,1,2,15540.0,26530.0,1.7072,76,0,1,161,1,26290.0
188,5,1,2,15540.0,16790.0,1.0804,1,0,0,670,1,15980.0
188,5,1,2,15540.0,14570.0,0.9376,64,0,1,24,1,13860.0
188,5,1,2,15540.0,19720.0,1.269,21,0,1,254,1,18900.0
188,5,1,2,15540.0,13910.0,0.8951,90,0,0,167,1,12620.0
188,5,1,2,15540.0,10960.0,0.7053,10,0,0,331,1,10320.0
188,5,1,2,15540.0,13720.0,0.8829,70,0,1,384,1,12420.0
188,5,1,2,15540.0,14110.0,0.908,97,0,2,381,1,13670.0
188,5,1,2,15540.0,15260.0,0.982,17,0,0,382,1,15160.0
188,5,1,2,15540.0,18940.0,1.2188,43,0,0,42,1,18530.0
188,5,1,2,15540.0,11140.0,0.7169,6,0,2,175,1,10630.0
188,5,1,2,15540.0,28180.0,1.8134,89,0,0,482,0,
188,5,1,2,15540.0,17310.0,1.1139,9,0,0,392,1,17000.0
189,3,3,2,3200.0,2320.0,0.725,41,0,0,310,1,2250.0
189,3,3,2,3200.0,2900.0,0.9062,33,0,3,342,1,2810.0
189,3,3,2,3200.0,2390.0,0.7469,46,0,2,427,0,
189,3,3,2,3200.0,2870.0,0.8969,43,0,1,240,1,2870.0
189,3,3,2,3200.0,2900.0,0.9062,4,0,3,684,0,
189,3,3,2,3200.0,1560.0,0.4875,45,0,1,33,1,1560.0
189,3,3,2,3200.0,4030.0,1.2594,78,0,2,158,0,
189,3,3,2,3200.0,2770.0,0.8656,25,0,2,205,1,2560.0
189,3,3,2,3200.0,2670.0,0.8344,23,0,3,422,0,
189,3,3,2,3200.0,3290.0,1.0281,26,0,1,434,1,3290.0
189,3,3,2,3200.0,3990.0,1.2469,97,0,5,690,0,
189,3,3,2,3200.0,2870.0,0.8969,38,0,2,336,0,
189,3,3,2,3200.0,2820.0,0.8812,16,0,0,716,1,2700.0
189,3,3,2,3200.0,2820.0,0.8812,83,0,0,134,1,2790.0
189,3,3,2,3200.0,3730.0,1.1656,90,0,2,606,0,
190,3,3,2,2920.0,1600.0,0.5479,36,1,1,667,1,1560.0
190,3,3,2,2920.0,3490.0,1.1952,100,1,5,542,0,
190,3,3,2,2920.0,2590.0,0.887,84,1,8,281,1,2400.0
190,3,3,2,2920.0,2480.0,0.8493,29,1,2,428,0,
190,3,3,2,2920.0,3290.0,1.1267,58,1,1,8,1,3060.0
190,3,3,2,2920.0,1570.0,0.5377,47,1,0,540,1,1570.0
190,3,3,2,2920.0,2910.0,0.9966,42,1,0,308,1,2890.0
190,3,3,2,2920.0,3880.0,1.3288,67,1,1,440,0,
190,3,3,2,2920.0,2370.0,0.8116,87,1,1,508,0,
190,3,3,2,2920.0,2540.0,0.8699,83,1,2,471,1,2410.0
190,3,3,2,2920.0,2510.0,0.8596,38,1,5,182,1,2510.0
190,3,3,2,2920.0,2740.0,0.9384,50,1,8,307,0,
190,3,3,2,2920.0,2490.0,0.8527,94,1,1,565,0,
190,3,3,2,2920.0,3590.0,1.2295,44,1,0,104,1,3390.0
190,3,3,2,2920.0,1550.0,0.5308,100,1,1,719,1,1540.0
191,5,1,2,19440.0,18920.0,0.9733,24,1,8,47,1,18870.0
191,5,1,2,19440.0,24480.0,1.2593,44,1,0,313,1,23780.0
191,5,1,2,19440.0,17370.0,0.8935,39,1,1,207,1,17370.0
191,5,1,2,19440.0,16590.0,0.8534,10,1,3,17,1,15590.0
191,5,1,2,19440.0,15980.0,0.822,16,1,3,220,1,15070.0
191,5,1,2,19440.0,15110.0,0.7773,75,1,5,681,1,13940.0
191,5,1,2,19440.0,18000.0,0.9259,4,1,2,512,1,17330.0
191,5,1,2,19440.0,15440.0,0.7942,94,1,1,692,1,15100.0
191,5,1,2,19440.0,17190.0,0.8843,82,1,2,579,1,16200.0
191,5,1,2,19440.0,19260.0,0.9907,24,1,3,280,1,19260.0
191,5,1,2,19440.0,17430.0,0.8966,79,1,0,447,1,17430.0
191,5,1,2,19440.0,22870.0,1.1764,77,1,1,38,1,21470.0
191,5,1,2,19440.0,19850.0,1.0211,78,1,1,421,1,18810.0
191,5,1,2,19440.0,13220.0,0.68,84,1,2,444,1,11750.0
191,5,1,2,19440.0,14980.0,0.7706,62,1,0,597,1,14260.0
192,3,1,2,4380.0,2510.0,0.5731,17,1,1,442,1,2410.0
192,3,1,2,4380.0,3260.0,0.7443,11,1,2,252,1,3210.0
192,3,1,2,4380.0,3790.0,0.8653,59,1,0,31,1,3600.0
192,3,1,2,4380.0,3250.0,0.742,9,1,5,593,0,
192,3,1,2,4380.0,4460.0,1.0183,87,1,0,216,1,4130.0
192,3,1,2,4380.0,4390.0,1.0023,39,1,1,611,0,
192,3,1,2,4380.0,3730.0,0.8516,75,1,2,199,1,3660.0
192,3,1,2,4380.0,4400.0,1.0046,57,1,0,720,1,4170.0
192,3,1,2,4380.0,5840.0,1.3333,8,1,8,185,0,
192,3,1,2,4380.0,3960.0,0.9041,7,1,1,489,1,3860.0
192,3,1,2,4380.0,4270.0,0.9749,15,1,5,310,1,3940.0
192,3,1,2,4380.0,3840.0,0.8767,13,1,2,717,1,3630.0
192,3,1,2,4380.0,6040.0,1.379,63,1,2,523,1,5870.0
192,3,1,2,4380.0,3600.0,0.8219,3,1,1,63,1,3500.0
192,3,1,2,4380.0,3160.0,0.7215,1,1,0,593,1,3160.0
193,5,1,3,14300.0,12610.0,0.8818,63,1,2,311,1,11370.0
193,5,1,3,14300.0,11810.0,0.8259,37,1,1,84,1,11810.0
193,5,1,3,14300.0,11450.0,0.8007,77,1,2,231,1,11450.0
193,5,1,3,14300.0,17890.0,1.251,38,1,5,623,1,17890.0
193,5,1,3,14300.0,18170.0,1.2706,38,1,2,504,1,18170.0
193,5,1,3,14300.0,17870.0,1.2497,109,1,3,339,1,17870.0
193,5,1,3,14300.0,9680.0,0.6769,68,1,1,475,1,8800.0
193,5,1,3,14300.0,13910.0,0.9727,68,1,2,326,1,12550.0
193,5,1,3,14300.0,13910.0,0.9727,41,1,1,264,1,13910.0
193,5,1,3,14300.0,7580.0,0.5301,71,1,2,24,1,7580.0
193,5,1,3,14300.0,11140.0,0.779,88,1,3,352,1,10970.0
193,5,1,3,14300.0,13320.0,0.9315,108,1,5,676,1,11970.0
193,5,1,3,14300.0,13600.0,0.951,64,1,1,276,1,12760.0
193,5,1,3,14300.0,18630.0,1.3028,29,1,0,455,1,18630.0
193,5,1,3,14300.0,15570.0,1.0888,41,1,2,321,1,15400.0
194,3,2,1,4720.0,5070.0,1.0742,3,1,0,217,1,4660.0
194,3,2,1,4720.0,5380.0,1.1398,11,1,2,483,1,5300.0
194,3,2,1,4720.0,3230.0,0.6843,92,1,2,253,1,3130.0
194,3,2,1,4720.0,3010.0,0.6377,65,1,8,154,1,2850.0
194,3,2,1,4720.0,5140.0,1.089,5,1,5,573,1,5050.0
194,3,2,1,4720.0,3770.0,0.7987,98,1,8,599,0,
194,3,2,1,4720.0,5180.0,1.0975,31,1,2,720,1,4870.0
194,3,2,1,4720.0,5320.0,1.1271,23,1,0,624,1,5320.0
194,3,2,1,4720.0,5280.0,1.1186,18,1,1,553,1,4950.0
194,3,2,1,4720.0,5610.0,1.1886,87,1,1,244,0,
194,3,2,1,4720.0,3520.0,0.7458,52,1,1,253,1,3310.0
194,3,2,1,4720.0,4810.0,1.0191,17,1,1,629,1,4520.0
194,3,2,1,4720.0,6570.0,1.3919,43,1,1,11,0,
194,3,2,1,4720.0,3380.0,0.7161,100,1,0,182,1,3380.0
194,3,2,1,4720.0,5160.0,1.0932,4,1,1,195,1,5040.0
195,3,1,2,2230.0,1740.0,0.7803,73,1,2,612,1,1730.0
195,3,1,2,2230.0,1850.0,0.8296,24,1,3,629,1,1850.0
195,3,1,2,2230.0,2140.0,0.9596,23,1,0,257,1,1910.0
195,3,1,2,2230.0,1490.0,0.6682,20,1,2,423,1,1490.0
195,3,1,2,2230.0,2160.0,0.9686,100,1,1,112,1,2050.0
195,3,1,2,2230.0,1480.0,0.6637,1,1,1,284,1,1440.0
195,3,1,2,2230.0,1940.0,0.87,70,1,1,162,0,
195,3,1,2,2230.0,1910.0,0.8565,92,1,1,141,1,1780.0
195,3,1,2,2230.0,1650.0,0.7399,107,1,2,96,1,1550.0
195,3,1,2,2230.0,2600.0,1.1659,42,1,0,3,1,2560.0
195,3,1,2,2230.0,2670.0,1.1973,34,1,2,265,1,2470.0
195,3,1,2,2230.0,3410.0,1.5291,9,1,2,392,1,3270.0
195,3,1,2,2230.0,1600.0,0.7175,19,1,0,280,1,1540.0
195,3,1,2,2230.0,1320.0,0.5919,20,1,1,446,1,1320.0
195,3,1,2,2230.0,1810.0,0.8117,7,1,1,234,1,1790.0
196,1,3,1,820.0,1130.0,1.378,31,1,3,183,0,
196,1,3,1,820.0,710.0,0.8659,97,1,0,47,1,670.0
196,1,3,1,820.0,860.0,1.0488,59,1,3,210,1,860.0
196,1,3,1,820.0,920.0,1.122,3,1,2,334,0,
196,1,3,1,820.0,780.0,0.9512,110,1,1,710,0,
196,1,3,1,820.0,670.0,0.8171,26,1,0,396,1,670.0
196,1,3,1,820.0,920.0,1.122,40,1,5,536,0,
196,1,3,1,820.0,900.0,1.0976,21,1,0,533,1,900.0
196,1,3,1,820.0,620.0,0.7561,63,1,0,193,1,610.0
196,1,3,1,820.0,450.0,0.5488,82,1,8,492,1,430.0
196,1,3,1,820.0,940.0,1.1463,70,1,1,245,0,
196,1,3,1,820.0,690.0,0.8415,90,1,5,621,1,650.0
196,1,3,1,820.0,1080.0,1.3171,4,1,0,479,1,1080.0
196,1,3,1,820.0,620.0,0.7561,23,1,0,12,1,560.0
196,1,3,1,820.0,530.0,0.6463,101,1,1,188,0,
197,3,1,2,3020.0,2970.0,0.9834,59,0,5,350,1,2840.0
197,3,1,2,3020.0,2310.0,0.7649,100,0,0,205,1,2290.0
197,3,1,2,3020.0,1620.0,0.5364,67,0,8,226,1,1620.0
197,3,1,2,3020.0,1730.0,0.5728,50,0,1,146,1,1690.0
197,3,1,2,3020.0,3550.0,1.1755,10,0,1,655,1,3420.0
197,3,1,2,3020.0,3060.0,1.0132,80,0,1,561,0,
197,3,1,2,3020.0,2820.0,0.9338,54,0,2,638,0,
197,3,1,2,3020.0,2850.0,0.9437,21,0,0,511,1,2840.0
197,3,1,2,3020.0,3200.0,1.0596,26,0,2,323,1,3090.0
197,3,1,2,3020.0,3710.0,1.2285,27,0,8,34,0,
197,3,1,2,3020.0,2240.0,0.7417,3,0,2,695,1,2240.0
197,3,1,2,3020.0,2850.0,0.9437,68,0,2,299,0,
197,3,1,2,3020.0,1710.0,0.5662,76,0,0,412,1,1670.0
197,3,1,2,3020.0,2190.0,0.7252,63,0,0,353,0,
197,3,1,2,3020.0,3930.0,1.3013,62,0,2,407,1,3830.0
198,3,3,3,4730.0,3090.0,0.6533,9,0,2,428,1,3030.0
198,3,3,3,4730.0,3840.0,0.8118,47,0,2,297,0,
198,3,3,3,4730.0,3240.0,0.685,104,0,3,261,0,
198,3,3,3,4730.0,3800.0,0.8034,37,0,1,187,1,3700.0
198,3,3,3,4730.0,4520.0,0.9556,38,0,5,44,0,
198,3,3,3,4730.0,6930.0,1.4651,62,0,2,410,0,
198,3,3,3,4730.0,5380.0,1.1374,88,0,5,412,1,5280.0
198,3,3,3,4730.0,4410.0,0.9323,46,0,0,283,1,4410.0
198,3,3,3,4730.0,4470.0,0.945,30,0,3,34,1,4470.0
198,3,3,3,4730.0,4030.0,0.852,15,0,8,223,0,
198,3,3,3,4730.0,4640.0,0.981,4,0,0,540,1,4480.0
198,3,3,3,4730.0,5440.0,1.1501,10,0,1,525,1,5020.0
198,3,3,3,4730.0,3670.0,0.7759,49,0,3,678,1,3330.0
198,3,3,3,4730.0,3920.0,0.8288,27,0,1,142,1,3920.0
198,3,3,3,4730.0,6210.0,1.3129,20,0,0,661,0,
199,1,1,1,600.0,620.0,1.0333,16,1,2,83,0,
199,1,1,1,600.0,640.0,1.0667,49,1,3,621,0,
199,1,1,1,600.0,770.0,1.2833,48,1,8,359,0,
199,1,1,1,600.0,530.0,0.8833,33,1,1,100,0,
199,1,1,1,600.0,650.0,1.0833,98,1,2,65,0,
199,1,1,1,600.0,410.0,0.6833,38,1,5,502,1,410.0
199,1,1,1,600.0,480.0,0.8,96,1,0,250,1,460.0
199,1,1,1,600.0,460.0,0.7667,48,1,8,552,1,460.0
199,1,1,1,600.0,630.0,1.05,30,1,1,570,0,
199,1,1,1,600.0,420.0,0.7,81,1,5,128,0,
199,1,1,1,600.0,620.0,1.0333,10,1,5,556,0,
199,1,1,1,600.0,620.0,1.0333,52,1,0,532,1,620.0
199,1,1,1,600.0,680.0,1.1333,1,1,3,313,0,
199,1,1,1,600.0,460.0,0.7667,57,1,3,679,1,460.0
199,1,1,1,600.0,560.0,0.9333,9,1,0,701,0,
200,2,3,1,1900.0,2700.0,1.4211,102,0,5,652,0,
200,2,3,1,1900.0,1450.0,0.7632,93,0,1,137,1,1450.0
200,2,3,1,1900.0,1620.0,0.8526,108,0,0,95,1,1620.0
200,2,3,1,1900.0,1300.0,0.6842,68,0,2,439,0,
200,2,3,1,1900.0,1130.0,0.5947,32,0,5,463,0,
200,2,3,1,1900.0,1560.0,0.8211,70,0,2,84,0,
200,2,3,1,1900.0,1530.0,0.8053,59,0,3,430,0,
200,2,3,1,1900.0,2430.0,1.2789,22,0,8,8,0,
200,2,3,1,1900.0,1360.0,0.7158,102,0,0,157,1,1360.0
200,2,3,1,1900.0,1680.0,0.8842,103,0,0,585,0,
200,2,3,1,1900.0,1790.0,0.9421,24,0,0,519,0,
200,2,3,1,1900.0,1530.0,0.8053,34,0,5,143,1,1510.0
200,2,3,1,1900.0,1750.0,0.9211,85,0,8,678,0,
200,2,3,1,1900.0,1910.0,1.0053,55,0,0,292,1,1760.0
200,2,3,1,1900.0,2150.0,1.1316,48,0,5,579,0,
201,2,2,1,2780.0,2150.0,0.7734,71,1,0,262,1,2000.0
201,2,2,1,2780.0,2050.0,0.7374,109,1,1,627,0,
201,2,2,1,2780.0,3460.0,1.2446,9,1,8,87,0,
201,2,2,1,2780.0,4020.0,1.446,2,1,0,290,0,
201,2,2,1,2780.0,2120.0,0.7626,3,1,8,504,0,
201,2,2,1,2780.0,2440.0,0.8777,56,1,5,677,0,
201,2,2,1,2780.0,1460.0,0.5252,24,1,0,220,1,1440.0
201,2,2,1,2780.0,2950.0,1.0612,15,1,3,557,1,2950.0
201,2,2,1,2780.0,3430.0,1.2338,71,1,2,363,0,
201,2,2,1,2780.0,2320.0,0.8345,17,1,2,585,0,
201,2,2,1,2780.0,2590.0,0.9317,27,1,5,155,0,
201,2,2,1,2780.0,4790.0,1.723,38,1,2,92,0,
201,2,2,1,2780.0,4280.0,1.5396,62,1,8,566,0,
201,2,2,1,2780.0,2080.0,0.7482,93,1,3,296,1,2030.0
201,2,2,1,2780.0,2920.0,1.0504,20,1,2,613,1,2850.0
202,1,1,1,1330.0,1040.0,0.782,19,1,0,222,1,970.0
202,1,1,1,1330.0,1650.0,1.2406,102,1,2,161,0,
202,1,1,1,1330.0,1460.0,1.0977,40,1,5,688,0,
202,1,1,1,1330.0,1990.0,1.4962,37,1,2,251,0,
202,1,1,1,1330.0,1450.0,1.0902,102,1,1,356,1,1330.0
202,1,1,1,1330.0,1190.0,0.8947,72,1,3,464,0,
202,1,1,1,1330.0,1630.0,1.2256,72,1,0,392,0,
202,1,1,1,1330.0,1610.0,1.2105,19,1,2,63,0,
202,1,1,1,1330.0,1080.0,0.812,39,1,1,699,1,1080.0
202,1,1,1,1330.0,1060.0,0.797,5,1,1,680,1,1020.0
202,1,1,1,1330.0,1290.0,0.9699,87,1,5,583,0,
202,1,1,1,1330.0,1650.0,1.2406,10,1,1,357,0,
202,1,1,1,1330.0,1500.0,1.1278,89,1,0,130,0,
202,1,1,1,1330.0,840.0,0.6316,89,1,5,668,0,
202,1,1,1,1330.0,1160.0,0.8722,86,1,5,548,0,
203,4,2,3,7740.0,6450.0,0.8333,103,1,1,329,1,6380.0
203,4,2,3,7740.0,10450.0,1.3501,36,1,8,253,1,9930.0
203,4,2,3,7740.0,6280.0,0.8114,100,1,0,544,1,6050.0
203,4,2,3,7740.0,4080.0,0.5271,45,1,1,505,1,4070.0
203,4,2,3,7740.0,7570.0,0.978,1,1,1,425,1,7570.0
203,4,2,3,7740.0,7130.0,0.9212,32,1,0,30,1,6760.0
203,4,2,3,7740.0,8500.0,1.0982,14,1,5,279,0,
203,4,2,3,7740.0,4740.0,0.6124,36,1,1,428,1,4740.0
203,4,2,3,7740.0,7830.0,1.0116,17,1,2,548,0,
203,4,2,3,7740.0,9020.0,1.1654,14,1,1,384,1,8930.0
203,4,2,3,7740.0,6170.0,0.7972,7,1,0,322,1,6170.0
203,4,2,3,7740.0,8470.0,1.0943,104,1,0,308,1,8470.0
203,4,2,3,7740.0,6570.0,0.8488,42,1,8,586,1,5630.0
203,4,2,3,7740.0,6170.0,0.7972,79,1,0,134,1,5770.0
203,4,2,3,7740.0,7950.0,1.0271,77,1,0,469,1,7880.0
204,3,3,2,3720.0,4170.0,1.121,44,1,3,636,0,
204,3,3,2,3720.0,4050.0,1.0887,78,1,5,312,0,
204,3,3,2,3720.0,4100.0,1.1022,9,1,1,303,1,3880.0
204,3,3,2,3720.0,3600.0,0.9677,52,1,3,10,1,3600.0
204,3,3,2,3720.0,3420.0,0.9194,91,1,1,600,1,3330.0
204,3,3,2,3720.0,2540.0,0.6828,14,1,2,651,1,2540.0
204,3,3,2,3720.0,2040.0,0.5484,29,1,0,89,1,2040.0
204,3,3,2,3720.0,3100.0,0.8333,18,1,2,571,1,3100.0
204,3,3,2,3720.0,2840.0,0.7634,36,1,3,515,1,2730.0
204,3,3,2,3720.0,3010.0,0.8091,109,1,0,191,0,
204,3,3,2,3720.0,3390.0,0.9113,63,1,2,51,1,3350.0
204,3,3,2,3720.0,3360.0,0.9032,24,1,1,587,0,
204,3,3,2,3720.0,3830.0,1.0296,84,1,2,317,0,
204,3,3,2,3720.0,3200.0,0.8602,16,1,0,646,1,3170.0
204,3,3,2,3720.0,3750.0,1.0081,22,1,1,147,1,3390.0
205,1,1,1,800.0,630.0,0.7875,93,0,1,661,0,
205,1,1,1,800.0,1100.0,1.375,75,0,5,613,0,
205,1,1,1,800.0,1200.0,1.5,68,0,1,63,0,
205,1,1,1,800.0,680.0,0.85,30,0,0,260,1,670.0
205,1,1,1,800.0,1040.0,1.3,48,0,3,501,0,
205,1,1,1,800.0,690.0,0.8625,97,0,2,583,0,
205,1,1,1,800.0,500.0,0.625,7,0,3,468,1,500.0
205,1,1,1,800.0,520.0,0.65,98,0,2,408,1,480.0
205,1,1,1,800.0,620.0,0.775,19,0,1,245,1,560.0
205,1,1,1,800.0,890.0,1.1125,78,0,1,10,1,890.0
205,1,1,1,800.0,700.0,0.875,87,0,3,525,0,
205,1,1,1,800.0,720.0,0.9,47,0,1,263,0,
205,1,1,1,800.0,620.0,0.775,72,0,2,329,0,
205,1,1,1,800.0,910.0,1.1375,34,0,0,580,0,
205,1,1,1,800.0,800.0,1.0,3,0,1,551,1,800.0
206,2,1,1,1310.0,1200.0,0.916,60,1,1,334,1,1130.0
206,2,1,1,1310.0,2170.0,1.6565,78,1,1,710,0,
206,2,1,1,1310.0,1040.0,0.7939,66,1,3,612,0,
206,2,1,1,1310.0,1650.0,1.2595,66,1,5,644,0,
206,2,1,1,1310.0,1330.0,1.0153,1,1,1,41,1,1330.0
206,2,1,1,1310.0,900.0,0.687,43,1,0,654,1,840.0
206,2,1,1,1310.0,760.0,0.5802,11,1,2,575,1,750.0
206,2,1,1,1310.0,1140.0,0.8702,3,1,3,112,1,1080.0
206,2,1,1,1310.0,1170.0,0.8931,9,1,2,27,0,
206,2,1,1,1310.0,1210.0,0.9237,78,1,2,323,1,1210.0
206,2,1,1,1310.0,1330.0,1.0153,67,1,0,464,0,
206,2,1,1,1310.0,1660.0,1.2672,53,1,5,359,0,
206,2,1,1,1310.0,1160.0,0.8855,32,1,3,328,0,
206,2,1,1,1310.0,1940.0,1.4809,85,1,5,661,1,1940.0
206,2,1,1,1310.0,900.0,0.687,88,1,0,160,1,880.0
207,2,1,2,2380.0,2950.0,1.2395,51,1,0,568,0,
207,2,1,2,2380.0,2310.0,0.9706,87,1,1,221,1,2210.0
207,2,1,2,2380.0,2050.0,0.8613,100,1,2,267,1,1930.0
207,2,1,2,2380.0,2210.0,0.9286,58,1,0,62,1,2210.0
207,2,1,2,2380.0,3250.0,1.3655,25,1,1,422,0,
207,2,1,2,2380.0,2920.0,1.2269,6,1,3,72,0,
207,2,1,2,2380.0,2750.0,1.1555,28,1,1,691,0,
207,2,1,2,2380.0,1760.0,0.7395,1,1,5,629,1,1670.0
207,2,1,2,2380.0,2290.0,0.9622,40,1,2,107,1,2050.0
207,2,1,2,2380.0,2510.0,1.0546,49,1,5,294,0,
207,2,1,2,2380.0,1840.0,0.7731,87,1,1,341,1,1730.0
207,2,1,2,2380.0,1480.0,0.6218,30,1,0,48,1,1410.0
207,2,1,2,2380.0,2430.0,1.021,19,1,0,567,1,2230.0
207,2,1,2,2380.0,2480.0,1.042,38,1,3,367,0,
207,2,1,2,2380.0,1660.0,0.6975,98,1,1,480,1,1650.0
208,4,2,2,6040.0,5330.0,0.8825,28,1,2,527,1,5270.0
208,4,2,2,6040.0,3850.0,0.6374,108,1,2,195,1,3740.0
208,4,2,2,6040.0,5310.0,0.8791,105,1,2,190,1,4540.0
208,4,2,2,6040.0,5600.0,0.9272,93,1,1,374,1,5380.0
208,4,2,2,6040.0,5560.0,0.9205,96,1,2,432,1,5490.0
208,4,2,2,6040.0,4730.0,0.7831,81,1,0,246,1,4450.0
208,4,2,2,6040.0,4760.0,0.7881,32,1,5,601,1,4660.0
208,4,2,2,6040.0,7080.0,1.1722,8,1,1,581,1,7010.0
208,4,2,2,6040.0,4290.0,0.7103,109,1,1,182,1,4220.0
208,4,2,2,6040.0,3270.0,0.5414,13,1,1,432,1,3220.0
208,4,2,2,6040.0,5180.0,0.8576,28,1,0,698,1,4930.0
208,4,2,2,6040.0,5290.0,0.8758,15,1,2,46,1,4990.0
208,4,2,2,6040.0,9070.0,1.5017,37,1,1,123,1,8510.0
208,4,2,2,6040.0,4150.0,0.6871,68,1,5,390,1,4090.0
208,4,2,2,6040.0,6450.0,1.0679,95,1,0,541,1,6190.0
209,2,1,2,1140.0,1080.0,0.9474,73,1,1,312,1,1030.0
209,2,1,2,1140.0,1810.0,1.5877,69,1,1,666,0,
209,2,1,2,1140.0,940.0,0.8246,61,1,1,255,1,880.0
209,2,1,2,1140.0,1190.0,1.0439,89,1,2,480,0,
209,2,1,2,1140.0,1320.0,1.1579,39,1,3,249,0,
209,2,1,2,1140.0,720.0,0.6316,107,1,2,298,1,690.0
209,2,1,2,1140.0,1810.0,1.5877,84,1,8,381,0,
209,2,1,2,1140.0,680.0,0.5965,69,1,3,31,1,640.0
209,2,1,2,1140.0,1470.0,1.2895,30,1,1,405,1,1440.0
209,2,1,2,1140.0,950.0,0.8333,91,1,0,487,0,
209,2,1,2,1140.0,840.0,0.7368,56,1,1,120,1,840.0
209,2,1,2,1140.0,1380.0,1.2105,54,1,2,553,0,
209,2,1,2,1140.0,920.0,0.807,80,1,2,170,1,860.0
209,2,1,2,1140.0,1210.0,1.0614,75,1,1,356,1,1210.0
209,2,1,2,1140.0,870.0,0.7632,55,1,1,176,1,820.0
210,4,3,2,8940.0,7840.0,0.877,77,0,0,552,1,7480.0
210,4,3,2,8940.0,7350.0,0.8221,103,0,5,336,1,7280.0
210,4,3,2,8940.0,9050.0,1.0123,81,0,0,592,1,8180.0
210,4,3,2,8940.0,7110.0,0.7953,39,0,8,376,1,7110.0
210,4,3,2,8940.0,11030.0,1.2338,16,0,3,23,0,
210,4,3,2,8940.0,6210.0,0.6946,33,0,3,499,1,5700.0
210,4,3,2,8940.0,8730.0,0.9765,109,0,1,448,1,8730.0
210,4,3,2,8940.0,12890.0,1.4418,95,0,2,293,1,12440.0
210,4,3,2,8940.0,12610.0,1.4105,22,0,1,703,0,
210,4,3,2,8940.0,11900.0,1.3311,53,0,0,154,0,
210,4,3,2,8940.0,5400.0,0.604,18,0,0,179,1,5390.0
210,4,3,2,8940.0,7330.0,0.8199,39,0,2,565,1,7330.0
210,4,3,2,8940.0,7230.0,0.8087,108,0,8,594,1,6620.0
210,4,3,2,8940.0,9630.0,1.0772,34,0,2,528,1,9630.0
210,4,3,2,8940.0,9640.0,1.0783,63,0,0,223,1,9230.0
211,3,1,2,4540.0,5380.0,1.185,12,0,1,142,1,5270.0
211,3,1,2,4540.0,3020.0,0.6652,21,0,1,626,1,2780.0
211,3,1,2,4540.0,4370.0,0.9626,24,0,2,480,1,3970.0
211,3,1,2,4540.0,2970.0,0.6542,82,0,3,708,1,2970.0
211,3,1,2,4540.0,3260.0,0.7181,51,0,5,337,0,
211,3,1,2,4540.0,6420.0,1.4141,25,0,0,312,0,
211,3,1,2,4540.0,3670.0,0.8084,68,0,2,316,0,
211,3,1,2,4540.0,3510.0,0.7731,73,0,2,71,1,3390.0
211,3,1,2,4540.0,5110.0,1.1256,110,0,1,323,0,
211,3,1,2,4540.0,4050.0,0.8921,54,0,5,277,1,3830.0
211,3,1,2,4540.0,6830.0,1.5044,47,0,2,501,1,6370.0
211,3,1,2,4540.0,4880.0,1.0749,26,0,3,438,1,4800.0
211,3,1,2,4540.0,5470.0,1.2048,35,0,0,260,1,5220.0
211,3,1,2,4540.0,4420.0,0.9736,98,0,0,640,1,4200.0
211,3,1,2,4540.0,3230.0,0.7115,62,0,1,551,1,3000.0
212,3,1,2,4430.0,4160.0,0.9391,93,1,2,275,0,
212,3,1,2,4430.0,3920.0,0.8849,50,1,2,347,1,3920.0
212,3,1,2,4430.0,5920.0,1.3363,103,1,3,301,1,5580.0
212,3,1,2,4430.0,4550.0,1.0271,42,1,0,627,1,4340.0
212,3,1,2,4430.0,4070.0,0.9187,11,1,1,276,1,3940.0
212,3,1,2,4430.0,3880.0,0.8758,79,1,0,306,1,3680.0
212,3,1,2,4430.0,3370.0,0.7607,40,1,1,0,1,3370.0
212,3,1,2,4430.0,3650.0,0.8239,5,1,1,166,1,3440.0
212,3,1,2,4430.0,4010.0,0.9052,99,1,1,554,1,3840.0
212,3,1,2,4430.0,4140.0,0.9345,98,1,0,177,1,4140.0
212,3,1,2,4430.0,4730.0,1.0677,35,1,0,271,1,4730.0
212,3,1,2,4430.0,4870.0,1.0993,53,1,1,183,0,
212,3,1,2,4430.0,3050.0,0.6885,34,1,1,367,1,2890.0
212,3,1,2,4430.0,3480.0,0.7856,33,1,0,257,1,3460.0
212,3,1,2,4430.0,4800.0,1.0835,17,1,1,106,1,4650.0
213,2,2,1,2770.0,1970.0,0.7112,72,1,0,604,1,1970.0
213,2,2,1,2770.0,2380.0,0.8592,60,1,0,133,1,2280.0
213,2,2,1,2770.0,3860.0,1.3935,70,1,1,28,1,3700.0
213,2,2,1,2770.0,2530.0,0.9134,56,1,2,441,1,2490.0
213,2,2,1,2770.0,2620.0,0.9458,87,1,2,135,1,2580.0
213,2,2,1,2770.0,2580.0,0.9314,105,1,5,376,0,
213,2,2,1,2770.0,3460.0,1.2491,83,1,1,519,0,
213,2,2,1,2770.0,2600.0,0.9386,29,1,0,336,0,
213,2,2,1,2770.0,3370.0,1.2166,99,1,1,431,1,3270.0
213,2,2,1,2770.0,3390.0,1.2238,60,1,2,539,0,
213,2,2,1,2770.0,1840.0,0.6643,3,1,1,486,0,
213,2,2,1,2770.0,3860.0,1.3935,60,1,5,228,0,
213,2,2,1,2770.0,2940.0,1.0614,75,1,0,410,0,
213,2,2,1,2770.0,4560.0,1.6462,28,1,2,229,1,4420.0
213,2,2,1,2770.0,2670.0,0.9639,85,1,2,709,1,2640.0
214,3,1,1,2150.0,3110.0,1.4465,86,1,0,213,1,3070.0
214,3,1,1,2150.0,2420.0,1.1256,11,1,0,134,1,2410.0
214,3,1,1,2150.0,2390.0,1.1116,1,1,0,573,1,2160.0
214,3,1,1,2150.0,1740.0,0.8093,15,1,3,524,1,1630.0
214,3,1,1,2150.0,1730.0,0.8047,101,1,1,548,1,1700.0
214,3,1,1,2150.0,1130.0,0.5256,50,1,2,719,1,1070.0
214,3,1,1,2150.0,2450.0,1.1395,82,1,2,501,1,2290.0
214,3,1,1,2150.0,1800.0,0.8372,102,1,3,488,0,
214,3,1,1,2150.0,1640.0,0.7628,68,1,2,669,1,1640.0
214,3,1,1,2150.0,2290.0,1.0651,73,1,5,539,0,
214,3,1,1,2150.0,2290.0,1.0651,16,1,3,289,1,2290.0
214,3,1,1,2150.0,2530.0,1.1767,46,1,8,140,0,
214,3,1,1,2150.0,1880.0,0.8744,11,1,0,521,1,1680.0
214,3,1,1,2150.0,1420.0,0.6605,95,1,3,557,1,1350.0
214,3,1,1,2150.0,1370.0,0.6372,98,1,1,112,1,1230.0
215,4,3,2,3270.0,3690.0,1.1284,55,1,0,118,1,3690.0
215,4,3,2,3270.0,2380.0,0.7278,91,1,0,687,1,2380.0
215,4,3,2,3270.0,2420.0,0.7401,63,1,3,318,1,2270.0
215,4,3,2,3270.0,3820.0,1.1682,102,1,3,536,1,3750.0
215,4,3,2,3270.0,4480.0,1.37,32,1,0,711,1,4280.0
215,4,3,2,3270.0,4920.0,1.5046,39,1,5,711,0,
215,4,3,2,3270.0,2990.0,0.9144,29,1,1,64,1,2850.0
215,4,3,2,3270.0,2840.0,0.8685,59,1,2,584,1,2600.0
215,4,3,2,3270.0,3410.0,1.0428,109,1,1,233,0,
215,4,3,2,3270.0,3750.0,1.1468,85,1,2,136,1,3600.0
215,4,3,2,3270.0,5040.0,1.5413,110,1,0,134,0,
215,4,3,2,3270.0,2350.0,0.7187,50,1,0,332,1,2350.0
215,4,3,2,3270.0,2960.0,0.9052,79,1,2,402,0,
215,4,3,2,3270.0,3660.0,1.1193,61,1,5,315,0,
215,4,3,2,3270.0,2980.0,0.9113,99,1,2,593,1,2930.0
216,2,2,2,2360.0,2570.0,1.089,70,0,1,267,1,2570.0
216,2,2,2,2360.0,2620.0,1.1102,11,0,3,508,0,
216,2,2,2,2360.0,2050.0,0.8686,94,0,5,316,1,2010.0
216,2,2,2,2360.0,1900.0,0.8051,57,0,0,412,1,1810.0
216,2,2,2,2360.0,1350.0,0.572,105,0,1,476,1,1320.0
216,2,2,2,2360.0,3920.0,1.661,57,0,1,106,0,
216,2,2,2,2360.0,1780.0,0.7542,110,0,0,203,1,1770.0
216,2,2,2,2360.0,1770.0,0.75,96,0,3,572,1,1740.0
216,2,2,2,2360.0,2050.0,0.8686,10,0,1,205,0,
216,2,2,2,2360.0,1770.0,0.75,52,0,5,160,0,
216,2,2,2,2360.0,1650.0,0.6992,42,0,3,710,0,
216,2,2,2,2360.0,2260.0,0.9576,56,0,5,611,1,2200.0
216,2,2,2,2360.0,1730.0,0.7331,45,0,3,454,0,
216,2,2,2,2360.0,1680.0,0.7119,93,0,2,631,0,
216,2,2,2,2360.0,2010.0,0.8517,89,0,0,39,1,1990.0
217,2,2,1,1430.0,1130.0,0.7902,102,0,0,647,1,1040.0
217,2,2,1,1430.0,1560.0,1.0909,12,0,2,430,0,
217,2,2,1,1430.0,1660.0,1.1608,109,0,8,442,0,
217,2,2,1,1430.0,1540.0,1.0769,72,0,0,550,1,1420.0
217,2,2,1,1430.0,980.0,0.6853,89,0,1,269,1,950.0
217,2,2,1,1430.0,1110.0,0.7762,35,0,0,452,0,
217,2,2,1,1430.0,1770.0,1.2378,50,0,0,482,0,
217,2,2,1,1430.0,1190.0,0.8322,18,0,1,537,1,1150.0
217,2,2,1,1430.0,1370.0,0.958,39,0,5,691,0,
217,2,2,1,1430.0,1520.0,1.0629,40,0,3,44,0,
217,2,2,1,1430.0,2150.0,1.5035,9,0,1,212,0,
217,2,2,1,1430.0,1270.0,0.8881,10,0,0,142,1,1200.0
217,2,2,1,1430.0,1120.0,0.7832,80,0,0,622,1,1030.0
217,2,2,1,1430.0,1400.0,0.979,69,0,5,421,0,
217,2,2,1,1430.0,1210.0,0.8462,35,0,1,142,1,1210.0
218,3,1,2,4610.0,2990.0,0.6486,92,0,1,385,1,2950.0
218,3,1,2,4610.0,4090.0,0.8872,95,0,1,327,1,3840.0
218,3,1,2,4610.0,2570.0,0.5575,87,0,3,621,1,2570.0
218,3,1,2,4610.0,3280.0,0.7115,29,0,1,198,1,3100.0
218,3,1,2,4610.0,4850.0,1.0521,19,0,3,664,1,4850.0
218,3,1,2,4610.0,3870.0,0.8395,63,0,1,254,1,3530.0
218,3,1,2,4610.0,6590.0,1.4295,21,0,3,404,1,6140.0
218,3,1,2,4610.0,3350.0,0.7267,19,0,0,667,1,3350.0
218,3,1,2,4610.0,5700.0,1.2364,68,0,3,671,0,
218,3,1,2,4610.0,2190.0,0.4751,1,0,1,695,1,2060.0
218,3,1,2,4610.0,4730.0,1.026,39,0,0,77,1,4730.0
218,3,1,2,4610.0,4980.0,1.0803,88,0,3,341,1,4920.0
218,3,1,2,4610.0,6450.0,1.3991,69,0,0,273,0,
218,3,1,2,4610.0,5770.0,1.2516,103,0,8,426,0,
218,3,1,2,4610.0,2820.0,0.6117,6,0,2,580,0,
219,3,2,3,1510.0,1270.0,0.8411,51,1,0,524,1,1270.0
219,3,2,3,1510.0,1420.0,0.9404,102,1,5,522,1,1370.0
219,3,2,3,1510.0,1830.0,1.2119,12,1,3,422,0,
219,3,2,3,1510.0,1290.0,0.8543,50,1,2,271,0,
219,3,2,3,1510.0,2240.0,1.4834,108,1,1,669,0,
219,3,2,3,1510.0,1550.0,1.0265,26,1,0,628,0,
219,3,2,3,1510.0,2010.0,1.3311,32,1,1,715,0,
219,3,2,3,1510.0,2770.0,1.8344,16,1,2,214,0,
219,3,2,3,1510.0,1190.0,0.7881,35,1,3,451,1,1180.0
219,3,2,3,1510.0,1280.0,0.8477,53,1,2,400,1,1260.0
219,3,2,3,1510.0,800.0,0.5298,22,1,1,53,1,790.0
219,3,2,3,1510.0,1200.0,0.7947,61,1,5,218,1,1180.0
219,3,2,3,1510.0,1160.0,0.7682,1,1,2,626,1,1110.0
219,3,2,3,1510.0,2930.0,1.9404,33,1,0,707,0,
219,3,2,3,1510.0,1410.0,0.9338,55,1,3,326,1,1380.0
220,3,2,3,2270.0,2780.0,1.2247,35,1,0,418,1,2660.0
220,3,2,3,2270.0,3740.0,1.6476,30,1,5,298,0,
220,3,2,3,2270.0,2520.0,1.1101,23,1,0,53,0,
220,3,2,3,2270.0,2770.0,1.2203,99,1,2,443,0,
220,3,2,3,2270.0,1770.0,0.7797,11,1,8,322,0,
220,3,2,3,2270.0,1890.0,0.8326,17,1,2,640,1,1890.0
220,3,2,3,2270.0,1330.0,0.5859,41,1,3,154,1,1330.0
220,3,2,3,2270.0,2270.0,1.0,9,1,0,116,1,2270.0
220,3,2,3,2270.0,1580.0,0.696,57,1,0,372,1,1550.0
220,3,2,3,2270.0,2100.0,0.9251,53,1,0,160,0,
220,3,2,3,2270.0,1990.0,0.8767,30,1,2,605,1,1950.0
220,3,2,3,2270.0,2100.0,0.9251,13,1,5,232,1,2010.0
220,3,2,3,2270.0,2470.0,1.0881,23,1,1,674,1,2370.0
220,3,2,3,2270.0,2150.0,0.9471,26,1,0,612,0,
220,3,2,3,2270.0,2060.0,0.9075,73,1,0,192,1,1830.0
221,4,1,3,5900.0,5870.0,0.9949,13,1,0,660,0,
221,4,1,3,5900.0,3560.0,0.6034,6,1,2,136,1,3370.0
221,4,1,3,5900.0,7490.0,1.2695,88,1,1,400,1,6690.0
221,4,1,3,5900.0,5450.0,0.9237,67,1,1,167,1,4900.0
221,4,1,3,5900.0,2360.0,0.4,85,1,2,42,1,2170.0
221,4,1,3,5900.0,4820.0,0.8169,103,1,0,271,1,4480.0
221,4,1,3,5900.0,4380.0,0.7424,65,1,1,67,1,4380.0
221,4,1,3,5900.0,3980.0,0.6746,6,1,0,378,1,3840.0
221,4,1,3,5900.0,4040.0,0.6847,88,1,1,61,1,4040.0
221,4,1,3,5900.0,5560.0,0.9424,77,1,0,458,1,5560.0
221,4,1,3,5900.0,4910.0,0.8322,90,1,1,449,1,4710.0
221,4,1,3,5900.0,5650.0,0.9576,13,1,0,356,1,5650.0
221,4,1,3,5900.0,9850.0,1.6695,28,1,3,309,0,
221,4,1,3,5900.0,5260.0,0.8915,64,1,1,284,1,5220.0
221,4,1,3,5900.0,7550.0,1.2797,92,1,2,52,1,7460.0
222,3,2,1,3050.0,1990.0,0.6525,83,1,2,43,1,1940.0
222,3,2,1,3050.0,3730.0,1.223,106,1,0,145,1,3700.0
222,3,2,1,3050.0,2410.0,0.7902,11,1,0,393,1,2330.0
222,3,2,1,3050.0,2660.0,0.8721,110,1,0,149,1,2660.0
222,3,2,1,3050.0,3220.0,1.0557,104,1,2,621,1,3130.0
222,3,2,1,3050.0,4600.0,1.5082,87,1,2,576,1,4600.0
222,3,2,1,3050.0,1220.0,0.4,97,1,5,21,1,1220.0
222,3,2,1,3050.0,3340.0,1.0951,66,1,0,481,0,
222,3,2,1,3050.0,4150.0,1.3607,104,1,1,263,1,4150.0
222,3,2,1,3050.0,2780.0,0.9115,78,1,5,609,0,
222,3,2,1,3050.0,3940.0,1.2918,94,1,0,719,1,3910.0
222,3,2,1,3050.0,2830.0,0.9279,45,1,2,314,1,2830.0
222,3,2,1,3050.0,2400.0,0.7869,40,1,5,499,1,2290.0
222,3,2,1,3050.0,3430.0,1.1246,46,1,0,373,1,3290.0
222,3,2,1,3050.0,1730.0,0.5672,39,1,1,165,1,1670.0
223,4,3,2,4360.0,3740.0,0.8578,103,1,5,524,1,3580.0
223,4,3,2,4360.0,4350.0,0.9977,83,1,0,656,0,
223,4,3,2,4360.0,3850.0,0.883,81,1,0,583,1,3850.0
223,4,3,2,4360.0,3860.0,0.8853,23,1,0,496,1,3580.0
223,4,3,2,4360.0,4160.0,0.9541,48,1,2,630,1,3940.0
223,4,3,2,4360.0,4540.0,1.0413,83,1,3,390,1,4380.0
223,4,3,2,4360.0,4470.0,1.0252,10,1,0,270,0,
223,4,3,2,4360.0,3550.0,0.8142,19,1,0,52,1,3330.0
223,4,3,2,4360.0,3210.0,0.7362,47,1,2,561,1,3150.0
223,4,3,2,4360.0,3270.0,0.75,72,1,0,77,1,3230.0
223,4,3,2,4360.0,4910.0,1.1261,34,1,8,504,0,
223,4,3,2,4360.0,3060.0,0.7018,60,1,0,710,1,2990.0
223,4,3,2,4360.0,4400.0,1.0092,91,1,3,286,0,
223,4,3,2,4360.0,3090.0,0.7087,40,1,0,106,1,3010.0
223,4,3,2,4360.0,4380.0,1.0046,61,1,1,34,1,4070.0
224,2,1,1,1130.0,1440.0,1.2743,41,1,3,630,0,
224,2,1,1,1130.0,560.0,0.4956,78,1,0,215,1,540.0
224,2,1,1,1130.0,1410.0,1.2478,30,1,8,102,0,
224,2,1,1,1130.0,1230.0,1.0885,71,1,0,653,0,
224,2,1,1,1130.0,660.0,0.5841,35,1,3,73,1,650.0
224,2,1,1,1130.0,810.0,0.7168,103,1,0,302,1,780.0
224,2,1,1,1130.0,850.0,0.7522,44,1,3,348,1,830.0
224,2,1,1,1130.0,1580.0,1.3982,51,1,3,701,0,
224,2,1,1,1130.0,1260.0,1.115,20,1,1,399,0,
224,2,1,1,1130.0,1300.0,1.1504,62,1,5,388,0,
224,2,1,1,1130.0,1020.0,0.9027,43,1,5,314,1,970.0
224,2,1,1,1130.0,1110.0,0.9823,30,1,2,222,0,
224,2,1,1,1130.0,1400.0,1.2389,16,1,3,394,0,
224,2,1,1,1130.0,1320.0,1.1681,4,1,2,224,1,1300.0
224,2,1,1,1130.0,1230.0,1.0885,52,1,5,560,1,1210.0
225,3,1,1,2810.0,2920.0,1.0391,74,0,1,112,1,2620.0
225,3,1,1,2810.0,2310.0,0.8221,25,0,1,93,1,2230.0
225,3,1,1,2810.0,2500.0,0.8897,97,0,5,534,0,
225,3,1,1,2810.0,2030.0,0.7224,57,0,2,502,1,2000.0
225,3,1,1,2810.0,2630.0,0.9359,96,0,0,666,1,2590.0
225,3,1,1,2810.0,2120.0,0.7544,72,0,0,681,1,2120.0
225,3,1,1,2810.0,2260.0,0.8043,66,0,2,384,1,2000.0
225,3,1,1,2810.0,2990.0,1.0641,54,0,3,193,0,
225,3,1,1,2810.0,1950.0,0.694,63,0,0,129,1,1800.0
225,3,1,1,2810.0,2380.0,0.847,47,0,2,488,1,2240.0
225,3,1,1,2810.0,2530.0,0.9004,58,0,3,145,0,
225,3,1,1,2810.0,2350.0,0.8363,3,0,1,717,1,2330.0
225,3,1,1,2810.0,3530.0,1.2562,99,0,3,22,1,3530.0
225,3,1,1,2810.0,3200.0,1.1388,84,0,1,371,1,2710.0
225,3,1,1,2810.0,2120.0,0.7544,100,0,2,519,1,2010.0
226,2,2,1,1670.0,1420.0,0.8503,51,0,1,442,1,1420.0
226,2,2,1,1670.0,2050.0,1.2275,8,0,0,661,1,1850.0
226,2,2,1,1670.0,1380.0,0.8263,31,0,2,259,1,1380.0
226,2,2,1,1670.0,1680.0,1.006,80,0,0,456,0,
226,2,2,1,1670.0,1760.0,1.0539,58,0,1,303,1,1640.0
226,2,2,1,1670.0,2080.0,1.2455,50,0,1,606,1,1920.0
226,2,2,1,1670.0,2020.0,1.2096,8,0,0,271,1,1890.0
226,2,2,1,1670.0,1280.0,0.7665,28,0,0,148,1,1280.0
226,2,2,1,1670.0,2530.0,1.515,78,0,8,675,0,
226,2,2,1,1670.0,1490.0,0.8922,96,0,2,53,1,1400.0
226,2,2,1,1670.0,2050.0,1.2275,85,0,0,430,0,
226,2,2,1,1670.0,1990.0,1.1916,95,0,1,39,0,
226,2,2,1,1670.0,1260.0,0.7545,86,0,0,373,1,1230.0
226,2,2,1,1670.0,1170.0,0.7006,83,0,0,185,1,1170.0
226,2,2,1,1670.0,1630.0,0.976,13,0,8,353,0,
227,5,2,3,17440.0,10820.0,0.6204,68,1,1,604,1,10710.0
227,5,2,3,17440.0,14870.0,0.8526,50,1,3,391,1,13490.0
227,5,2,3,17440.0,20550.0,1.1783,11,1,1,406,1,19070.0
227,5,2,3,17440.0,15940.0,0.914,36,1,0,104,1,14090.0
227,5,2,3,17440.0,11820.0,0.6778,38,1,2,260,1,11710.0
227,5,2,3,17440.0,15060.0,0.8635,81,1,0,355,1,13360.0
227,5,2,3,17440.0,17750.0,1.0178,41,1,3,623,1,17750.0
227,5,2,3,17440.0,11510.0,0.66,8,1,5,508,1,10500.0
227,5,2,3,17440.0,43600.0,2.5,34,1,2,531,0,
227,5,2,3,17440.0,25750.0,1.4765,29,1,1,124,1,25750.0
227,5,2,3,17440.0,15720.0,0.9014,18,1,0,691,1,15380.0
227,5,2,3,17440.0,11750.0,0.6737,95,1,2,511,1,10580.0
227,5,2,3,17440.0,18100.0,1.0378,95,1,3,144,0,
227,5,2,3,17440.0,12520.0,0.7179,99,1,3,351,1,12520.0
227,5,2,3,17440.0,14280.0,0.8188,2,1,5,562,1,14280.0
228,4,2,3,5820.0,6870.0,1.1804,49,1,8,701,0,
228,4,2,3,5820.0,4330.0,0.744,24,1,1,419,1,4240.0
228,4,2,3,5820.0,4950.0,0.8505,65,1,5,249,0,
228,4,2,3,5820.0,5520.0,0.9485,60,1,3,121,0,
228,4,2,3,5820.0,5080.0,0.8729,87,1,0,250,1,5010.0
228,4,2,3,5820.0,4110.0,0.7062,22,1,3,7,1,3870.0
228,4,2,3,5820.0,5890.0,1.012,28,1,1,675,1,5460.0
228,4,2,3,5820.0,5000.0,0.8591,70,1,0,537,1,4780.0
228,4,2,3,5820.0,4250.0,0.7302,70,1,0,704,1,4250.0
228,4,2,3,5820.0,5970.0,1.0258,36,1,3,338,0,
228,4,2,3,5820.0,6230.0,1.0704,79,1,1,379,1,6230.0
228,4,2,3,5820.0,7190.0,1.2354,107,1,5,128,1,7190.0
228,4,2,3,5820.0,4990.0,0.8574,96,1,3,183,1,4990.0
228,4,2,3,5820.0,7870.0,1.3522,59,1,3,59,1,7870.0
228,4,2,3,5820.0,7220.0,1.2405,67,1,0,710,1,7090.0
229,2,3,2,1290.0,1070.0,0.8295,54,0,2,639,0,
229,2,3,2,1290.0,1580.0,1.2248,47,0,2,196,0,
229,2,3,2,1290.0,1290.0,1.0,33,0,2,280,1,1240.0
229,2,3,2,1290.0,1200.0,0.9302,110,0,2,718,0,
229,2,3,2,1290.0,1320.0,1.0233,30,0,1,688,0,
229,2,3,2,1290.0,970.0,0.7519,56,0,1,668,1,970.0
229,2,3,2,1290.0,1370.0,1.062,107,0,1,714,0,
229,2,3,2,1290.0,960.0,0.7442,10,0,1,509,1,960.0
229,2,3,2,1290.0,920.0,0.7132,14,0,1,46,1,900.0
229,2,3,2,1290.0,860.0,0.6667,27,0,0,690,1,840.0
229,2,3,2,1290.0,1010.0,0.7829,44,0,2,8,0,
229,2,3,2,1290.0,1770.0,1.3721,56,0,1,415,0,
229,2,3,2,1290.0,1080.0,0.8372,107,0,0,630,0,
229,2,3,2,1290.0,1220.0,0.9457,32,0,8,669,0,
229,2,3,2,1290.0,1410.0,1.093,25,0,2,172,0,
230,4,1,3,5930.0,5750.0,0.9696,18,1,1,449,1,5750.0
230,4,1,3,5930.0,5970.0,1.0067,28,1,2,49,1,5970.0
230,4,1,3,5930.0,2560.0,0.4317,42,1,0,334,1,2490.0
230,4,1,3,5930.0,5700.0,0.9612,16,1,1,83,1,5640.0
230,4,1,3,5930.0,5480.0,0.9241,27,1,0,86,1,5480.0
230,4,1,3,5930.0,8990.0,1.516,75,1,3,12,1,8990.0
230,4,1,3,5930.0,4830.0,0.8145,51,1,0,243,1,4830.0
230,4,1,3,5930.0,7270.0,1.226,15,1,0,693,1,6810.0
230,4,1,3,5930.0,5940.0,1.0017,41,1,5,677,1,5940.0
230,4,1,3,5930.0,6160.0,1.0388,44,1,1,342,1,6160.0
230,4,1,3,5930.0,4330.0,0.7302,86,1,1,596,1,4110.0
230,4,1,3,5930.0,5640.0,0.9511,40,1,3,164,1,5640.0
230,4,1,3,5930.0,6500.0,1.0961,109,1,0,465,1,6500.0
230,4,1,3,5930.0,3960.0,0.6678,24,1,0,310,1,3960.0
230,4,1,3,5930.0,7970.0,1.344,92,1,2,414,1,7310.0
231,2,2,2,1960.0,1590.0,0.8112,100,1,3,209,0,
231,2,2,2,1960.0,1140.0,0.5816,101,1,1,179,1,1100.0
231,2,2,2,1960.0,2270.0,1.1582,101,1,2,37,0,
231,2,2,2,1960.0,2090.0,1.0663,50,1,1,49,1,2060.0
231,2,2,2,1960.0,1870.0,0.9541,26,1,1,225,0,
231,2,2,2,1960.0,1860.0,0.949,83,1,0,208,1,1860.0
231,2,2,2,1960.0,1890.0,0.9643,24,1,2,121,1,1820.0
231,2,2,2,1960.0,2030.0,1.0357,35,1,5,80,0,
231,2,2,2,1960.0,2250.0,1.148,85,1,1,670,0,
231,2,2,2,1960.0,2120.0,1.0816,88,1,0,149,0,
231,2,2,2,1960.0,2120.0,1.0816,63,1,0,624,1,1930.0
231,2,2,2,1960.0,2090.0,1.0663,43,1,1,91,1,1940.0
231,2,2,2,1960.0,2000.0,1.0204,8,1,0,669,1,1970.0
231,2,2,2,1960.0,1860.0,0.949,3,1,1,584,1,1720.0
231,2,2,2,1960.0,1520.0,0.7755,96,1,1,30,1,1460.0
232,4,1,2,3570.0,2870.0,0.8039,1,0,2,73,1,2680.0
232,4,1,2,3570.0,4010.0,1.1232,53,0,1,680,1,4010.0
232,4,1,2,3570.0,2350.0,0.6583,33,0,5,105,1,2350.0
232,4,1,2,3570.0,3170.0,0.888,42,0,1,100,0,
232,4,1,2,3570.0,3350.0,0.9384,78,0,1,486,1,3290.0
232,4,1,2,3570.0,4040.0,1.1317,56,0,5,133,0,
232,4,1,2,3570.0,1860.0,0.521,71,0,1,644,1,1820.0
232,4,1,2,3570.0,4900.0,1.3725,97,0,2,389,0,
232,4,1,2,3570.0,3940.0,1.1036,69,0,8,304,0,
232,4,1,2,3570.0,4020.0,1.1261,65,0,2,636,1,3900.0
232,4,1,2,3570.0,3900.0,1.0924,2,0,1,169,0,
232,4,1,2,3570.0,3310.0,0.9272,85,0,1,630,1,3270.0
232,4,1,2,3570.0,3620.0,1.014,47,0,0,379,1,3620.0
232,4,1,2,3570.0,3260.0,0.9132,92,0,0,32,1,2950.0
232,4,1,2,3570.0,3070.0,0.8599,88,0,1,697,1,2700.0
233,3,1,3,4750.0,4290.0,0.9032,10,1,3,541,0,
233,3,1,3,4750.0,4840.0,1.0189,99,1,0,79,1,4730.0
233,3,1,3,4750.0,4050.0,0.8526,33,1,2,535,1,3930.0
233,3,1,3,4750.0,6260.0,1.3179,100,1,3,510,1,5630.0
233,3,1,3,4750.0,4850.0,1.0211,4,1,8,687,0,
233,3,1,3,4750.0,5970.0,1.2568,49,1,3,641,1,5970.0
233,3,1,3,4750.0,4060.0,0.8547,93,1,8,33,1,3990.0
233,3,1,3,4750.0,4720.0,0.9937,3,1,2,677,1,4720.0
233,3,1,3,4750.0,5080.0,1.0695,87,1,0,493,1,4730.0
233,3,1,3,4750.0,3080.0,0.6484,61,1,5,281,0,
233,3,1,3,4750.0,4370.0,0.92,81,1,5,0,0,
233,3,1,3,4750.0,5590.0,1.1768,21,1,1,81,0,
233,3,1,3,4750.0,3990.0,0.84,31,1,1,370,0,
233,3,1,3,4750.0,3210.0,0.6758,58,1,0,405,1,3060.0
233,3,1,3,4750.0,3420.0,0.72,12,1,1,226,1,3420.0
234,4,3,3,8060.0,4000.0,0.4963,51,0,5,189,1,3820.0
234,4,3,3,8060.0,5790.0,0.7184,25,0,1,548,1,5770.0
234,4,3,3,8060.0,8650.0,1.0732,52,0,1,517,0,
234,4,3,3,8060.0,7080.0,0.8784,102,0,3,16,1,6860.0
234,4,3,3,8060.0,9490.0,1.1774,55,0,2,551,1,9230.0
234,4,3,3,8060.0,7730.0,0.9591,18,0,0,339,1,7730.0
234,4,3,3,8060.0,8950.0,1.1104,57,0,1,400,0,
234,4,3,3,8060.0,8150.0,1.0112,34,0,0,277,1,8150.0
234,4,3,3,8060.0,8900.0,1.1042,84,0,2,559,0,
234,4,3,3,8060.0,9640.0,1.196,103,0,5,358,0,
234,4,3,3,8060.0,5050.0,0.6266,6,0,2,156,1,5000.0
234,4,3,3,8060.0,9810.0,1.2171,3,0,0,412,1,9810.0
234,4,3,3,8060.0,7260.0,0.9007,59,0,0,541,1,6940.0
234,4,3,3,8060.0,5890.0,0.7308,5,0,0,342,0,
234,4,3,3,8060.0,8410.0,1.0434,103,0,0,613,1,7670.0
235,4,3,3,4180.0,3090.0,0.7392,100,0,1,311,1,2820.0
235,4,3,3,4180.0,4590.0,1.0981,1,0,5,563,1,3960.0
235,4,3,3,4180.0,2260.0,0.5407,72,0,2,288,1,1990.0
235,4,3,3,4180.0,3280.0,0.7847,102,0,1,646,1,3140.0
235,4,3,3,4180.0,4590.0,1.0981,55,0,1,174,1,4520.0
235,4,3,3,4180.0,4590.0,1.0981,92,0,2,672,1,4400.0
235,4,3,3,4180.0,3990.0,0.9545,55,0,3,5,1,3990.0
235,4,3,3,4180.0,2970.0,0.7105,6,0,3,131,1,2920.0
235,4,3,3,4180.0,5770.0,1.3804,58,0,0,76,1,5430.0
235,4,3,3,4180.0,3520.0,0.8421,41,0,1,377,1,3520.0
235,4,3,3,4180.0,2530.0,0.6053,89,0,1,317,1,2370.0
235,4,3,3,4180.0,2950.0,0.7057,59,0,0,425,0,
235,4,3,3,4180.0,4990.0,1.1938,7,0,5,519,0,
235,4,3,3,4180.0,2880.0,0.689,52,0,0,649,1,2870.0
235,4,3,3,4180.0,4280.0,1.0239,21,0,1,234,1,4220.0
236,3,1,3,3620.0,3580.0,0.989,86,0,5,664,1,3440.0
236,3,1,3,3620.0,2640.0,0.7293,6,0,2,716,1,2460.0
236,3,1,3,3620.0,2570.0,0.7099,6,0,1,714,1,2490.0
236,3,1,3,3620.0,5010.0,1.384,16,0,0,0,1,4640.0
236,3,1,3,3620.0,4440.0,1.2265,100,0,1,113,1,4400.0
236,3,1,3,3620.0,2020.0,0.558,81,0,1,519,1,2020.0
236,3,1,3,3620.0,4790.0,1.3232,86,0,0,60,1,4660.0
236,3,1,3,3620.0,3390.0,0.9365,69,0,0,146,1,2970.0
236,3,1,3,3620.0,4180.0,1.1547,22,0,0,379,0,
236,3,1,3,3620.0,3530.0,0.9751,49,0,1,22,1,3530.0
236,3,1,3,3620.0,2710.0,0.7486,100,0,0,135,0,
236,3,1,3,3620.0,3610.0,0.9972,63,0,3,677,1,3610.0
236,3,1,3,3620.0,2620.0,0.7238,108,0,1,625,1,2600.0
236,3,1,3,3620.0,3900.0,1.0773,40,0,1,168,1,3790.0
236,3,1,3,3620.0,3190.0,0.8812,31,0,3,236,0,
237,1,3,1,1380.0,820.0,0.5942,62,0,3,283,0,
237,1,3,1,1380.0,1250.0,0.9058,101,0,3,480,0,
237,1,3,1,1380.0,2100.0,1.5217,27,0,0,361,0,
237,1,3,1,1380.0,1220.0,0.8841,13,0,1,679,0,
237,1,3,1,1380.0,1020.0,0.7391,77,0,0,199,1,990.0
237,1,3,1,1380.0,1270.0,0.9203,39,0,0,109,1,1260.0
237,1,3,1,1380.0,910.0,0.6594,38,0,2,96,1,910.0
237,1,3,1,1380.0,1650.0,1.1957,22,0,0,197,0,
237,1,3,1,1380.0,1750.0,1.2681,74,0,1,572,0,
237,1,3,1,1380.0,3000.0,2.1739,94,0,3,668,0,
237,1,3,1,1380.0,1190.0,0.8623,63,0,5,161,0,
237,1,3,1,1380.0,1350.0,0.9783,103,0,1,443,0,
237,1,3,1,1380.0,1840.0,1.3333,86,0,2,278,0,
237,1,3,1,1380.0,1370.0,0.9928,99,0,1,398,0,
237,1,3,1,1380.0,1540.0,1.1159,8,0,1,225,0,
238,4,1,2,5060.0,4450.0,0.8794,59,0,3,203,1,4280.0
238,4,1,2,5060.0,3890.0,0.7688,54,0,3,283,1,3890.0
238,4,1,2,5060.0,5540.0,1.0949,27,0,2,285,1,5540.0
238,4,1,2,5060.0,5360.0,1.0593,90,0,0,611,0,
238,4,1,2,5060.0,3340.0,0.6601,43,0,1,1,1,3340.0
238,4,1,2,5060.0,3500.0,0.6917,93,0,0,466,1,3350.0
238,4,1,2,5060.0,5010.0,0.9901,1,0,1,686,1,5010.0
238,4,1,2,5060.0,3090.0,0.6107,110,0,1,312,1,3090.0
238,4,1,2,5060.0,5270.0,1.0415,87,0,5,277,0,
238,4,1,2,5060.0,2910.0,0.5751,24,0,0,132,1,2820.0
238,4,1,2,5060.0,3990.0,0.7885,101,0,5,289,0,
238,4,1,2,5060.0,3990.0,0.7885,11,0,1,116,1,3870.0
238,4,1,2,5060.0,5470.0,1.081,36,0,3,318,1,5350.0
238,4,1,2,5060.0,3940.0,0.7787,77,0,1,336,1,3880.0
238,4,1,2,5060.0,5420.0,1.0711,92,0,0,20,1,5370.0
239,3,3,2,2330.0,1390.0,0.5966,99,1,1,167,1,1340.0
239,3,3,2,2330.0,2130.0,0.9142,99,1,3,581,0,
239,3,3,2,2330.0,1190.0,0.5107,37,1,3,251,1,1150.0
239,3,3,2,2330.0,2670.0,1.1459,37,1,1,321,0,
239,3,3,2,2330.0,1710.0,0.7339,87,1,0,126,1,1670.0
239,3,3,2,2330.0,1600.0,0.6867,21,1,5,113,0,
239,3,3,2,2330.0,1750.0,0.7511,71,1,0,476,0,
239,3,3,2,2330.0,2820.0,1.2103,47,1,0,621,1,2660.0
239,3,3,2,2330.0,3120.0,1.3391,49,1,0,616,1,3110.0
239,3,3,2,2330.0,1050.0,0.4506,94,1,1,537,1,1050.0
239,3,3,2,2330.0,1400.0,0.6009,66,1,0,54,1,1400.0
239,3,3,2,2330.0,2110.0,0.9056,79,1,3,246,1,2110.0
239,3,3,2,2330.0,1650.0,0.7082,79,1,2,377,1,1650.0
239,3,3,2,2330.0,1960.0,0.8412,88,1,0,706,1,1950.0
239,3,3,2,2330.0,1390.0,0.5966,73,1,0,304,1,1320.0
240,2,3,1,2600.0,2010.0,0.7731,34,0,0,619,0,
240,2,3,1,2600.0,2060.0,0.7923,5,0,1,72,0,
240,2,3,1,2600.0,2040.0,0.7846,29,0,5,499,0,
240,2,3,1,2600.0,2230.0,0.8577,74,0,0,211,0,
240,2,3,1,2600.0,3390.0,1.3038,35,0,2,555,0,
240,2,3,1,2600.0,2530.0,0.9731,65,0,0,351,1,2440.0
240,2,3,1,2600.0,3210.0,1.2346,59,0,3,551,0,
240,2,3,1,2600.0,2680.0,1.0308,42,0,3,38,0,
240,2,3,1,2600.0,2610.0,1.0038,37,0,3,305,1,2390.0
240,2,3,1,2600.0,2470.0,0.95,77,0,0,570,1,2310.0
240,2,3,1,2600.0,2720.0,1.0462,96,0,2,184,0,
240,2,3,1,2600.0,2320.0,0.8923,89,0,8,195,1,2210.0
240,2,3,1,2600.0,2040.0,0.7846,103,0,3,248,0,
240,2,3,1,2600.0,1680.0,0.6462,81,0,5,632,0,
240,2,3,1,2600.0,2830.0,1.0885,43,0,2,618,0,
241,2,2,1,1110.0,820.0,0.7387,10,1,1,717,1,780.0
241,2,2,1,1110.0,1430.0,1.2883,47,1,1,281,1,1430.0
241,2,2,1,1110.0,880.0,0.7928,44,1,0,356,1,880.0
241,2,2,1,1110.0,1050.0,0.9459,77,1,0,706,1,980.0
241,2,2,1,1110.0,1190.0,1.0721,79,1,0,302,0,
241,2,2,1,1110.0,1450.0,1.3063,96,1,3,510,0,
241,2,2,1,1110.0,940.0,0.8468,52,1,5,321,0,
241,2,2,1,1110.0,970.0,0.8739,104,1,1,43,0,
241,2,2,1,1110.0,1290.0,1.1622,54,1,2,670,0,
241,2,2,1,1110.0,1310.0,1.1802,33,1,1,344,1,1230.0
241,2,2,1,1110.0,1200.0,1.0811,100,1,5,14,0,
241,2,2,1,1110.0,1290.0,1.1622,20,1,1,590,0,
241,2,2,1,1110.0,1470.0,1.3243,72,1,0,580,1,1470.0
241,2,2,1,1110.0,670.0,0.6036,35,1,0,193,0,
241,2,2,1,1110.0,1110.0,1.0,64,1,0,248,1,1090.0
242,1,2,2,1120.0,910.0,0.8125,23,0,1,478,0,
242,1,2,2,1120.0,900.0,0.8036,66,0,5,64,1,780.0
242,1,2,2,1120.0,1100.0,0.9821,104,0,2,310,0,
242,1,2,2,1120.0,930.0,0.8304,87,0,0,497,0,
242,1,2,2,1120.0,950.0,0.8482,49,0,0,65,1,860.0
242,1,2,2,1120.0,1640.0,1.4643,26,0,2,373,1,1540.0
242,1,2,2,1120.0,1360.0,1.2143,33,0,0,256,0,
242,1,2,2,1120.0,1180.0,1.0536,99,0,0,627,0,
242,1,2,2,1120.0,740.0,0.6607,3,0,1,3,1,710.0
242,1,2,2,1120.0,670.0,0.5982,25,0,0,459,1,590.0
242,1,2,2,1120.0,680.0,0.6071,28,0,1,563,0,
242,1,2,2,1120.0,1190.0,1.0625,44,0,1,710,0,
242,1,2,2,1120.0,1190.0,1.0625,102,0,0,275,1,1190.0
242,1,2,2,1120.0,1260.0,1.125,23,0,3,249,1,1260.0
242,1,2,2,1120.0,870.0,0.7768,10,0,3,388,0,
243,2,2,1,1880.0,2620.0,1.3936,43,0,0,635,1,2420.0
243,2,2,1,1880.0,1270.0,0.6755,29,0,0,287,1,1190.0
243,2,2,1,1880.0,1780.0,0.9468,95,0,8,711,0,
243,2,2,1,1880.0,1550.0,0.8245,61,0,8,488,0,
243,2,2,1,1880.0,2080.0,1.1064,36,0,5,545,0,
243,2,2,1,1880.0,2800.0,1.4894,36,0,1,599,0,
243,2,2,1,1880.0,1530.0,0.8138,30,0,1,451,0,
243,2,2,1,1880.0,2150.0,1.1436,63,0,0,582,1,2090.0
243,2,2,1,1880.0,1850.0,0.984,47,0,1,515,0,
243,2,2,1,1880.0,2310.0,1.2287,17,0,3,371,0,
243,2,2,1,1880.0,2010.0,1.0691,28,0,0,186,1,2010.0
243,2,2,1,1880.0,1320.0,0.7021,90,0,8,418,0,
243,2,2,1,1880.0,1950.0,1.0372,45,0,8,368,0,
243,2,2,1,1880.0,1540.0,0.8191,22,0,0,179,1,1540.0
243,2,2,1,1880.0,1450.0,0.7713,51,0,1,222,1,1440.0
244,1,1,2,1610.0,1550.0,0.9627,82,1,0,408,1,1550.0
244,1,1,2,1610.0,1050.0,0.6522,70,1,1,505,1,1000.0
244,1,1,2,1610.0,1600.0,0.9938,12,1,3,209,0,
244,1,1,2,1610.0,2350.0,1.4596,79,1,2,326,0,
244,1,1,2,1610.0,1820.0,1.1304,106,1,5,325,0,
244,1,1,2,1610.0,1650.0,1.0248,87,1,2,683,1,1630.0
244,1,1,2,1610.0,1950.0,1.2112,66,1,1,605,0,
244,1,1,2,1610.0,1230.0,0.764,54,1,8,185,0,
244,1,1,2,1610.0,1900.0,1.1801,71,1,8,103,0,
244,1,1,2,1610.0,2130.0,1.323,99,1,3,17,0,
244,1,1,2,1610.0,1010.0,0.6273,29,1,3,644,0,
244,1,1,2,1610.0,1790.0,1.1118,55,1,3,5,1,1770.0
244,1,1,2,1610.0,1500.0,0.9317,1,1,2,276,1,1380.0
244,1,1,2,1610.0,1080.0,0.6708,43,1,1,351,1,1080.0
244,1,1,2,1610.0,1510.0,0.9379,82,1,0,423,0,
245,3,3,3,2530.0,2690.0,1.0632,47,1,1,677,1,2610.0
245,3,3,3,2530.0,3490.0,1.3794,84,1,3,441,0,
245,3,3,3,2530.0,1860.0,0.7352,97,1,8,645,0,
245,3,3,3,2530.0,3210.0,1.2688,110,1,1,423,0,
245,3,3,3,2530.0,2200.0,0.8696,48,1,1,392,1,2140.0
245,3,3,3,2530.0,2120.0,0.8379,15,1,0,254,1,1990.0
245,3,3,3,2530.0,2900.0,1.1462,107,1,8,493,0,
245,3,3,3,2530.0,1800.0,0.7115,19,1,0,144,1,1800.0
245,3,3,3,2530.0,2370.0,0.9368,62,1,5,156,0,
245,3,3,3,2530.0,2250.0,0.8893,99,1,2,269,1,2090.0
245,3,3,3,2530.0,2050.0,0.8103,79,1,3,413,0,
245,3,3,3,2530.0,3080.0,1.2174,58,1,3,82,0,
245,3,3,3,2530.0,2530.0,1.0,75,1,0,634,1,2440.0
245,3,3,3,2530.0,2570.0,1.0158,15,1,3,46,1,2570.0
245,3,3,3,2530.0,2320.0,0.917,58,1,0,623,1,2200.0
246,3,3,1,4930.0,5470.0,1.1095,51,1,2,3,1,5050.0
246,3,3,1,4930.0,6030.0,1.2231,45,1,0,388,1,5600.0
246,3,3,1,4930.0,5060.0,1.0264,50,1,0,655,1,5060.0
246,3,3,1,4930.0,5370.0,1.0892,44,1,0,192,1,5260.0
246,3,3,1,4930.0,3800.0,0.7708,88,1,3,56,0,
246,3,3,1,4930.0,4450.0,0.9026,1,1,1,292,0,
246,3,3,1,4930.0,4830.0,0.9797,83,1,5,482,0,
246,3,3,1,4930.0,5150.0,1.0446,79,1,3,196,0,
246,3,3,1,4930.0,5440.0,1.1034,7,1,0,461,1,4920.0
246,3,3,1,4930.0,4380.0,0.8884,12,1,8,0,1,4220.0
246,3,3,1,4930.0,4940.0,1.002,98,1,1,591,0,
246,3,3,1,4930.0,3660.0,0.7424,69,1,1,460,1,3540.0
246,3,3,1,4930.0,5330.0,1.0811,4,1,5,613,0,
246,3,3,1,4930.0,3770.0,0.7647,73,1,0,462,1,3770.0
246,3,3,1,4930.0,3380.0,0.6856,14,1,2,355,0,
247,2,2,1,2240.0,1700.0,0.7589,109,1,2,425,1,1700.0
247,2,2,1,2240.0,2310.0,1.0312,82,1,3,292,0,
247,2,2,1,2240.0,2590.0,1.1562,60,1,0,53,1,2590.0
247,2,2,1,2240.0,1600.0,0.7143,84,1,2,199,1,1530.0
247,2,2,1,2240.0,2160.0,0.9643,8,1,1,660,1,2030.0
247,2,2,1,2240.0,1810.0,0.808,33,1,1,270,1,1750.0
247,2,2,1,2240.0,1360.0,0.6071,82,1,1,53,0,
247,2,2,1,2240.0,4070.0,1.817,22,1,5,601,0,
247,2,2,1,2240.0,2280.0,1.0179,60,1,0,438,1,2260.0
247,2,2,1,2240.0,2670.0,1.192,47,1,1,206,0,
247,2,2,1,2240.0,2610.0,1.1652,91,1,2,548,0,
247,2,2,1,2240.0,1800.0,0.8036,65,1,0,113,1,1730.0
247,2,2,1,2240.0,1900.0,0.8482,72,1,0,270,0,
247,2,2,1,2240.0,3370.0,1.5045,10,1,1,666,0,
247,2,2,1,2240.0,1810.0,0.808,15,1,1,36,1,1780.0
248,4,1,2,6970.0,7580.0,1.0875,90,0,0,268,1,7140.0
248,4,1,2,6970.0,5210.0,0.7475,11,0,1,691,1,4940.0
248,4,1,2,6970.0,4780.0,0.6858,41,0,8,313,1,4660.0
248,4,1,2,6970.0,7040.0,1.01,35,0,0,49,1,7040.0
248,4,1,2,6970.0,5100.0,0.7317,42,0,2,713,1,4910.0
248,4,1,2,6970.0,6020.0,0.8637,85,0,0,226,1,6020.0
248,4,1,2,6970.0,5690.0,0.8164,81,0,8,291,1,5370.0
248,4,1,2,6970.0,7360.0,1.056,33,0,0,246,1,7280.0
248,4,1,2,6970.0,5060.0,0.726,71,0,3,114,1,4870.0
248,4,1,2,6970.0,7520.0,1.0789,49,0,0,475,0,
248,4,1,2,6970.0,4960.0,0.7116,28,0,2,68,1,4660.0
248,4,1,2,6970.0,6850.0,0.9828,2,0,2,312,1,6620.0
248,4,1,2,6970.0,7500.0,1.076,28,0,1,95,1,7260.0
248,4,1,2,6970.0,8610.0,1.2353,58,0,0,494,1,8560.0
248,4,1,2,6970.0,4970.0,0.7131,14,0,0,99,1,4760.0
249,3,2,2,2830.0,1950.0,0.689,33,1,8,386,0,
249,3,2,2,2830.0,3310.0,1.1696,65,1,2,482,1,3310.0
249,3,2,2,2830.0,2870.0,1.0141,39,1,1,569,1,2800.0
249,3,2,2,2830.0,1950.0,0.689,36,1,1,129,1,1810.0
249,3,2,2,2830.0,2710.0,0.9576,93,1,0,498,0,
249,3,2,2,2830.0,3000.0,1.0601,31,1,1,571,1,3000.0
249,3,2,2,2830.0,2510.0,0.8869,51,1,0,21,1,2500.0
249,3,2,2,2830.0,2140.0,0.7562,15,1,5,350,1,1890.0
249,3,2,2,2830.0,3650.0,1.2898,49,1,2,630,1,3630.0
249,3,2,2,2830.0,2100.0,0.742,110,1,2,541,1,2100.0
249,3,2,2,2830.0,4820.0,1.7032,31,1,8,590,0,
249,3,2,2,2830.0,3560.0,1.258,89,1,2,498,1,3530.0
249,3,2,2,2830.0,3110.0,1.0989,11,1,3,489,0,
249,3,2,2,2830.0,2120.0,0.7491,16,1,1,305,1,2060.0
249,3,2,2,2830.0,1830.0,0.6466,38,1,2,159,1,1710.0
250,2,1,1,1150.0,1260.0,1.0957,90,1,0,363,1,1200.0
250,2,1,1,1150.0,1420.0,1.2348,37,1,1,35,0,
250,2,1,1,1150.0,770.0,0.6696,13,1,2,219,0,
250,2,1,1,1150.0,630.0,0.5478,43,1,5,253,1,580.0
250,2,1,1,1150.0,1520.0,1.3217,79,1,2,209,0,
250,2,1,1,1150.0,1700.0,1.4783,8,1,0,260,0,
250,2,1,1,1150.0,620.0,0.5391,54,1,0,122,1,620.0
250,2,1,1,1150.0,840.0,0.7304,19,1,5,129,1,840.0
250,2,1,1,1150.0,1840.0,1.6,27,1,1,112,0,
250,2,1,1,1150.0,600.0,0.5217,84,1,1,102,1,600.0
250,2,1,1,1150.0,830.0,0.7217,82,1,0,668,1,760.0
250,2,1,1,1150.0,1070.0,0.9304,42,1,1,447,0,
250,2,1,1,1150.0,1180.0,1.0261,74,1,3,423,1,1150.0
250,2,1,1,1150.0,1140.0,0.9913,109,1,1,272,1,1140.0
250,2,1,1,1150.0,1000.0,0.8696,48,1,5,374,1,920.0
251,1,3,1,1300.0,1000.0,0.7692,31,0,2,192,0,
251,1,3,1,1300.0,2380.0,1.8308,37,0,8,494,0,
251,1,3,1,1300.0,1730.0,1.3308,58,0,8,655,0,
251,1,3,1,1300.0,1200.0,0.9231,83,0,1,278,1,1150.0
251,1,3,1,1300.0,1300.0,1.0,83,0,2,359,0,
251,1,3,1,1300.0,1030.0,0.7923,43,0,0,203,0,
251,1,3,1,1300.0,1650.0,1.2692,43,0,0,454,0,
251,1,3,1,1300.0,1290.0,0.9923,65,0,1,355,1,1210.0
251,1,3,1,1300.0,1280.0,0.9846,83,0,2,288,0,
251,1,3,1,1300.0,1820.0,1.4,20,0,8,409,0,
251,1,3,1,1300.0,1480.0,1.1385,101,0,1,712,0,
251,1,3,1,1300.0,1510.0,1.1615,86,0,0,99,0,
251,1,3,1,1300.0,1250.0,0.9615,44,0,0,169,0,
251,1,3,1,1300.0,1520.0,1.1692,17,0,0,60,0,
251,1,3,1,1300.0,1190.0,0.9154,25,0,0,674,0,
252,5,1,3,5360.0,6220.0,1.1604,55,1,0,188,1,6090.0
252,5,1,3,5360.0,4830.0,0.9011,45,1,0,547,1,4830.0
252,5,1,3,5360.0,5340.0,0.9963,102,1,3,200,1,5340.0
252,5,1,3,5360.0,5600.0,1.0448,21,1,2,314,1,5380.0
252,5,1,3,5360.0,6180.0,1.153,37,1,0,540,1,5980.0
252,5,1,3,5360.0,6050.0,1.1287,5,1,1,394,1,5770.0
252,5,1,3,5360.0,3820.0,0.7127,89,1,1,334,1,3730.0
252,5,1,3,5360.0,4700.0,0.8769,30,1,0,154,1,4650.0
252,5,1,3,5360.0,4890.0,0.9123,54,1,3,327,1,4460.0
252,5,1,3,5360.0,4510.0,0.8414,88,1,3,490,1,4270.0
252,5,1,3,5360.0,4770.0,0.8899,51,1,3,381,1,4430.0
252,5,1,3,5360.0,4880.0,0.9104,29,1,5,378,1,4880.0
252,5,1,3,5360.0,5330.0,0.9944,42,1,1,141,1,5110.0
252,5,1,3,5360.0,4990.0,0.931,47,1,3,496,1,4990.0
252,5,1,3,5360.0,5400.0,1.0075,106,1,0,552,1,5000.0
253,4,3,3,6300.0,3990.0,0.6333,85,1,1,166,0,
253,4,3,3,6300.0,5630.0,0.8937,23,1,8,550,0,
253,4,3,3,6300.0,4360.0,0.6921,65,1,1,679,1,4100.0
253,4,3,3,6300.0,3990.0,0.6333,3,1,0,446,1,3810.0
253,4,3,3,6300.0,6620.0,1.0508,3,1,5,40,0,
253,4,3,3,6300.0,6840.0,1.0857,62,1,5,567,0,
253,4,3,3,6300.0,7470.0,1.1857,60,1,0,284,1,7290.0
253,4,3,3,6300.0,4600.0,0.7302,16,1,1,613,1,4100.0
253,4,3,3,6300.0,5620.0,0.8921,20,1,0,693,1,5590.0
253,4,3,3,6300.0,5670.0,0.9,70,1,3,59,1,5670.0
253,4,3,3,6300.0,6370.0,1.0111,88,1,1,626,0,
253,4,3,3,6300.0,4390.0,0.6968,64,1,3,428,1,4060.0
253,4,3,3,6300.0,5150.0,0.8175,78,1,0,642,1,4570.0
253,4,3,3,6300.0,5660.0,0.8984,32,1,1,234,1,5630.0
253,4,3,3,6300.0,7400.0,1.1746,50,1,0,400,1,7360.0
254,4,1,3,8860.0,7270.0,0.8205,63,0,1,120,1,7210.0
254,4,1,3,8860.0,15130.0,1.7077,89,0,3,182,0,
254,4,1,3,8860.0,7390.0,0.8341,102,0,8,667,1,7390.0
254,4,1,3,8860.0,9680.0,1.0926,73,0,1,488,1,9680.0
254,4,1,3,8860.0,12850.0,1.4503,97,0,1,483,0,
254,4,1,3,8860.0,9120.0,1.0293,60,0,3,450,1,8950.0
254,4,1,3,8860.0,6080.0,0.6862,101,0,3,440,1,6000.0
254,4,1,3,8860.0,7200.0,0.8126,49,0,2,298,0,
254,4,1,3,8860.0,5800.0,0.6546,7,0,3,705,1,5450.0
254,4,1,3,8860.0,10300.0,1.1625,34,0,5,418,0,
254,4,1,3,8860.0,7560.0,0.8533,99,0,5,672,1,7170.0
254,4,1,3,8860.0,8780.0,0.991,47,0,0,139,1,8780.0
254,4,1,3,8860.0,8890.0,1.0034,47,0,2,715,0,
254,4,1,3,8860.0,8520.0,0.9616,2,0,0,588,1,8520.0
254,4,1,3,8860.0,8970.0,1.0124,59,0,2,407,1,8830.0
255,3,3,2,1950.0,1270.0,0.6513,39,1,5,356,1,1220.0
255,3,3,2,1950.0,1480.0,0.759,2,1,3,155,1,1450.0
255,3,3,2,1950.0,2260.0,1.159,1,1,3,523,0,
255,3,3,2,1950.0,2000.0,1.0256,47,1,1,598,0,
255,3,3,2,1950.0,2250.0,1.1538,35,1,1,368,1,2220.0
255,3,3,2,1950.0,2070.0,1.0615,40,1,3,406,0,
255,3,3,2,1950.0,2560.0,1.3128,6,1,0,134,1,2400.0
255,3,3,2,1950.0,1280.0,0.6564,60,1,1,290,1,1270.0
255,3,3,2,1950.0,2280.0,1.1692,11,1,3,551,0,
255,3,3,2,1950.0,2580.0,1.3231,32,1,0,419,0,
255,3,3,2,1950.0,1740.0,0.8923,91,1,3,112,0,
255,3,3,2,1950.0,1230.0,0.6308,102,1,2,83,1,1190.0
255,3,3,2,1950.0,1970.0,1.0103,56,1,0,153,0,
255,3,3,2,1950.0,1370.0,0.7026,56,1,2,566,1,1370.0
255,3,3,2,1950.0,1710.0,0.8769,6,1,1,543,0,
256,3,3,2,2160.0,2290.0,1.0602,15,1,1,257,1,2140.0
256,3,3,2,2160.0,2280.0,1.0556,30,1,0,47,0,
256,3,3,2,2160.0,1540.0,0.713,90,1,1,14,0,
256,3,3,2,2160.0,2740.0,1.2685,46,1,2,541,0,
256,3,3,2,2160.0,2420.0,1.1204,104,1,2,714,1,2410.0
256,3,3,2,2160.0,2550.0,1.1806,87,1,0,436,1,2540.0
256,3,3,2,2160.0,2320.0,1.0741,108,1,2,471,1,2000.0
256,3,3,2,2160.0,2370.0,1.0972,71,1,2,346,1,2270.0
256,3,3,2,2160.0,1760.0,0.8148,84,1,0,273,0,
256,3,3,2,2160.0,2430.0,1.125,98,1,2,39,1,2180.0
256,3,3,2,2160.0,1800.0,0.8333,94,1,1,284,1,1800.0
256,3,3,2,2160.0,4090.0,1.8935,10,1,0,496,1,4090.0
256,3,3,2,2160.0,3010.0,1.3935,64,1,5,344,0,
256,3,3,2,2160.0,1990.0,0.9213,12,1,5,96,1,1810.0
256,3,3,2,2160.0,1290.0,0.5972,65,1,0,233,1,1240.0
257,5,2,3,12710.0,12150.0,0.9559,5,0,2,169,1,12110.0
257,5,2,3,12710.0,11260.0,0.8859,54,0,0,500,1,11070.0
257,5,2,3,12710.0,14930.0,1.1747,10,0,0,677,1,14470.0
257,5,2,3,12710.0,16370.0,1.288,29,0,2,81,0,
257,5,2,3,12710.0,10420.0,0.8198,81,0,0,534,1,10420.0
257,5,2,3,12710.0,15420.0,1.2132,69,0,0,479,1,14640.0
257,5,2,3,12710.0,12250.0,0.9638,107,0,1,443,1,11950.0
257,5,2,3,12710.0,9590.0,0.7545,61,0,5,397,1,8710.0
257,5,2,3,12710.0,12630.0,0.9937,45,0,1,25,1,12380.0
257,5,2,3,12710.0,11060.0,0.8702,93,0,8,63,0,
257,5,2,3,12710.0,7570.0,0.5956,98,0,0,662,1,7300.0
257,5,2,3,12710.0,7410.0,0.583,48,0,2,428,1,7260.0
257,5,2,3,12710.0,9700.0,0.7632,47,0,2,213,1,9090.0
257,5,2,3,12710.0,14780.0,1.1629,106,0,5,666,0,
257,5,2,3,12710.0,7550.0,0.594,62,0,2,162,1,7160.0
258,3,2,1,1880.0,2350.0,1.25,54,0,1,187,1,2230.0
258,3,2,1,1880.0,1080.0,0.5745,8,0,0,571,1,980.0
258,3,2,1,1880.0,2160.0,1.1489,107,0,2,38,1,2020.0
258,3,2,1,1880.0,1680.0,0.8936,89,0,8,19,0,
258,3,2,1,1880.0,1260.0,0.6702,42,0,1,149,1,1190.0
258,3,2,1,1880.0,1860.0,0.9894,100,0,1,151,1,1800.0
258,3,2,1,1880.0,2350.0,1.25,9,0,1,372,1,2220.0
258,3,2,1,1880.0,1950.0,1.0372,85,0,1,306,1,1820.0
258,3,2,1,1880.0,1510.0,0.8032,100,0,2,688,1,1410.0
258,3,2,1,1880.0,1340.0,0.7128,99,0,0,621,1,1340.0
258,3,2,1,1880.0,1620.0,0.8617,36,0,3,677,1,1620.0
258,3,2,1,1880.0,2060.0,1.0957,75,0,0,2,0,
258,3,2,1,1880.0,1550.0,0.8245,17,0,5,537,1,1520.0
258,3,2,1,1880.0,2900.0,1.5426,56,0,0,240,1,2800.0
258,3,2,1,1880.0,2250.0,1.1968,98,0,5,198,0,
259,2,1,2,1070.0,1020.0,0.9533,67,0,0,716,1,930.0
259,2,1,2,1070.0,730.0,0.6822,24,0,1,482,1,730.0
259,2,1,2,1070.0,880.0,0.8224,10,0,2,384,0,
259,2,1,2,1070.0,820.0,0.7664,10,0,0,524,0,
259,2,1,2,1070.0,1200.0,1.1215,56,0,8,345,0,
259,2,1,2,1070.0,1220.0,1.1402,17,0,0,469,0,
259,2,1,2,1070.0,1290.0,1.2056,12,0,8,222,0,
259,2,1,2,1070.0,1770.0,1.6542,13,0,0,20,0,
259,2,1,2,1070.0,920.0,0.8598,86,0,1,461,1,870.0
259,2,1,2,1070.0,960.0,0.8972,109,0,3,123,1,920.0
259,2,1,2,1070.0,870.0,0.8131,35,0,1,676,0,
259,2,1,2,1070.0,930.0,0.8692,71,0,0,229,1,930.0
259,2,1,2,1070.0,900.0,0.8411,76,0,3,177,0,
259,2,1,2,1070.0,980.0,0.9159,3,0,0,353,1,930.0
259,2,1,2,1070.0,720.0,0.6729,20,0,5,513,0,
260,3,1,1,1970.0,2000.0,1.0152,28,1,8,230,0,
260,3,1,1,1970.0,2120.0,1.0761,81,1,5,708,1,1940.0
260,3,1,1,1970.0,1330.0,0.6751,105,1,0,653,1,1260.0
260,3,1,1,1970.0,1600.0,0.8122,89,1,8,710,0,
260,3,1,1,1970.0,930.0,0.4721,103,1,1,63,0,
260,3,1,1,1970.0,1520.0,0.7716,82,1,3,244,1,1520.0
260,3,1,1,1970.0,1400.0,0.7107,1,1,1,325,1,1380.0
260,3,1,1,1970.0,2380.0,1.2081,13,1,1,132,0,
260,3,1,1,1970.0,1770.0,0.8985,13,1,1,229,1,1750.0
260,3,1,1,1970.0,1230.0,0.6244,32,1,0,398,1,1140.0
260,3,1,1,1970.0,2150.0,1.0914,30,1,1,693,1,2060.0
260,3,1,1,1970.0,1340.0,0.6802,97,1,3,686,1,1340.0
260,3,1,1,1970.0,1600.0,0.8122,25,1,3,125,1,1520.0
260,3,1,1,1970.0,2760.0,1.401,22,1,2,556,0,
260,3,1,1,1970.0,2520.0,1.2792,34,1,3,314,1,2450.0
261,2,2,2,1310.0,1780.0,1.3588,41,0,2,455,0,
261,2,2,2,1310.0,1620.0,1.2366,75,0,5,609,0,
261,2,2,2,1310.0,1300.0,0.9924,7,0,3,412,1,1180.0
261,2,2,2,1310.0,1270.0,0.9695,75,0,2,714,1,1270.0
261,2,2,2,1310.0,1210.0,0.9237,46,0,1,519,0,
261,2,2,2,1310.0,890.0,0.6794,21,0,1,644,1,890.0
261,2,2,2,1310.0,2030.0,1.5496,6,0,2,281,0,
261,2,2,2,1310.0,870.0,0.6641,43,0,1,675,1,870.0
261,2,2,2,1310.0,1180.0,0.9008,29,0,1,532,1,1160.0
261,2,2,2,1310.0,1260.0,0.9618,18,0,3,144,0,
261,2,2,2,1310.0,1050.0,0.8015,95,0,0,684,1,1040.0
261,2,2,2,1310.0,1130.0,0.8626,103,0,2,145,0,
261,2,2,2,1310.0,1050.0,0.8015,75,0,3,542,1,1010.0
261,2,2,2,1310.0,1200.0,0.916,40,0,0,227,1,1150.0
261,2,2,2,1310.0,1790.0,1.3664,30,0,0,396,1,1700.0
262,4,2,2,5200.0,6850.0,1.3173,91,1,1,32,0,
262,4,2,2,5200.0,6880.0,1.3231,59,1,0,679,1,6880.0
262,4,2,2,5200.0,4520.0,0.8692,80,1,2,159,1,4460.0
262,4,2,2,5200.0,5720.0,1.1,52,1,1,132,1,5350.0
262,4,2,2,5200.0,2720.0,0.5231,53,1,1,96,1,2720.0
262,4,2,2,5200.0,4800.0,0.9231,71,1,5,144,1,4460.0
262,4,2,2,5200.0,3870.0,0.7442,25,1,1,204,1,3480.0
262,4,2,2,5200.0,6110.0,1.175,87,1,3,591,1,6110.0
262,4,2,2,5200.0,6030.0,1.1596,30,1,0,404,1,5640.0
262,4,2,2,5200.0,3400.0,0.6538,5,1,1,542,1,3280.0
262,4,2,2,5200.0,5030.0,0.9673,26,1,1,91,1,5030.0
262,4,2,2,5200.0,4660.0,0.8962,16,1,1,344,1,4590.0
262,4,2,2,5200.0,5260.0,1.0115,53,1,0,70,1,5150.0
262,4,2,2,5200.0,6530.0,1.2558,109,1,1,55,1,6160.0
262,4,2,2,5200.0,6190.0,1.1904,42,1,1,234,1,6010.0
263,5,1,3,5310.0,3180.0,0.5989,14,1,5,265,1,3110.0
263,5,1,3,5310.0,6470.0,1.2185,31,1,5,524,1,6010.0
263,5,1,3,5310.0,5880.0,1.1073,25,1,0,710,1,5870.0
263,5,1,3,5310.0,4530.0,0.8531,108,1,5,602,1,4300.0
263,5,1,3,5310.0,5320.0,1.0019,36,1,1,357,1,5100.0
263,5,1,3,5310.0,5370.0,1.0113,78,1,2,440,1,5370.0
263,5,1,3,5310.0,3960.0,0.7458,5,1,5,530,1,3820.0
263,5,1,3,5310.0,4920.0,0.9266,78,1,5,400,1,4750.0
263,5,1,3,5310.0,4970.0,0.936,84,1,3,26,1,4890.0
263,5,1,3,5310.0,5370.0,1.0113,68,1,0,375,1,4940.0
263,5,1,3,5310.0,7660.0,1.4426,18,1,0,281,1,7260.0
263,5,1,3,5310.0,6240.0,1.1751,50,1,0,485,1,5950.0
263,5,1,3,5310.0,5820.0,1.096,86,1,5,394,0,
263,5,1,3,5310.0,4430.0,0.8343,26,1,8,430,1,4130.0
263,5,1,3,5310.0,6300.0,1.1864,45,1,8,436,1,6060.0
264,3,1,1,2770.0,2580.0,0.9314,77,1,2,111,0,
264,3,1,1,2770.0,3470.0,1.2527,87,1,0,551,1,3470.0
264,3,1,1,2770.0,3020.0,1.0903,10,1,0,198,0,
264,3,1,1,2770.0,2350.0,0.8484,97,1,1,197,1,2260.0
264,3,1,1,2770.0,3220.0,1.1625,15,1,0,555,0,
264,3,1,1,2770.0,3630.0,1.3105,42,1,0,309,0,
264,3,1,1,2770.0,3130.0,1.13,6,1,1,57,0,
264,3,1,1,2770.0,3910.0,1.4116,2,1,0,321,1,3710.0
264,3,1,1,2770.0,2750.0,0.9928,108,1,0,535,0,
264,3,1,1,2770.0,3660.0,1.3213,61,1,1,174,0,
264,3,1,1,2770.0,4590.0,1.657,27,1,8,154,0,
264,3,1,1,2770.0,2230.0,0.8051,95,1,2,226,1,2230.0
264,3,1,1,2770.0,3940.0,1.4224,85,1,0,377,0,
264,3,1,1,2770.0,2680.0,0.9675,55,1,0,35,1,2680.0
264,3,1,1,2770.0,2290.0,0.8267,21,1,1,63,1,2140.0
265,3,1,1,4250.0,4730.0,1.1129,54,1,1,623,0,
265,3,1,1,4250.0,5840.0,1.3741,27,1,1,17,1,5260.0
265,3,1,1,4250.0,4280.0,1.0071,81,1,0,293,0,
265,3,1,1,4250.0,4960.0,1.1671,82,1,1,333,1,4730.0
265,3,1,1,4250.0,4010.0,0.9435,28,1,0,704,1,3940.0
265,3,1,1,4250.0,5410.0,1.2729,9,1,1,604,0,
265,3,1,1,4250.0,3350.0,0.7882,89,1,0,153,1,3320.0
265,3,1,1,4250.0,4590.0,1.08,69,1,3,495,1,4060.0
265,3,1,1,4250.0,3620.0,0.8518,4,1,2,462,1,3300.0
265,3,1,1,4250.0,4060.0,0.9553,27,1,0,266,1,3820.0
265,3,1,1,4250.0,4220.0,0.9929,3,1,2,255,1,3870.0
265,3,1,1,4250.0,4680.0,1.1012,77,1,5,222,0,
265,3,1,1,4250.0,3230.0,0.76,59,1,0,79,1,2950.0
265,3,1,1,4250.0,5360.0,1.2612,108,1,2,345,1,5360.0
265,3,1,1,4250.0,4780.0,1.1247,14,1,2,254,1,4300.0
266,1,2,1,910.0,830.0,0.9121,17,1,2,696,0,
266,1,2,1,910.0,580.0,0.6374,64,1,1,158,0,
266,1,2,1,910.0,820.0,0.9011,94,1,0,380,0,
266,1,2,1,910.0,900.0,0.989,31,1,5,664,1,870.0
266,1,2,1,910.0,730.0,0.8022,66,1,2,1,0,
266,1,2,1,910.0,1010.0,1.1099,78,1,5,377,0,
266,1,2,1,910.0,900.0,0.989,4,1,2,179,0,
266,1,2,1,910.0,820.0,0.9011,69,1,5,481,0,
266,1,2,1,910.0,740.0,0.8132,33,1,0,671,1,740.0
266,1,2,1,910.0,760.0,0.8352,26,1,1,666,1,730.0
266,1,2,1,910.0,920.0,1.011,14,1,0,449,1,890.0
266,1,2,1,910.0,590.0,0.6484,66,1,0,532,1,580.0
266,1,2,1,910.0,880.0,0.967,36,1,2,636,1,880.0
266,1,2,1,910.0,930.0,1.022,13,1,0,328,0,
266,1,2,1,910.0,970.0,1.0659,26,1,8,127,0,
267,5,1,3,19650.0,10960.0,0.5578,97,0,1,234,1,10190.0
267,5,1,3,19650.0,20360.0,1.0361,76,0,3,235,0,
267,5,1,3,19650.0,22250.0,1.1323,25,0,1,435,1,20140.0
267,5,1,3,19650.0,15040.0,0.7654,63,0,1,336,1,14690.0
267,5,1,3,19650.0,18780.0,0.9557,45,0,0,166,1,17750.0
267,5,1,3,19650.0,15120.0,0.7695,90,0,1,396,1,15120.0
267,5,1,3,19650.0,21400.0,1.0891,3,0,0,45,1,21400.0
267,5,1,3,19650.0,20110.0,1.0234,107,0,2,85,1,18380.0
267,5,1,3,19650.0,15270.0,0.7771,30,0,5,291,1,14650.0
267,5,1,3,19650.0,11720.0,0.5964,97,0,2,153,1,11370.0
267,5,1,3,19650.0,20180.0,1.027,24,0,0,52,1,18870.0
267,5,1,3,19650.0,10570.0,0.5379,69,0,2,488,1,10570.0
267,5,1,3,19650.0,17890.0,0.9104,69,0,2,445,1,17890.0
267,5,1,3,19650.0,13830.0,0.7038,75,0,5,719,1,11410.0
267,5,1,3,19650.0,16970.0,0.8636,3,0,1,394,1,16850.0
268,3,3,2,4770.0,3310.0,0.6939,38,1,2,659,1,3220.0
268,3,3,2,4770.0,4460.0,0.935,74,1,5,510,1,4460.0
268,3,3,2,4770.0,6660.0,1.3962,7,1,1,48,0,
268,3,3,2,4770.0,3630.0,0.761,108,1,0,501,1,3200.0
268,3,3,2,4770.0,4270.0,0.8952,49,1,1,363,0,
268,3,3,2,4770.0,4560.0,0.956,83,1,1,340,1,3980.0
268,3,3,2,4770.0,4660.0,0.9769,60,1,1,67,1,4540.0
268,3,3,2,4770.0,4880.0,1.0231,33,1,1,234,1,4840.0
268,3,3,2,4770.0,3320.0,0.696,66,1,1,286,1,3320.0
268,3,3,2,4770.0,8140.0,1.7065,104,1,0,36,0,
268,3,3,2,4770.0,2910.0,0.6101,54,1,2,72,1,2910.0
268,3,3,2,4770.0,3480.0,0.7296,37,1,0,203,1,3410.0
268,3,3,2,4770.0,5560.0,1.1656,61,1,0,34,1,5510.0
268,3,3,2,4770.0,5930.0,1.2432,104,1,1,692,1,5930.0
268,3,3,2,4770.0,3930.0,0.8239,28,1,5,370,0,
269,3,1,1,4110.0,4420.0,1.0754,15,1,1,612,1,4310.0
269,3,1,1,4110.0,6880.0,1.674,57,1,5,486,0,
269,3,1,1,4110.0,3740.0,0.91,12,1,0,606,1,3550.0
269,3,1,1,4110.0,3130.0,0.7616,106,1,5,45,1,2990.0
269,3,1,1,4110.0,3880.0,0.944,4,1,3,701,0,
269,3,1,1,4110.0,3080.0,0.7494,59,1,3,248,1,2890.0
269,3,1,1,4110.0,4990.0,1.2141,83,1,1,33,1,4890.0
269,3,1,1,4110.0,5110.0,1.2433,91,1,1,530,1,4940.0
269,3,1,1,4110.0,5040.0,1.2263,76,1,5,719,0,
269,3,1,1,4110.0,3780.0,0.9197,87,1,1,348,1,3780.0
269,3,1,1,4110.0,3200.0,0.7786,81,1,1,121,1,3200.0
269,3,1,1,4110.0,3430.0,0.8345,3,1,0,78,1,3220.0
269,3,1,1,4110.0,3290.0,0.8005,102,1,0,294,0,
269,3,1,1,4110.0,3840.0,0.9343,54,1,3,148,1,3590.0
269,3,1,1,4110.0,3510.0,0.854,13,1,0,528,1,3390.0
270,5,2,2,5410.0,4200.0,0.7763,45,1,0,712,1,4200.0
270,5,2,2,5410.0,3870.0,0.7153,68,1,5,56,1,3740.0
270,5,2,2,5410.0,5050.0,0.9335,93,1,0,530,1,4720.0
270,5,2,2,5410.0,4740.0,0.8762,84,1,0,420,1,4600.0
270,5,2,2,5410.0,3870.0,0.7153,60,1,0,505,1,3840.0
270,5,2,2,5410.0,2900.0,0.536,11,1,2,459,1,2850.0
270,5,2,2,5410.0,3850.0,0.7116,36,1,3,672,1,3650.0
270,5,2,2,5410.0,3140.0,0.5804,60,1,3,707,1,3070.0
270,5,2,2,5410.0,3470.0,0.6414,31,1,3,78,0,
270,5,2,2,5410.0,5960.0,1.1017,91,1,3,120,1,5670.0
270,5,2,2,5410.0,3800.0,0.7024,100,1,3,685,1,3550.0
270,5,2,2,5410.0,4620.0,0.854,17,1,1,481,1,4620.0
270,5,2,2,5410.0,5500.0,1.0166,83,1,2,405,1,5500.0
270,5,2,2,5410.0,6090.0,1.1257,88,1,0,106,1,6000.0
270,5,2,2,5410.0,5000.0,0.9242,106,1,3,587,1,5000.0
271,1,1,1,770.0,880.0,1.1429,105,1,2,94,0,
271,1,1,1,770.0,1020.0,1.3247,39,1,8,586,0,
271,1,1,1,770.0,920.0,1.1948,12,1,0,582,0,
271,1,1,1,770.0,1040.0,1.3506,94,1,2,614,0,
271,1,1,1,770.0,940.0,1.2208,31,1,0,31,0,
271,1,1,1,770.0,1320.0,1.7143,32,1,0,684,0,
271,1,1,1,770.0,620.0,0.8052,107,1,1,557,0,
271,1,1,1,770.0,820.0,1.0649,100,1,5,477,0,
271,1,1,1,770.0,970.0,1.2597,47,1,1,45,0,
271,1,1,1,770.0,1170.0,1.5195,16,1,2,75,0,
271,1,1,1,770.0,980.0,1.2727,86,1,1,437,1,980.0
271,1,1,1,770.0,820.0,1.0649,99,1,5,565,0,
271,1,1,1,770.0,490.0,0.6364,9,1,1,354,1,490.0
271,1,1,1,770.0,760.0,0.987,8,1,0,672,0,
271,1,1,1,770.0,940.0,1.2208,79,1,2,316,1,890.0
272,2,1,1,1170.0,1260.0,1.0769,1,1,1,208,1,1250.0
272,2,1,1,1170.0,710.0,0.6068,15,1,1,218,1,710.0
272,2,1,1,1170.0,1410.0,1.2051,70,1,2,322,1,1370.0
272,2,1,1,1170.0,1230.0,1.0513,21,1,2,213,1,1230.0
272,2,1,1,1170.0,1050.0,0.8974,63,1,2,39,0,
272,2,1,1,1170.0,970.0,0.8291,84,1,0,102,1,940.0
272,2,1,1,1170.0,760.0,0.6496,89,1,2,83,1,710.0
272,2,1,1,1170.0,800.0,0.6838,26,1,1,332,1,750.0
272,2,1,1,1170.0,530.0,0.453,107,1,0,223,1,480.0
272,2,1,1,1170.0,940.0,0.8034,64,1,0,612,1,890.0
272,2,1,1,1170.0,810.0,0.6923,96,1,1,192,0,
272,2,1,1,1170.0,1220.0,1.0427,41,1,1,62,0,
272,2,1,1,1170.0,1190.0,1.0171,56,1,1,172,1,1180.0
272,2,1,1,1170.0,930.0,0.7949,88,1,2,134,1,900.0
272,2,1,1,1170.0,870.0,0.7436,77,1,5,581,0,
273,2,1,1,2680.0,2060.0,0.7687,73,0,0,589,1,2060.0
273,2,1,1,2680.0,1970.0,0.7351,17,0,3,216,1,1970.0
273,2,1,1,2680.0,2940.0,1.097,103,0,1,215,0,
273,2,1,1,2680.0,1930.0,0.7201,96,0,3,19,0,
273,2,1,1,2680.0,4790.0,1.7873,106,0,1,714,0,
273,2,1,1,2680.0,3150.0,1.1754,30,0,1,624,1,3150.0
273,2,1,1,2680.0,3610.0,1.347,13,0,2,369,1,3430.0
273,2,1,1,2680.0,3810.0,1.4216,16,0,2,496,0,
273,2,1,1,2680.0,2830.0,1.056,42,0,2,376,1,2630.0
273,2,1,1,2680.0,1770.0,0.6604,67,0,2,616,0,
273,2,1,1,2680.0,2560.0,0.9552,90,0,2,216,0,
273,2,1,1,2680.0,2390.0,0.8918,35,0,2,341,0,
273,2,1,1,2680.0,3390.0,1.2649,107,0,0,506,0,
273,2,1,1,2680.0,1980.0,0.7388,30,0,1,436,1,1860.0
273,2,1,1,2680.0,2300.0,0.8582,17,0,0,292,1,2300.0
274,1,2,1,930.0,610.0,0.6559,29,0,0,530,1,570.0
274,1,2,1,930.0,570.0,0.6129,1,0,1,286,0,
274,1,2,1,930.0,760.0,0.8172,106,0,1,458,1,700.0
274,1,2,1,930.0,480.0,0.5161,34,0,0,5,1,480.0
274,1,2,1,930.0,1190.0,1.2796,82,0,0,665,0,
274,1,2,1,930.0,880.0,0.9462,30,0,1,597,1,840.0
274,1,2,1,930.0,800.0,0.8602,90,0,1,604,0,
274,1,2,1,930.0,940.0,1.0108,46,0,2,51,0,
274,1,2,1,930.0,780.0,0.8387,103,0,1,560,0,
274,1,2,1,930.0,1160.0,1.2473,27,0,2,293,0,
274,1,2,1,930.0,980.0,1.0538,59,0,1,479,0,
274,1,2,1,930.0,590.0,0.6344,72,0,0,176,1,590.0
274,1,2,1,930.0,1070.0,1.1505,55,0,0,156,0,
274,1,2,1,930.0,570.0,0.6129,69,0,2,361,1,540.0
274,1,2,1,930.0,940.0,1.0108,26,0,1,324,0,
275,1,2,1,1570.0,1490.0,0.949,11,1,0,48,0,
275,1,2,1,1570.0,1700.0,1.0828,89,1,1,224,0,
275,1,2,1,1570.0,1770.0,1.1274,17,1,2,315,0,
275,1,2,1,1570.0,1470.0,0.9363,16,1,0,79,0,
275,1,2,1,1570.0,1310.0,0.8344,90,1,1,129,0,
275,1,2,1,1570.0,1470.0,0.9363,69,1,8,92,0,
275,1,2,1,1570.0,1120.0,0.7134,78,1,1,259,0,
275,1,2,1,1570.0,1290.0,0.8217,14,1,0,671,0,
275,1,2,1,1570.0,920.0,0.586,87,1,3,647,1,920.0
275,1,2,1,1570.0,1730.0,1.1019,49,1,0,52,0,
275,1,2,1,1570.0,1520.0,0.9682,45,1,1,554,1,1490.0
275,1,2,1,1570.0,2080.0,1.3248,65,1,0,501,0,
275,1,2,1,1570.0,1680.0,1.0701,14,1,3,29,0,
275,1,2,1,1570.0,1550.0,0.9873,33,1,0,680,0,
275,1,2,1,1570.0,2880.0,1.8344,71,1,0,358,0,
276,4,1,3,8820.0,9780.0,1.1088,108,1,2,18,1,9760.0
276,4,1,3,8820.0,7950.0,0.9014,66,1,3,432,0,
276,4,1,3,8820.0,8040.0,0.9116,53,1,8,156,0,
276,4,1,3,8820.0,8790.0,0.9966,90,1,3,248,1,8110.0
276,4,1,3,8820.0,8960.0,1.0159,98,1,0,69,1,8960.0
276,4,1,3,8820.0,11740.0,1.3311,36,1,5,77,0,
276,4,1,3,8820.0,10450.0,1.1848,94,1,0,224,1,10450.0
276,4,1,3,8820.0,10260.0,1.1633,30,1,1,401,1,10040.0
276,4,1,3,8820.0,5920.0,0.6712,109,1,1,385,1,5530.0
276,4,1,3,8820.0,6600.0,0.7483,102,1,5,11,1,6370.0
276,4,1,3,8820.0,6460.0,0.7324,13,1,0,101,1,6460.0
276,4,1,3,8820.0,12690.0,1.4388,86,1,3,206,0,
276,4,1,3,8820.0,12860.0,1.458,51,1,0,126,0,
276,4,1,3,8820.0,7910.0,0.8968,82,1,2,212,1,7760.0
276,4,1,3,8820.0,10440.0,1.1837,43,1,1,353,1,10190.0
277,5,1,3,15890.0,14380.0,0.905,90,1,8,614,1,14380.0
277,5,1,3,15890.0,12140.0,0.764,77,1,1,403,1,11550.0
277,5,1,3,15890.0,14480.0,0.9113,44,1,3,183,1,14470.0
277,5,1,3,15890.0,10850.0,0.6828,91,1,2,428,1,10220.0
277,5,1,3,15890.0,12930.0,0.8137,59,1,0,278,1,12200.0
277,5,1,3,15890.0,29210.0,1.8383,73,1,1,287,1,29210.0
277,5,1,3,15890.0,26810.0,1.6872,39,1,2,695,1,24800.0
277,5,1,3,15890.0,16000.0,1.0069,93,1,1,141,1,14850.0
277,5,1,3,15890.0,14760.0,0.9289,4,1,1,424,1,13900.0
277,5,1,3,15890.0,23140.0,1.4563,63,1,2,560,1,21680.0
277,5,1,3,15890.0,15660.0,0.9855,82,1,2,76,1,14540.0
277,5,1,3,15890.0,19910.0,1.253,6,1,2,96,1,19370.0
277,5,1,3,15890.0,10130.0,0.6375,31,1,2,192,1,9620.0
277,5,1,3,15890.0,15310.0,0.9635,81,1,1,549,1,14860.0
277,5,1,3,15890.0,20860.0,1.3128,82,1,3,205,0,
278,3,3,3,2520.0,2670.0,1.0595,7,1,0,425,0,
278,3,3,3,2520.0,1690.0,0.6706,70,1,5,149,1,1580.0
278,3,3,3,2520.0,1190.0,0.4722,61,1,0,313,1,1190.0
278,3,3,3,2520.0,3220.0,1.2778,2,1,3,559,0,
278,3,3,3,2520.0,2290.0,0.9087,59,1,5,533,0,
278,3,3,3,2520.0,3640.0,1.4444,98,1,3,70,0,
278,3,3,3,2520.0,2850.0,1.131,78,1,1,192,1,2720.0
278,3,3,3,2520.0,1890.0,0.75,110,1,1,143,1,1890.0
278,3,3,3,2520.0,1550.0,0.6151,64,1,5,629,0,
278,3,3,3,2520.0,3230.0,1.2817,52,1,3,97,1,3230.0
278,3,3,3,2520.0,2170.0,0.8611,27,1,0,234,1,1930.0
278,3,3,3,2520.0,2170.0,0.8611,7,1,5,179,0,
278,3,3,3,2520.0,2360.0,0.9365,60,1,5,146,0,
278,3,3,3,2520.0,2040.0,0.8095,25,1,0,368,1,2040.0
278,3,3,3,2520.0,2530.0,1.004,64,1,5,643,1,2250.0
279,5,1,3,19120.0,13750.0,0.7191,107,0,0,617,1,13400.0
279,5,1,3,19120.0,14810.0,0.7746,10,0,1,431,1,13500.0
279,5,1,3,19120.0,26410.0,1.3813,13,0,3,533,0,
279,5,1,3,19120.0,11270.0,0.5894,25,0,1,614,1,11270.0
279,5,1,3,19120.0,21380.0,1.1182,49,0,1,126,1,21380.0
279,5,1,3,19120.0,19300.0,1.0094,53,0,1,25,1,19300.0
279,5,1,3,19120.0,12760.0,0.6674,107,0,3,554,1,12760.0
279,5,1,3,19120.0,19800.0,1.0356,7,0,3,294,1,18810.0
279,5,1,3,19120.0,14920.0,0.7803,60,0,1,686,0,
279,5,1,3,19120.0,13420.0,0.7019,44,0,8,401,1,12340.0
279,5,1,3,19120.0,27190.0,1.4221,62,0,1,467,0,
279,5,1,3,19120.0,14020.0,0.7333,92,0,0,194,0,
279,5,1,3,19120.0,16280.0,0.8515,34,0,1,711,1,14960.0
279,5,1,3,19120.0,19900.0,1.0408,77,0,3,280,1,19900.0
279,5,1,3,19120.0,12730.0,0.6658,88,0,0,436,1,12110.0
280,2,1,2,1360.0,1270.0,0.9338,14,1,0,692,1,1050.0
280,2,1,2,1360.0,1900.0,1.3971,101,1,1,2,0,
280,2,1,2,1360.0,2630.0,1.9338,6,1,5,247,0,
280,2,1,2,1360.0,1020.0,0.75,9,1,2,469,0,
280,2,1,2,1360.0,920.0,0.6765,6,1,3,90,1,870.0
280,2,1,2,1360.0,1130.0,0.8309,94,1,1,252,0,
280,2,1,2,1360.0,1270.0,0.9338,66,1,1,597,1,1240.0
280,2,1,2,1360.0,1930.0,1.4191,76,1,1,162,0,
280,2,1,2,1360.0,980.0,0.7206,19,1,2,201,1,950.0
280,2,1,2,1360.0,1560.0,1.1471,56,1,2,584,0,
280,2,1,2,1360.0,1210.0,0.8897,55,1,1,712,1,1110.0
280,2,1,2,1360.0,1370.0,1.0074,52,1,3,199,0,
280,2,1,2,1360.0,1020.0,0.75,27,1,0,231,1,1000.0
280,2,1,2,1360.0,760.0,0.5588,81,1,1,400,1,730.0
280,2,1,2,1360.0,1260.0,0.9265,41,1,1,281,1,1220.0
281,4,1,3,8150.0,8640.0,1.0601,72,0,5,236,0,
281,4,1,3,8150.0,7500.0,0.9202,48,0,2,305,1,6880.0
281,4,1,3,8150.0,4540.0,0.5571,26,0,8,304,0,
281,4,1,3,8150.0,5570.0,0.6834,92,0,1,366,1,5570.0
281,4,1,3,8150.0,11940.0,1.465,100,0,1,539,0,
281,4,1,3,8150.0,7280.0,0.8933,107,0,2,206,1,7220.0
281,4,1,3,8150.0,6590.0,0.8086,67,0,8,500,1,6590.0
281,4,1,3,8150.0,9450.0,1.1595,108,0,1,520,1,9450.0
281,4,1,3,8150.0,9220.0,1.1313,77,0,3,686,1,9070.0
281,4,1,3,8150.0,3660.0,0.4491,90,0,2,222,1,3580.0
281,4,1,3,8150.0,5580.0,0.6847,68,0,0,4,1,5440.0
281,4,1,3,8150.0,9300.0,1.1411,20,0,2,483,1,9100.0
281,4,1,3,8150.0,9230.0,1.1325,69,0,3,710,1,8470.0
281,4,1,3,8150.0,5320.0,0.6528,105,0,0,32,1,4620.0
281,4,1,3,8150.0,6640.0,0.8147,70,0,2,281,1,5890.0
282,3,2,1,2230.0,3780.0,1.6951,86,0,2,436,0,
282,3,2,1,2230.0,2000.0,0.8969,36,0,0,265,0,
282,3,2,1,2230.0,2000.0,0.8969,37,0,1,507,1,1870.0
282,3,2,1,2230.0,3110.0,1.3946,10,0,1,77,0,
282,3,2,1,2230.0,3090.0,1.3857,88,0,8,440,0,
282,3,2,1,2230.0,2200.0,0.9865,57,0,3,517,1,2110.0
282,3,2,1,2230.0,1670.0,0.7489,89,0,1,627,1,1590.0
282,3,2,1,2230.0,2330.0,1.0448,4,0,0,291,0,
282,3,2,1,2230.0,2890.0,1.296,62,0,1,523,1,2700.0
282,3,2,1,2230.0,1820.0,0.8161,75,0,2,267,1,1820.0
282,3,2,1,2230.0,1730.0,0.7758,70,0,0,171,1,1730.0
282,3,2,1,2230.0,1800.0,0.8072,79,0,0,693,1,1710.0
282,3,2,1,2230.0,2190.0,0.9821,28,0,2,646,1,2080.0
282,3,2,1,2230.0,2240.0,1.0045,100,0,1,622,1,2220.0
282,3,2,1,2230.0,2920.0,1.3094,108,0,1,344,1,2780.0
283,4,1,3,7330.0,8320.0,1.1351,46,1,1,109,0,
283,4,1,3,7330.0,6800.0,0.9277,44,1,8,128,0,
283,4,1,3,7330.0,8050.0,1.0982,46,1,2,479,1,7690.0
283,4,1,3,7330.0,4670.0,0.6371,4,1,0,202,1,4450.0
283,4,1,3,7330.0,12880.0,1.7572,96,1,1,673,0,
283,4,1,3,7330.0,4220.0,0.5757,98,1,1,625,1,4180.0
283,4,1,3,7330.0,7540.0,1.0286,26,1,0,436,1,7540.0
283,4,1,3,7330.0,4880.0,0.6658,107,1,1,286,1,4380.0
283,4,1,3,7330.0,5340.0,0.7285,89,1,8,440,1,5340.0
283,4,1,3,7330.0,7510.0,1.0246,85,1,1,139,1,7390.0
283,4,1,3,7330.0,6140.0,0.8377,80,1,3,418,1,5730.0
283,4,1,3,7330.0,7140.0,0.9741,43,1,3,205,0,
283,4,1,3,7330.0,5680.0,0.7749,63,1,1,463,1,5680.0
283,4,1,3,7330.0,6160.0,0.8404,72,1,5,250,1,5910.0
283,4,1,3,7330.0,4880.0,0.6658,14,1,2,664,1,4840.0
284,1,1,1,1190.0,970.0,0.8151,98,1,0,172,1,970.0
284,1,1,1,1190.0,1320.0,1.1092,27,1,0,86,0,
284,1,1,1,1190.0,840.0,0.7059,109,1,1,465,1,770.0
284,1,1,1,1190.0,970.0,0.8151,22,1,1,557,0,
284,1,1,1,1190.0,1680.0,1.4118,27,1,0,35,0,
284,1,1,1,1190.0,1270.0,1.0672,32,1,3,313,0,
284,1,1,1,1190.0,1170.0,0.9832,46,1,1,614,0,
284,1,1,1,1190.0,1040.0,0.8739,70,1,5,542,1,1020.0
284,1,1,1,1190.0,1140.0,0.958,92,1,0,37,1,1070.0
284,1,1,1,1190.0,780.0,0.6555,66,1,0,646,1,780.0
284,1,1,1,1190.0,1150.0,0.9664,86,1,2,472,1,1150.0
284,1,1,1,1190.0,1480.0,1.2437,41,1,5,6,0,
284,1,1,1,1190.0,860.0,0.7227,109,1,3,678,0,
284,1,1,1,1190.0,1140.0,0.958,40,1,3,594,1,1140.0
284,1,1,1,1190.0,970.0,0.8151,96,1,0,493,1,870.0
285,3,2,2,3830.0,2590.0,0.6762,34,0,8,719,1,2550.0
285,3,2,2,3830.0,4140.0,1.0809,40,0,5,402,0,
285,3,2,2,3830.0,4220.0,1.1018,76,0,0,112,1,4050.0
285,3,2,2,3830.0,2250.0,0.5875,12,0,0,42,0,
285,3,2,2,3830.0,3040.0,0.7937,27,0,1,141,1,2960.0
285,3,2,2,3830.0,3410.0,0.8903,106,0,1,648,1,3410.0
285,3,2,2,3830.0,3950.0,1.0313,101,0,3,575,0,
285,3,2,2,3830.0,2880.0,0.752,72,0,5,94,1,2820.0
285,3,2,2,3830.0,4020.0,1.0496,97,0,3,36,1,4020.0
285,3,2,2,3830.0,2930.0,0.765,102,0,3,289,1,2800.0
285,3,2,2,3830.0,3560.0,0.9295,98,0,2,291,0,
285,3,2,2,3830.0,3080.0,0.8042,80,0,0,555,1,3080.0
285,3,2,2,3830.0,4190.0,1.094,106,0,0,125,1,4000.0
285,3,2,2,3830.0,4450.0,1.1619,70,0,0,438,0,
285,3,2,2,3830.0,3230.0,0.8433,7,0,8,37,0,
286,2,3,1,1520.0,1450.0,0.9539,54,0,2,299,0,
286,2,3,1,1520.0,1540.0,1.0132,6,0,3,294,0,
286,2,3,1,1520.0,1650.0,1.0855,88,0,3,395,0,
286,2,3,1,1520.0,910.0,0.5987,1,0,2,105,0,
286,2,3,1,1520.0,750.0,0.4934,99,0,2,649,1,750.0
286,2,3,1,1520.0,1830.0,1.2039,12,0,0,475,1,1770.0
286,2,3,1,1520.0,1610.0,1.0592,59,0,3,303,0,
286,2,3,1,1520.0,1510.0,0.9934,64,0,1,487,0,
286,2,3,1,1520.0,970.0,0.6382,19,0,8,647,0,
286,2,3,1,1520.0,1140.0,0.75,53,0,2,352,0,
286,2,3,1,1520.0,980.0,0.6447,6,0,1,205,1,980.0
286,2,3,1,1520.0,1800.0,1.1842,42,0,1,661,1,1770.0
286,2,3,1,1520.0,1400.0,0.9211,83,0,0,103,0,
286,2,3,1,1520.0,1960.0,1.2895,72,0,1,162,0,
286,2,3,1,1520.0,1130.0,0.7434,10,0,2,267,0,
287,4,2,1,7850.0,5670.0,0.7223,17,0,1,310,1,5600.0
287,4,2,1,7850.0,5950.0,0.758,13,0,0,77,1,5680.0
287,4,2,1,7850.0,6720.0,0.8561,47,0,0,144,1,6520.0
287,4,2,1,7850.0,7620.0,0.9707,18,0,0,529,0,
287,4,2,1,7850.0,12450.0,1.586,30,0,1,437,1,12450.0
287,4,2,1,7850.0,4090.0,0.521,39,0,1,636,1,3970.0
287,4,2,1,7850.0,7010.0,0.893,53,0,5,548,1,6610.0
287,4,2,1,7850.0,6280.0,0.8,86,0,3,395,1,5360.0
287,4,2,1,7850.0,3210.0,0.4089,40,0,0,29,1,3120.0
287,4,2,1,7850.0,9240.0,1.1771,9,0,3,460,1,9240.0
287,4,2,1,7850.0,7860.0,1.0013,2,0,5,74,0,
287,4,2,1,7850.0,8680.0,1.1057,82,0,1,470,1,8450.0
287,4,2,1,7850.0,4480.0,0.5707,109,0,2,77,1,4480.0
287,4,2,1,7850.0,11190.0,1.4255,26,0,0,697,1,10690.0
287,4,2,1,7850.0,7480.0,0.9529,60,0,1,591,1,7440.0
288,4,2,2,5590.0,5180.0,0.9267,56,1,2,318,1,4980.0
288,4,2,2,5590.0,4860.0,0.8694,107,1,1,261,1,4590.0
288,4,2,2,5590.0,5060.0,0.9052,100,1,1,402,1,4770.0
288,4,2,2,5590.0,4210.0,0.7531,41,1,2,677,1,4160.0
288,4,2,2,5590.0,5540.0,0.9911,5,1,3,330,1,5230.0
288,4,2,2,5590.0,5900.0,1.0555,11,1,0,32,1,5820.0
288,4,2,2,5590.0,4030.0,0.7209,27,1,1,457,1,4030.0
288,4,2,2,5590.0,6760.0,1.2093,35,1,1,701,1,6340.0
288,4,2,2,5590.0,3640.0,0.6512,104,1,1,525,1,3350.0
288,4,2,2,5590.0,6940.0,1.2415,86,1,3,80,1,6750.0
288,4,2,2,5590.0,4340.0,0.7764,32,1,2,105,1,4290.0
288,4,2,2,5590.0,4750.0,0.8497,55,1,1,717,1,4750.0
288,4,2,2,5590.0,3370.0,0.6029,9,1,0,455,1,3340.0
288,4,2,2,5590.0,7350.0,1.3148,5,1,1,685,1,7120.0
288,4,2,2,5590.0,5660.0,1.0125,16,1,3,546,0,
289,4,3,3,5710.0,3860.0,0.676,48,1,2,286,1,3760.0
289,4,3,3,5710.0,5050.0,0.8844,23,1,2,667,1,4460.0
289,4,3,3,5710.0,3780.0,0.662,81,1,1,318,1,3650.0
289,4,3,3,5710.0,4770.0,0.8354,37,1,5,703,1,4670.0
289,4,3,3,5710.0,4810.0,0.8424,8,1,0,166,1,4160.0
289,4,3,3,5710.0,4620.0,0.8091,47,1,2,310,1,4250.0
289,4,3,3,5710.0,3820.0,0.669,11,1,1,413,1,3720.0
289,4,3,3,5710.0,4490.0,0.7863,80,1,0,537,1,4340.0
289,4,3,3,5710.0,8760.0,1.5342,80,1,8,532,0,
289,4,3,3,5710.0,5600.0,0.9807,52,1,1,504,1,5290.0
289,4,3,3,5710.0,6030.0,1.056,33,1,2,635,0,
289,4,3,3,5710.0,6310.0,1.1051,39,1,8,257,0,
289,4,3,3,5710.0,5350.0,0.937,88,1,3,214,1,5020.0
289,4,3,3,5710.0,6260.0,1.0963,95,1,5,495,1,6260.0
289,4,3,3,5710.0,3400.0,0.5954,41,1,1,64,1,3280.0
290,2,3,1,2910.0,3350.0,1.1512,23,1,1,535,0,
290,2,3,1,2910.0,2950.0,1.0137,55,1,0,571,1,2950.0
290,2,3,1,2910.0,3630.0,1.2474,47,1,2,113,0,
290,2,3,1,2910.0,2370.0,0.8144,21,1,0,473,1,2240.0
290,2,3,1,2910.0,1650.0,0.567,40,1,1,511,0,
290,2,3,1,2910.0,3170.0,1.0893,66,1,1,128,0,
290,2,3,1,2910.0,2840.0,0.9759,30,1,1,315,0,
290,2,3,1,2910.0,2370.0,0.8144,76,1,1,401,1,2340.0
290,2,3,1,2910.0,3470.0,1.1924,87,1,2,576,1,3110.0
290,2,3,1,2910.0,4550.0,1.5636,50,1,0,431,1,4550.0
290,2,3,1,2910.0,3180.0,1.0928,77,1,2,416,0,
290,2,3,1,2910.0,2530.0,0.8694,48,1,2,126,0,
290,2,3,1,2910.0,2750.0,0.945,77,1,2,0,1,2580.0
290,2,3,1,2910.0,3200.0,1.0997,67,1,1,61,1,3170.0
290,2,3,1,2910.0,2660.0,0.9141,75,1,2,87,1,2530.0
291,5,1,3,4980.0,3420.0,0.6867,66,0,0,545,1,3400.0
291,5,1,3,4980.0,5790.0,1.1627,99,0,3,376,1,5700.0
291,5,1,3,4980.0,6070.0,1.2189,31,0,2,516,1,6020.0
291,5,1,3,4980.0,4090.0,0.8213,12,0,3,698,1,4090.0
291,5,1,3,4980.0,4510.0,0.9056,10,0,1,313,1,4510.0
291,5,1,3,4980.0,3640.0,0.7309,34,0,1,11,1,3590.0
291,5,1,3,4980.0,4980.0,1.0,2,0,0,281,1,4250.0
291,5,1,3,4980.0,5890.0,1.1827,64,0,3,141,1,5430.0
291,5,1,3,4980.0,3890.0,0.7811,37,0,0,564,1,3890.0
291,5,1,3,4980.0,5910.0,1.1867,61,0,8,696,1,5910.0
291,5,1,3,4980.0,5180.0,1.0402,102,0,8,156,0,
291,5,1,3,4980.0,5180.0,1.0402,98,0,3,199,1,4930.0
291,5,1,3,4980.0,3380.0,0.6787,53,0,5,193,1,3200.0
291,5,1,3,4980.0,5790.0,1.1627,1,0,0,369,1,5620.0
291,5,1,3,4980.0,2780.0,0.5582,87,0,5,589,1,2660.0
292,4,2,2,5390.0,4310.0,0.7996,81,1,8,318,0,
292,4,2,2,5390.0,4480.0,0.8312,47,1,2,470,1,4040.0
292,4,2,2,5390.0,7750.0,1.4378,57,1,1,152,1,7490.0
292,4,2,2,5390.0,4190.0,0.7774,49,1,3,329,1,4000.0
292,4,2,2,5390.0,3890.0,0.7217,61,1,5,177,0,
292,4,2,2,5390.0,5660.0,1.0501,63,1,8,571,0,
292,4,2,2,5390.0,3300.0,0.6122,66,1,5,537,1,3180.0
292,4,2,2,5390.0,5340.0,0.9907,22,1,0,603,1,5220.0
292,4,2,2,5390.0,4330.0,0.8033,28,1,8,47,1,4150.0
292,4,2,2,5390.0,4750.0,0.8813,39,1,2,374,0,
292,4,2,2,5390.0,4030.0,0.7477,66,1,0,387,1,3910.0
292,4,2,2,5390.0,6120.0,1.1354,99,1,0,359,1,5630.0
292,4,2,2,5390.0,4460.0,0.8275,61,1,3,673,1,4340.0
292,4,2,2,5390.0,3740.0,0.6939,42,1,1,485,1,3720.0
292,4,2,2,5390.0,4520.0,0.8386,93,1,1,470,1,4090.0
293,3,2,2,1730.0,1300.0,0.7514,2,0,1,171,1,1230.0
293,3,2,2,1730.0,1740.0,1.0058,73,0,8,329,1,1620.0
293,3,2,2,1730.0,2290.0,1.3237,102,0,1,284,1,2280.0
293,3,2,2,1730.0,1790.0,1.0347,3,0,5,390,0,
293,3,2,2,1730.0,1340.0,0.7746,80,0,5,461,0,
293,3,2,2,1730.0,2150.0,1.2428,75,0,3,669,0,
293,3,2,2,1730.0,1650.0,0.9538,11,0,3,115,1,1620.0
293,3,2,2,1730.0,2310.0,1.3353,32,0,5,326,0,
293,3,2,2,1730.0,1380.0,0.7977,20,0,5,85,1,1330.0
293,3,2,2,1730.0,1330.0,0.7688,3,0,1,673,1,1330.0
293,3,2,2,1730.0,2250.0,1.3006,3,0,1,37,0,
293,3,2,2,1730.0,1960.0,1.1329,8,0,0,621,1,1960.0
293,3,2,2,1730.0,1950.0,1.1272,107,0,0,593,1,1830.0
293,3,2,2,1730.0,1850.0,1.0694,54,0,1,582,1,1760.0
293,3,2,2,1730.0,2120.0,1.2254,26,0,8,143,0,
294,5,1,2,14350.0,14630.0,1.0195,82,1,1,537,1,14570.0
294,5,1,2,14350.0,8500.0,0.5923,2,1,0,22,1,7720.0
294,5,1,2,14350.0,13780.0,0.9603,98,1,8,392,1,13780.0
294,5,1,2,14350.0,8980.0,0.6258,53,1,8,384,1,8980.0
294,5,1,2,14350.0,12940.0,0.9017,64,1,1,676,1,12340.0
294,5,1,2,14350.0,11200.0,0.7805,71,1,0,1,1,10640.0
294,5,1,2,14350.0,16110.0,1.1226,67,1,3,627,1,15110.0
294,5,1,2,14350.0,10870.0,0.7575,61,1,2,504,1,10870.0
294,5,1,2,14350.0,15290.0,1.0655,37,1,0,532,0,
294,5,1,2,14350.0,13790.0,0.961,60,1,5,109,1,13160.0
294,5,1,2,14350.0,11550.0,0.8049,81,1,2,572,1,11550.0
294,5,1,2,14350.0,18430.0,1.2843,79,1,2,212,1,18430.0
294,5,1,2,14350.0,8370.0,0.5833,107,1,0,166,1,8370.0
294,5,1,2,14350.0,11310.0,0.7882,69,1,5,425,1,11310.0
294,5,1,2,14350.0,27880.0,1.9429,34,1,1,456,1,27740.0
295,5,2,3,16830.0,9010.0,0.5354,2,0,2,326,1,8490.0
295,5,2,3,16830.0,15080.0,0.896,70,0,0,441,1,14120.0
295,5,2,3,16830.0,15700.0,0.9329,33,0,1,375,1,15700.0
295,5,2,3,16830.0,11700.0,0.6952,6,0,1,347,1,11700.0
295,5,2,3,16830.0,14130.0,0.8396,84,0,0,158,1,13150.0
295,5,2,3,16830.0,18600.0,1.1052,64,0,0,189,1,18530.0
295,5,2,3,16830.0,21180.0,1.2585,50,0,3,524,1,21170.0
295,5,2,3,16830.0,13690.0,0.8134,64,0,2,229,1,13160.0
295,5,2,3,16830.0,28010.0,1.6643,15,0,1,405,1,27240.0
295,5,2,3,16830.0,18340.0,1.0897,77,0,2,593,1,17450.0
295,5,2,3,16830.0,11440.0,0.6797,45,0,1,203,0,
295,5,2,3,16830.0,15210.0,0.9037,41,0,8,462,1,14350.0
295,5,2,3,16830.0,11910.0,0.7077,89,0,2,655,1,11020.0
295,5,2,3,16830.0,22150.0,1.3161,6,0,5,278,1,20550.0
295,5,2,3,16830.0,21360.0,1.2692,100,0,0,141,1,20340.0
296,4,1,2,8180.0,6960.0,0.8509,50,1,0,210,1,6510.0
296,4,1,2,8180.0,8160.0,0.9976,58,1,0,71,1,8160.0
296,4,1,2,8180.0,4170.0,0.5098,33,1,3,496,1,4010.0
296,4,1,2,8180.0,7270.0,0.8888,36,1,0,609,1,6560.0
296,4,1,2,8180.0,5860.0,0.7164,23,1,2,61,1,5860.0
296,4,1,2,8180.0,6790.0,0.8301,106,1,0,273,1,6540.0
296,4,1,2,8180.0,4540.0,0.555,8,1,0,77,1,4490.0
296,4,1,2,8180.0,7730.0,0.945,109,1,2,179,1,7460.0
296,4,1,2,8180.0,9670.0,1.1822,18,1,2,360,1,9250.0
296,4,1,2,8180.0,5510.0,0.6736,69,1,1,38,1,4780.0
296,4,1,2,8180.0,7170.0,0.8765,6,1,8,127,1,6800.0
296,4,1,2,8180.0,7020.0,0.8582,48,1,0,139,1,6870.0
296,4,1,2,8180.0,8180.0,1.0,13,1,0,226,1,8100.0
296,4,1,2,8180.0,7890.0,0.9645,74,1,1,398,1,7350.0
296,4,1,2,8180.0,7180.0,0.8778,29,1,8,158,0,
297,1,3,1,1080.0,1110.0,1.0278,51,1,2,424,0,
297,1,3,1,1080.0,1280.0,1.1852,58,1,3,209,0,
297,1,3,1,1080.0,1090.0,1.0093,4,1,0,223,0,
297,1,3,1,1080.0,790.0,0.7315,46,1,3,513,1,670.0
297,1,3,1,1080.0,640.0,0.5926,104,1,2,593,0,
297,1,3,1,1080.0,800.0,0.7407,32,1,1,504,0,
297,1,3,1,1080.0,1150.0,1.0648,36,1,1,449,0,
297,1,3,1,1080.0,920.0,0.8519,28,1,3,165,0,
297,1,3,1,1080.0,1780.0,1.6481,82,1,0,668,0,
297,1,3,1,1080.0,930.0,0.8611,52,1,0,573,0,
297,1,3,1,1080.0,1240.0,1.1481,28,1,8,564,0,
297,1,3,1,1080.0,790.0,0.7315,59,1,0,541,0,
297,1,3,1,1080.0,1140.0,1.0556,65,1,1,500,0,
297,1,3,1,1080.0,1240.0,1.1481,60,1,1,273,0,
297,1,3,1,1080.0,760.0,0.7037,3,1,2,478,0,
298,3,1,3,3670.0,3410.0,0.9292,40,1,3,90,0,
298,3,1,3,3670.0,2730.0,0.7439,53,1,1,504,1,2710.0
298,3,1,3,3670.0,3140.0,0.8556,17,1,2,535,1,3040.0
298,3,1,3,3670.0,2790.0,0.7602,74,1,0,710,1,2660.0
298,3,1,3,3670.0,4490.0,1.2234,49,1,3,342,0,
298,3,1,3,3670.0,5500.0,1.4986,33,1,5,683,0,
298,3,1,3,3670.0,4080.0,1.1117,107,1,1,283,1,3890.0
298,3,1,3,3670.0,3140.0,0.8556,16,1,3,113,1,3130.0
298,3,1,3,3670.0,3580.0,0.9755,82,1,2,346,1,3490.0
298,3,1,3,3670.0,2810.0,0.7657,68,1,3,36,1,2780.0
298,3,1,3,3670.0,2200.0,0.5995,9,1,2,605,1,2200.0
298,3,1,3,3670.0,2700.0,0.7357,4,1,1,387,1,2530.0
298,3,1,3,3670.0,2530.0,0.6894,75,1,0,507,1,2520.0
298,3,1,3,3670.0,4780.0,1.3025,83,1,1,8,1,4480.0
298,3,1,3,3670.0,4820.0,1.3134,72,1,0,689,1,4550.0
299,5,1,3,8290.0,7580.0,0.9144,28,1,0,204,1,7220.0
299,5,1,3,8290.0,8350.0,1.0072,8,1,0,300,0,
299,5,1,3,8290.0,7630.0,0.9204,108,1,5,255,1,7630.0
299,5,1,3,8290.0,6280.0,0.7575,96,1,1,476,1,5940.0
299,5,1,3,8290.0,8400.0,1.0133,49,1,3,60,1,7950.0
299,5,1,3,8290.0,6180.0,0.7455,71,1,0,306,1,6050.0
299,5,1,3,8290.0,7660.0,0.924,66,1,3,413,1,6850.0
299,5,1,3,8290.0,12320.0,1.4861,56,1,2,129,1,12270.0
299,5,1,3,8290.0,4700.0,0.5669,83,1,2,175,1,4700.0
299,5,1,3,8290.0,8360.0,1.0084,51,1,0,269,1,7940.0
299,5,1,3,8290.0,9090.0,1.0965,35,1,0,261,1,9070.0
299,5,1,3,8290.0,7260.0,0.8758,56,1,0,8,1,7260.0
299,5,1,3,8290.0,5120.0,0.6176,56,1,1,569,1,5000.0
299,5,1,3,8290.0,6890.0,0.8311,31,1,0,422,1,6820.0
299,5,1,3,8290.0,6710.0,0.8094,60,1,1,357,1,6570.0
300,3,2,3,2210.0,2290.0,1.0362,107,0,3,433,1,2260.0
300,3,2,3,2210.0,1850.0,0.8371,74,0,2,397,1,1850.0
300,3,2,3,2210.0,1770.0,0.8009,45,0,2,464,0,
300,3,2,3,2210.0,1670.0,0.7557,10,0,0,511,1,1590.0
300,3,2,3,2210.0,2340.0,1.0588,52,0,0,518,0,
300,3,2,3,2210.0,3850.0,1.7421,80,0,0,219,0,
300,3,2,3,2210.0,1680.0,0.7602,99,0,1,118,1,1480.0
300,3,2,3,2210.0,1250.0,0.5656,74,0,0,472,1,1160.0
300,3,2,3,2210.0,3600.0,1.629,47,0,1,648,1,3600.0
300,3,2,3,2210.0,2610.0,1.181,72,0,2,510,0,
300,3,2,3,2210.0,1890.0,0.8552,35,0,0,467,1,1720.0
300,3,2,3,2210.0,1560.0,0.7059,57,0,1,15,1,1520.0
300,3,2,3,2210.0,2500.0,1.1312,11,0,1,587,1,2230.0
300,3,2,3,2210.0,1890.0,0.8552,101,0,2,522,0,
300,3,2,3,2210.0,1670.0,0.7557,52,0,1,30,0,
301,1,3,1,1160.0,1200.0,1.0345,21,1,2,302,0,
301,1,3,1,1160.0,1250.0,1.0776,87,1,2,387,0,
301,1,3,1,1160.0,1370.0,1.181,94,1,1,111,0,
301,1,3,1,1160.0,1240.0,1.069,88,1,8,305,0,
301,1,3,1,1160.0,1180.0,1.0172,36,1,0,253,0,
301,1,3,1,1160.0,1650.0,1.4224,32,1,5,339,0,
301,1,3,1,1160.0,780.0,0.6724,84,1,3,117,1,750.0
301,1,3,1,1160.0,850.0,0.7328,105,1,1,360,1,780.0
301,1,3,1,1160.0,1200.0,1.0345,95,1,1,23,0,
301,1,3,1,1160.0,1060.0,0.9138,78,1,3,207,0,
301,1,3,1,1160.0,1160.0,1.0,54,1,3,644,0,
301,1,3,1,1160.0,1170.0,1.0086,15,1,1,8,1,1110.0
301,1,3,1,1160.0,1130.0,0.9741,68,1,0,60,0,
301,1,3,1,1160.0,1210.0,1.0431,15,1,0,42,0,
301,1,3,1,1160.0,1230.0,1.0603,69,1,5,110,0,
302,4,3,1,4210.0,4820.0,1.1449,109,1,1,203,1,4570.0
302,4,3,1,4210.0,3650.0,0.867,33,1,1,432,1,3550.0
302,4,3,1,4210.0,3630.0,0.8622,61,1,2,355,1,3080.0
302,4,3,1,4210.0,5350.0,1.2708,98,1,1,209,1,5240.0
302,4,3,1,4210.0,4620.0,1.0974,5,1,0,6,0,
302,4,3,1,4210.0,3120.0,0.7411,19,1,2,320,0,
302,4,3,1,4210.0,3610.0,0.8575,41,1,2,365,1,3600.0
302,4,3,1,4210.0,3230.0,0.7672,83,1,1,522,0,
302,4,3,1,4210.0,2330.0,0.5534,28,1,3,357,1,2280.0
302,4,3,1,4210.0,4590.0,1.0903,27,1,0,115,1,4590.0
302,4,3,1,4210.0,3260.0,0.7743,43,1,1,248,1,3040.0
302,4,3,1,4210.0,3810.0,0.905,3,1,1,551,1,3690.0
302,4,3,1,4210.0,3150.0,0.7482,81,1,0,299,1,3000.0
302,4,3,1,4210.0,2440.0,0.5796,90,1,5,321,0,
302,4,3,1,4210.0,4530.0,1.076,32,1,1,372,1,4110.0
303,3,2,3,3640.0,5580.0,1.533,78,0,1,424,0,
303,3,2,3,3640.0,4240.0,1.1648,63,0,1,637,1,3830.0
303,3,2,3,3640.0,3880.0,1.0659,18,0,2,474,0,
303,3,2,3,3640.0,3310.0,0.9093,82,0,0,126,1,3290.0
303,3,2,3,3640.0,3360.0,0.9231,7,0,5,623,0,
303,3,2,3,3640.0,3420.0,0.9396,91,0,3,65,0,
303,3,2,3,3640.0,1860.0,0.511,99,0,1,693,0,
303,3,2,3,3640.0,2050.0,0.5632,98,0,5,264,1,1860.0
303,3,2,3,3640.0,3330.0,0.9148,19,0,5,463,1,2940.0
303,3,2,3,3640.0,3170.0,0.8709,6,0,1,534,1,3090.0
303,3,2,3,3640.0,3110.0,0.8544,93,0,3,368,1,2980.0
303,3,2,3,3640.0,4040.0,1.1099,6,0,8,524,0,
303,3,2,3,3640.0,3600.0,0.989,82,0,1,217,1,3400.0
303,3,2,3,3640.0,2830.0,0.7775,29,0,0,73,0,
303,3,2,3,3640.0,3190.0,0.8764,66,0,0,68,1,2900.0
304,4,2,1,4380.0,3220.0,0.7352,43,0,0,675,1,3040.0
304,4,2,1,4380.0,5310.0,1.2123,82,0,2,409,1,5310.0
304,4,2,1,4380.0,3500.0,0.7991,57,0,1,201,1,3360.0
304,4,2,1,4380.0,6890.0,1.5731,109,0,1,601,0,
304,4,2,1,4380.0,4460.0,1.0183,1,0,1,367,1,4300.0
304,4,2,1,4380.0,6020.0,1.3744,74,0,1,550,1,5820.0
304,4,2,1,4380.0,3530.0,0.8059,63,0,1,59,1,3300.0
304,4,2,1,4380.0,3830.0,0.8744,80,0,1,332,1,3830.0
304,4,2,1,4380.0,5630.0,1.2854,38,0,5,581,0,
304,4,2,1,4380.0,6000.0,1.3699,58,0,8,360,0,
304,4,2,1,4380.0,4460.0,1.0183,81,0,1,72,1,4220.0
304,4,2,1,4380.0,5230.0,1.1941,38,0,5,667,0,
304,4,2,1,4380.0,3660.0,0.8356,36,0,5,185,1,3450.0
304,4,2,1,4380.0,5650.0,1.29,93,0,0,141,0,
304,4,2,1,4380.0,5000.0,1.1416,82,0,1,176,1,4770.0
305,1,1,1,1500.0,1130.0,0.7533,99,0,2,541,0,
305,1,1,1,1500.0,1620.0,1.08,52,0,0,350,0,
305,1,1,1,1500.0,2060.0,1.3733,41,0,0,518,0,
305,1,1,1,1500.0,1320.0,0.88,21,0,3,30,0,
305,1,1,1,1500.0,1300.0,0.8667,84,0,0,626,0,
305,1,1,1,1500.0,1610.0,1.0733,20,0,2,445,0,
305,1,1,1,1500.0,1470.0,0.98,75,0,5,72,0,
305,1,1,1,1500.0,1250.0,0.8333,67,0,1,111,0,
305,1,1,1,1500.0,1260.0,0.84,7,0,8,543,1,1230.0
305,1,1,1,1500.0,1410.0,0.94,106,0,3,110,0,
305,1,1,1,1500.0,1290.0,0.86,33,0,2,717,1,1290.0
305,1,1,1,1500.0,1110.0,0.74,7,0,8,654,0,
305,1,1,1,1500.0,1880.0,1.2533,103,0,3,455,0,
305,1,1,1,1500.0,1100.0,0.7333,14,0,0,596,0,
305,1,1,1,1500.0,2380.0,1.5867,63,0,0,385,0,
306,4,2,2,5730.0,4850.0,0.8464,27,0,1,551,1,4440.0
306,4,2,2,5730.0,6520.0,1.1379,56,0,1,358,1,5890.0
306,4,2,2,5730.0,5800.0,1.0122,80,0,8,431,1,5590.0
306,4,2,2,5730.0,4490.0,0.7836,29,0,1,640,1,4490.0
306,4,2,2,5730.0,4570.0,0.7976,19,0,3,99,0,
306,4,2,2,5730.0,5500.0,0.9599,67,0,1,159,1,5500.0
306,4,2,2,5730.0,4130.0,0.7208,92,0,2,552,1,4070.0
306,4,2,2,5730.0,3950.0,0.6894,23,0,5,379,1,3570.0
306,4,2,2,5730.0,5100.0,0.8901,37,0,5,365,1,5100.0
306,4,2,2,5730.0,4440.0,0.7749,89,0,1,36,1,4440.0
306,4,2,2,5730.0,6890.0,1.2024,5,0,0,158,0,
306,4,2,2,5730.0,3620.0,0.6318,58,0,2,540,1,3600.0
306,4,2,2,5730.0,3770.0,0.6579,107,0,1,173,1,3750.0
306,4,2,2,5730.0,8770.0,1.5305,37,0,1,316,0,
306,4,2,2,5730.0,4570.0,0.7976,42,0,2,361,1,4320.0
307,4,1,2,4070.0,5450.0,1.3391,67,1,1,271,1,5450.0
307,4,1,2,4070.0,4460.0,1.0958,108,1,5,365,1,4400.0
307,4,1,2,4070.0,4530.0,1.113,70,1,2,563,1,4290.0
307,4,1,2,4070.0,6610.0,1.6241,64,1,1,135,0,
307,4,1,2,4070.0,3760.0,0.9238,44,1,3,692,1,3760.0
307,4,1,2,4070.0,3290.0,0.8084,75,1,0,665,0,
307,4,1,2,4070.0,4620.0,1.1351,79,1,1,562,1,4620.0
307,4,1,2,4070.0,4400.0,1.0811,26,1,3,224,1,4180.0
307,4,1,2,4070.0,2730.0,0.6708,25,1,3,621,1,2680.0
307,4,1,2,4070.0,4960.0,1.2187,82,1,2,51,1,4720.0
307,4,1,2,4070.0,3100.0,0.7617,40,1,3,110,1,2960.0
307,4,1,2,4070.0,3260.0,0.801,33,1,2,140,1,2890.0
307,4,1,2,4070.0,5110.0,1.2555,107,1,8,55,0,
307,4,1,2,4070.0,3770.0,0.9263,31,1,1,597,1,3640.0
307,4,1,2,4070.0,5260.0,1.2924,55,1,3,150,1,5260.0
308,4,1,3,6540.0,6390.0,0.9771,108,1,1,406,1,6220.0
308,4,1,3,6540.0,4810.0,0.7355,60,1,0,569,1,4330.0
308,4,1,3,6540.0,3560.0,0.5443,65,1,1,405,1,3470.0
308,4,1,3,6540.0,2990.0,0.4572,55,1,8,90,1,2860.0
308,4,1,3,6540.0,8630.0,1.3196,4,1,0,213,1,8600.0
308,4,1,3,6540.0,6870.0,1.0505,103,1,3,92,1,6730.0
308,4,1,3,6540.0,9230.0,1.4113,28,1,0,276,0,
308,4,1,3,6540.0,4700.0,0.7187,63,1,1,58,1,4510.0
308,4,1,3,6540.0,7020.0,1.0734,61,1,1,12,1,6580.0
308,4,1,3,6540.0,7700.0,1.1774,59,1,8,360,0,
308,4,1,3,6540.0,7330.0,1.1208,92,1,3,449,1,7320.0
308,4,1,3,6540.0,5730.0,0.8761,91,1,3,32,0,
308,4,1,3,6540.0,5600.0,0.8563,16,1,2,706,1,5520.0
308,4,1,3,6540.0,9410.0,1.4388,91,1,2,259,1,8700.0
308,4,1,3,6540.0,5950.0,0.9098,106,1,2,189,1,5950.0
309,2,1,2,2060.0,2860.0,1.3883,32,0,5,291,0,
309,2,1,2,2060.0,1780.0,0.8641,100,0,1,178,0,
309,2,1,2,2060.0,3580.0,1.7379,77,0,0,257,0,
309,2,1,2,2060.0,2530.0,1.2282,32,0,0,290,0,
309,2,1,2,2060.0,2730.0,1.3252,55,0,0,276,0,
309,2,1,2,2060.0,2620.0,1.2718,101,0,0,255,1,2620.0
309,2,1,2,2060.0,2770.0,1.3447,92,0,3,44,0,
309,2,1,2,2060.0,2880.0,1.3981,38,0,1,104,1,2790.0
309,2,1,2,2060.0,2350.0,1.1408,89,0,1,559,1,2130.0
309,2,1,2,2060.0,1340.0,0.6505,78,0,0,635,1,1340.0
309,2,1,2,2060.0,1550.0,0.7524,67,0,1,173,1,1480.0
309,2,1,2,2060.0,1660.0,0.8058,15,0,3,405,0,
309,2,1,2,2060.0,1770.0,0.8592,3,0,1,650,0,
309,2,1,2,2060.0,1820.0,0.8835,21,0,1,467,0,
309,2,1,2,2060.0,3560.0,1.7282,46,0,2,482,1,3250.0
310,4,2,2,7080.0,7410.0,1.0466,13,1,2,460,0,
310,4,2,2,7080.0,5510.0,0.7782,47,1,5,30,1,5460.0
310,4,2,2,7080.0,9650.0,1.363,106,1,0,410,1,9650.0
310,4,2,2,7080.0,5780.0,0.8164,50,1,5,299,1,5550.0
310,4,2,2,7080.0,5970.0,0.8432,1,1,5,113,0,
310,4,2,2,7080.0,6410.0,0.9054,9,1,1,352,1,6410.0
310,4,2,2,7080.0,8240.0,1.1638,70,1,0,263,1,7880.0
310,4,2,2,7080.0,5120.0,0.7232,2,1,3,357,1,5120.0
310,4,2,2,7080.0,6040.0,0.8531,46,1,0,558,1,6020.0
310,4,2,2,7080.0,5860.0,0.8277,107,1,3,195,0,
310,4,2,2,7080.0,6460.0,0.9124,70,1,1,609,1,6040.0
310,4,2,2,7080.0,6250.0,0.8828,50,1,0,402,1,6200.0
310,4,2,2,7080.0,11830.0,1.6709,85,1,3,158,0,
310,4,2,2,7080.0,8670.0,1.2246,4,1,3,13,1,8670.0
310,4,2,2,7080.0,7220.0,1.0198,105,1,0,355,1,7040.0
311,3,3,1,4620.0,4330.0,0.9372,83,1,1,162,0,
311,3,3,1,4620.0,6450.0,1.3961,85,1,0,270,0,
311,3,3,1,4620.0,3710.0,0.803,36,1,8,571,1,3600.0
311,3,3,1,4620.0,4510.0,0.9762,37,1,0,689,1,4260.0
311,3,3,1,4620.0,5890.0,1.2749,100,1,3,448,1,5590.0
311,3,3,1,4620.0,4860.0,1.0519,19,1,0,565,1,4710.0
311,3,3,1,4620.0,2740.0,0.5931,103,1,0,494,1,2740.0
311,3,3,1,4620.0,4740.0,1.026,6,1,0,604,1,4400.0
311,3,3,1,4620.0,3580.0,0.7749,78,1,1,462,1,3490.0
311,3,3,1,4620.0,3270.0,0.7078,34,1,0,236,1,2960.0
311,3,3,1,4620.0,4140.0,0.8961,18,1,1,488,1,3970.0
311,3,3,1,4620.0,4640.0,1.0043,76,1,5,113,0,
311,3,3,1,4620.0,2610.0,0.5649,75,1,1,607,0,
311,3,3,1,4620.0,3110.0,0.6732,83,1,2,520,1,3110.0
311,3,3,1,4620.0,2830.0,0.6126,43,1,1,673,1,2590.0
312,4,2,3,8360.0,8200.0,0.9809,53,0,0,317,1,7700.0
312,4,2,3,8360.0,7980.0,0.9545,19,0,0,217,1,7480.0
312,4,2,3,8360.0,4940.0,0.5909,23,0,5,369,1,4840.0
312,4,2,3,8360.0,7840.0,0.9378,54,0,8,414,1,7840.0
312,4,2,3,8360.0,6840.0,0.8182,45,0,3,76,0,
312,4,2,3,8360.0,7340.0,0.878,102,0,1,223,1,7340.0
312,4,2,3,8360.0,10120.0,1.2105,16,0,2,58,1,8990.0
312,4,2,3,8360.0,9290.0,1.1112,62,0,3,52,1,9100.0
312,4,2,3,8360.0,7420.0,0.8876,67,0,1,198,1,7080.0
312,4,2,3,8360.0,8900.0,1.0646,17,0,0,250,1,8500.0
312,4,2,3,8360.0,9230.0,1.1041,41,0,1,116,1,9230.0
312,4,2,3,8360.0,9910.0,1.1854,71,0,0,136,0,
312,4,2,3,8360.0,9290.0,1.1112,86,0,3,85,1,8630.0
312,4,2,3,8360.0,10610.0,1.2691,13,0,0,538,1,10520.0
312,4,2,3,8360.0,6600.0,0.7895,108,0,0,51,1,6510.0
313,2,3,1,2140.0,1580.0,0.7383,73,0,2,157,0,
313,2,3,1,2140.0,1550.0,0.7243,81,0,1,350,1,1540.0
313,2,3,1,2140.0,2100.0,0.9813,78,0,1,291,0,
313,2,3,1,2140.0,1870.0,0.8738,39,0,1,29,1,1820.0
313,2,3,1,2140.0,1930.0,0.9019,82,0,1,9,0,
313,2,3,1,2140.0,2950.0,1.3785,36,0,0,555,0,
313,2,3,1,2140.0,3190.0,1.4907,73,0,2,513,0,
313,2,3,1,2140.0,1870.0,0.8738,18,0,3,533,1,1810.0
313,2,3,1,2140.0,2480.0,1.1589,30,0,0,573,1,2480.0
313,2,3,1,2140.0,2120.0,0.9907,103,0,2,271,1,2030.0
313,2,3,1,2140.0,1500.0,0.7009,19,0,5,556,0,
313,2,3,1,2140.0,1770.0,0.8271,57,0,3,148,0,
313,2,3,1,2140.0,1830.0,0.8551,5,0,8,62,0,
313,2,3,1,2140.0,1680.0,0.785,107,0,2,378,1,1680.0
313,2,3,1,2140.0,1380.0,0.6449,61,0,2,134,1,1380.0
314,2,2,2,1420.0,1860.0,1.3099,94,0,1,24,0,
314,2,2,2,1420.0,1330.0,0.9366,47,0,0,596,1,1250.0
314,2,2,2,1420.0,1620.0,1.1408,8,0,0,308,1,1590.0
314,2,2,2,1420.0,790.0,0.5563,100,0,1,121,0,
314,2,2,2,1420.0,1090.0,0.7676,67,0,5,642,0,
314,2,2,2,1420.0,1430.0,1.007,88,0,1,250,1,1380.0
314,2,2,2,1420.0,1410.0,0.993,80,0,2,463,1,1390.0
314,2,2,2,1420.0,1930.0,1.3592,66,0,1,177,1,1780.0
314,2,2,2,1420.0,1600.0,1.1268,55,0,2,227,1,1420.0
314,2,2,2,1420.0,2150.0,1.5141,70,0,0,77,0,
314,2,2,2,1420.0,1060.0,0.7465,57,0,3,634,1,1010.0
314,2,2,2,1420.0,1130.0,0.7958,84,0,2,428,1,1090.0
314,2,2,2,1420.0,1580.0,1.1127,84,0,1,703,1,1520.0
314,2,2,2,1420.0,1290.0,0.9085,38,0,1,509,1,1290.0
314,2,2,2,1420.0,1800.0,1.2676,91,0,3,6,0,
315,3,1,2,4650.0,3380.0,0.7269,69,1,1,646,1,3100.0
315,3,1,2,4650.0,4050.0,0.871,21,1,0,532,1,4050.0
315,3,1,2,4650.0,5620.0,1.2086,42,1,0,631,0,
315,3,1,2,4650.0,3240.0,0.6968,23,1,3,140,1,3070.0
315,3,1,2,4650.0,2700.0,0.5806,73,1,0,519,1,2490.0
315,3,1,2,4650.0,3360.0,0.7226,92,1,2,402,1,3330.0
315,3,1,2,4650.0,4140.0,0.8903,98,1,5,127,1,4070.0
315,3,1,2,4650.0,5110.0,1.0989,45,1,1,302,1,4980.0
315,3,1,2,4650.0,4830.0,1.0387,63,1,2,205,0,
315,3,1,2,4650.0,3110.0,0.6688,45,1,5,389,1,2750.0
315,3,1,2,4650.0,4190.0,0.9011,4,1,3,106,0,
315,3,1,2,4650.0,5810.0,1.2495,98,1,1,134,1,5810.0
315,3,1,2,4650.0,3390.0,0.729,95,1,8,462,0,
315,3,1,2,4650.0,4390.0,0.9441,9,1,0,408,0,
315,3,1,2,4650.0,3180.0,0.6839,67,1,1,122,1,2940.0
316,3,1,3,2630.0,1460.0,0.5551,35,0,0,65,1,1380.0
316,3,1,3,2630.0,2480.0,0.943,90,0,2,621,0,
316,3,1,3,2630.0,2770.0,1.0532,58,0,3,407,1,2660.0
316,3,1,3,2630.0,2550.0,0.9696,11,0,1,544,1,2420.0
316,3,1,3,2630.0,2240.0,0.8517,6,0,1,121,1,2240.0
316,3,1,3,2630.0,1580.0,0.6008,60,0,1,556,1,1540.0
316,3,1,3,2630.0,4010.0,1.5247,16,0,1,322,1,3910.0
316,3,1,3,2630.0,2690.0,1.0228,46,0,1,63,0,
316,3,1,3,2630.0,3410.0,1.2966,37,0,3,237,1,3410.0
316,3,1,3,2630.0,2370.0,0.9011,19,0,5,560,1,2310.0
316,3,1,3,2630.0,2590.0,0.9848,103,0,2,547,1,2410.0
316,3,1,3,2630.0,3560.0,1.3536,62,0,0,633,1,3460.0
316,3,1,3,2630.0,4010.0,1.5247,87,0,0,399,0,
316,3,1,3,2630.0,2150.0,0.8175,33,0,1,623,1,1970.0
316,3,1,3,2630.0,3360.0,1.2776,80,0,1,697,1,3360.0
317,5,1,2,14390.0,11240.0,0.7811,5,1,1,463,1,11240.0
317,5,1,2,14390.0,12210.0,0.8485,72,1,2,631,1,11610.0
317,5,1,2,14390.0,18710.0,1.3002,30,1,2,331,1,17660.0
317,5,1,2,14390.0,16500.0,1.1466,40,1,5,173,0,
317,5,1,2,14390.0,15350.0,1.0667,59,1,0,628,1,15110.0
317,5,1,2,14390.0,16770.0,1.1654,108,1,2,548,1,16770.0
317,5,1,2,14390.0,10820.0,0.7519,34,1,2,20,1,10320.0
317,5,1,2,14390.0,12850.0,0.893,33,1,0,673,1,12790.0
317,5,1,2,14390.0,13070.0,0.9083,84,1,0,318,1,13070.0
317,5,1,2,14390.0,9760.0,0.6782,1,1,3,688,1,9090.0
317,5,1,2,14390.0,10680.0,0.7422,87,1,1,139,1,10070.0
317,5,1,2,14390.0,14950.0,1.0389,20,1,0,446,1,13760.0
317,5,1,2,14390.0,14410.0,1.0014,21,1,0,287,1,13590.0
317,5,1,2,14390.0,8160.0,0.5671,104,1,5,627,1,7550.0
317,5,1,2,14390.0,12220.0,0.8492,19,1,0,627,1,11350.0
318,3,1,1,4460.0,5420.0,1.2152,43,1,2,419,1,5420.0
318,3,1,1,4460.0,4980.0,1.1166,24,1,2,274,1,4530.0
318,3,1,1,4460.0,4170.0,0.935,73,1,2,475,0,
318,3,1,1,4460.0,3490.0,0.7825,21,1,3,401,1,3490.0
318,3,1,1,4460.0,4320.0,0.9686,106,1,2,219,1,4320.0
318,3,1,1,4460.0,3200.0,0.7175,57,1,1,602,1,3200.0
318,3,1,1,4460.0,3620.0,0.8117,5,1,5,601,1,3620.0
318,3,1,1,4460.0,5910.0,1.3251,49,1,8,211,1,5910.0
318,3,1,1,4460.0,5500.0,1.2332,54,1,1,477,0,
318,3,1,1,4460.0,2370.0,0.5314,68,1,2,0,1,2330.0
318,3,1,1,4460.0,5880.0,1.3184,58,1,0,560,1,5620.0
318,3,1,1,4460.0,2830.0,0.6345,22,1,0,135,1,2810.0
318,3,1,1,4460.0,5770.0,1.2937,76,1,3,172,1,5560.0
318,3,1,1,4460.0,4030.0,0.9036,52,1,0,203,1,3830.0
318,3,1,1,4460.0,3430.0,0.7691,60,1,3,568,0,
319,1,2,1,620.0,730.0,1.1774,83,1,5,105,0,
319,1,2,1,620.0,320.0,0.5161,21,1,0,463,1,300.0
319,1,2,1,620.0,590.0,0.9516,16,1,1,618,0,
319,1,2,1,620.0,350.0,0.5645,90,1,1,336,1,350.0
319,1,2,1,620.0,1050.0,1.6935,42,1,0,440,0,
319,1,2,1,620.0,610.0,0.9839,1,1,2,106,0,
319,1,2,1,620.0,630.0,1.0161,33,1,1,308,0,
319,1,2,1,620.0,420.0,0.6774,41,1,5,401,1,420.0
319,1,2,1,620.0,830.0,1.3387,94,1,1,629,0,
319,1,2,1,620.0,840.0,1.3548,90,1,0,686,0,
319,1,2,1,620.0,710.0,1.1452,53,1,0,282,0,
319,1,2,1,620.0,670.0,1.0806,79,1,1,3,0,
319,1,2,1,620.0,720.0,1.1613,28,1,2,493,0,
319,1,2,1,620.0,590.0,0.9516,25,1,8,563,0,
319,1,2,1,620.0,620.0,1.0,69,1,2,371,0,
320,5,1,3,9950.0,8500.0,0.8543,108,1,0,668,1,8500.0
320,5,1,3,9950.0,9960.0,1.001,93,1,0,224,1,9960.0
320,5,1,3,9950.0,7770.0,0.7809,79,1,1,50,1,7770.0
320,5,1,3,9950.0,8510.0,0.8553,14,1,3,300,1,7840.0
320,5,1,3,9950.0,9450.0,0.9497,48,1,3,660,1,9280.0
320,5,1,3,9950.0,5370.0,0.5397,1,1,1,622,1,4950.0
320,5,1,3,9950.0,6570.0,0.6603,38,1,0,665,1,6570.0
320,5,1,3,9950.0,8870.0,0.8915,88,1,2,685,1,8280.0
320,5,1,3,9950.0,11840.0,1.1899,49,1,3,254,1,11780.0
320,5,1,3,9950.0,11610.0,1.1668,54,1,2,534,1,10960.0
320,5,1,3,9950.0,5190.0,0.5216,74,1,0,60,1,4830.0
320,5,1,3,9950.0,6690.0,0.6724,72,1,5,335,1,6150.0
320,5,1,3,9950.0,9570.0,0.9618,52,1,2,344,1,9570.0
320,5,1,3,9950.0,10380.0,1.0432,62,1,8,390,0,
320,5,1,3,9950.0,8580.0,0.8623,4,1,2,674,1,8330.0
321,5,2,3,16570.0,17720.0,1.0694,40,0,3,218,1,16620.0
321,5,2,3,16570.0,12140.0,0.7326,55,0,1,424,1,11010.0
321,5,2,3,16570.0,24080.0,1.4532,65,0,0,569,1,23750.0
321,5,2,3,16570.0,20460.0,1.2348,12,0,3,600,0,
321,5,2,3,16570.0,8070.0,0.487,100,0,0,612,1,7920.0
321,5,2,3,16570.0,17250.0,1.041,7,0,2,478,1,17250.0
321,5,2,3,16570.0,27370.0,1.6518,48,0,1,530,0,
321,5,2,3,16570.0,13740.0,0.8292,99,0,8,235,1,13090.0
321,5,2,3,16570.0,16900.0,1.0199,44,0,5,600,1,16640.0
321,5,2,3,16570.0,8000.0,0.4828,49,0,0,129,1,7750.0
321,5,2,3,16570.0,13020.0,0.7858,31,0,3,23,1,12510.0
321,5,2,3,16570.0,9410.0,0.5679,55,0,1,706,1,9410.0
321,5,2,3,16570.0,15990.0,0.965,94,0,2,606,0,
321,5,2,3,16570.0,13080.0,0.7894,39,0,3,610,0,
321,5,2,3,16570.0,10420.0,0.6288,71,0,1,1,1,10000.0
322,2,2,2,2270.0,2860.0,1.2599,86,0,1,300,0,
322,2,2,2,2270.0,1650.0,0.7269,102,0,0,426,1,1530.0
322,2,2,2,2270.0,2060.0,0.9075,32,0,2,397,0,
322,2,2,2,2270.0,2350.0,1.0352,97,0,0,573,0,
322,2,2,2,2270.0,2700.0,1.1894,29,0,2,643,0,
322,2,2,2,2270.0,3050.0,1.3436,101,0,0,464,0,
322,2,2,2,2270.0,2700.0,1.1894,108,0,0,651,0,
322,2,2,2,2270.0,2180.0,0.9604,97,0,0,680,0,
322,2,2,2,2270.0,2170.0,0.9559,19,0,3,562,0,
322,2,2,2,2270.0,1710.0,0.7533,73,0,5,223,0,
322,2,2,2,2270.0,3360.0,1.4802,106,0,2,24,0,
322,2,2,2,2270.0,2120.0,0.9339,59,0,0,183,1,1950.0
322,2,2,2,2270.0,1850.0,0.815,67,0,3,430,1,1820.0
322,2,2,2,2270.0,2550.0,1.1233,63,0,0,376,0,
322,2,2,2,2270.0,1930.0,0.8502,96,0,0,322,1,1760.0
323,5,2,3,12870.0,6710.0,0.5214,87,1,0,171,1,6710.0
323,5,2,3,12870.0,14950.0,1.1616,18,1,5,145,0,
323,5,2,3,12870.0,13370.0,1.0389,13,1,1,635,1,12590.0
323,5,2,3,12870.0,11090.0,0.8617,75,1,3,620,1,11090.0
323,5,2,3,12870.0,11250.0,0.8741,91,1,0,609,1,10710.0
323,5,2,3,12870.0,12430.0,0.9658,41,1,0,591,1,11750.0
323,5,2,3,12870.0,14330.0,1.1134,64,1,1,664,1,13740.0
323,5,2,3,12870.0,16920.0,1.3147,9,1,0,108,1,15280.0
323,5,2,3,12870.0,12450.0,0.9674,15,1,0,52,1,12450.0
323,5,2,3,12870.0,12980.0,1.0085,77,1,1,637,1,12790.0
323,5,2,3,12870.0,8590.0,0.6674,35,1,0,283,1,8320.0
323,5,2,3,12870.0,10020.0,0.7786,89,1,0,222,1,9710.0
323,5,2,3,12870.0,8730.0,0.6783,66,1,5,262,1,8730.0
323,5,2,3,12870.0,7940.0,0.6169,70,1,1,267,1,7300.0
323,5,2,3,12870.0,15810.0,1.2284,62,1,1,297,1,15050.0
324,1,2,1,1390.0,1150.0,0.8273,27,1,3,393,0,
324,1,2,1,1390.0,1490.0,1.0719,73,1,1,272,0,
324,1,2,1,1390.0,1080.0,0.777,98,1,3,600,0,
324,1,2,1,1390.0,1320.0,0.9496,17,1,0,49,0,
324,1,2,1,1390.0,1600.0,1.1511,11,1,3,455,0,
324,1,2,1,1390.0,1480.0,1.0647,47,1,3,219,0,
324,1,2,1,1390.0,1990.0,1.4317,90,1,1,74,0,
324,1,2,1,1390.0,1400.0,1.0072,77,1,3,88,1,1380.0
324,1,2,1,1390.0,1030.0,0.741,44,1,0,211,1,980.0
324,1,2,1,1390.0,1940.0,1.3957,22,1,8,577,0,
324,1,2,1,1390.0,660.0,0.4748,6,1,1,342,1,650.0
324,1,2,1,1390.0,1680.0,1.2086,74,1,8,386,0,
324,1,2,1,1390.0,660.0,0.4748,8,1,2,516,0,
324,1,2,1,1390.0,1350.0,0.9712,3,1,1,523,0,
324,1,2,1,1390.0,1310.0,0.9424,8,1,1,359,1,1220.0
325,2,1,1,1640.0,1180.0,0.7195,105,1,2,157,1,1000.0
325,2,1,1,1640.0,1900.0,1.1585,19,1,3,359,1,1820.0
325,2,1,1,1640.0,1000.0,0.6098,88,1,2,242,1,920.0
325,2,1,1,1640.0,2250.0,1.372,52,1,8,407,0,
325,2,1,1,1640.0,2280.0,1.3902,95,1,2,614,0,
325,2,1,1,1640.0,1510.0,0.9207,68,1,5,209,0,
325,2,1,1,1640.0,1850.0,1.128,87,1,0,650,0,
325,2,1,1,1640.0,1030.0,0.628,109,1,0,716,1,960.0
325,2,1,1,1640.0,1680.0,1.0244,77,1,1,539,1,1680.0
325,2,1,1,1640.0,1400.0,0.8537,26,1,2,56,1,1360.0
325,2,1,1,1640.0,2050.0,1.25,2,1,0,632,1,2050.0
325,2,1,1,1640.0,1330.0,0.811,79,1,2,667,1,1290.0
325,2,1,1,1640.0,1600.0,0.9756,38,1,1,664,1,1600.0
325,2,1,1,1640.0,3620.0,2.2073,92,1,1,39,0,
325,2,1,1,1640.0,1470.0,0.8963,32,1,5,53,1,1450.0
326,4,1,3,4780.0,7210.0,1.5084,102,0,3,522,1,6720.0
326,4,1,3,4780.0,3680.0,0.7699,56,0,2,275,1,3640.0
326,4,1,3,4780.0,3110.0,0.6506,15,0,1,702,1,3000.0
326,4,1,3,4780.0,4240.0,0.887,100,0,3,673,0,
326,4,1,3,4780.0,6030.0,1.2615,32,0,5,435,0,
326,4,1,3,4780.0,6460.0,1.3515,103,0,1,633,0,
326,4,1,3,4780.0,4950.0,1.0356,1,0,0,688,1,4950.0
326,4,1,3,4780.0,4990.0,1.0439,69,0,5,233,1,4640.0
326,4,1,3,4780.0,5870.0,1.228,73,0,0,687,0,
326,4,1,3,4780.0,3790.0,0.7929,76,0,0,242,1,3580.0
326,4,1,3,4780.0,3350.0,0.7008,95,0,8,397,0,
326,4,1,3,4780.0,4890.0,1.023,89,0,2,363,1,4660.0
326,4,1,3,4780.0,4630.0,0.9686,53,0,0,601,1,4630.0
326,4,1,3,4780.0,3580.0,0.749,17,0,2,80,0,
326,4,1,3,4780.0,5360.0,1.1213,33,0,2,94,1,5000.0
327,4,1,1,8190.0,6930.0,0.8462,77,1,3,539,1,6930.0
327,4,1,1,8190.0,7810.0,0.9536,20,1,0,175,1,7770.0
327,4,1,1,8190.0,6930.0,0.8462,28,1,1,267,1,6410.0
327,4,1,1,8190.0,4910.0,0.5995,68,1,2,50,1,4450.0
327,4,1,1,8190.0,7460.0,0.9109,48,1,5,242,0,
327,4,1,1,8190.0,7290.0,0.8901,58,1,3,328,1,6900.0
327,4,1,1,8190.0,8400.0,1.0256,10,1,2,548,1,7550.0
327,4,1,1,8190.0,13730.0,1.6764,36,1,1,51,1,13730.0
327,4,1,1,8190.0,6620.0,0.8083,89,1,2,515,1,6110.0
327,4,1,1,8190.0,11390.0,1.3907,26,1,1,709,1,11390.0
327,4,1,1,8190.0,10290.0,1.2564,73,1,0,500,1,9480.0
327,4,1,1,8190.0,8620.0,1.0525,81,1,2,532,0,
327,4,1,1,8190.0,7220.0,0.8816,16,1,2,542,1,6710.0
327,4,1,1,8190.0,6000.0,0.7326,92,1,0,349,1,6000.0
327,4,1,1,8190.0,12950.0,1.5812,106,1,3,73,0,
328,2,1,1,2440.0,2180.0,0.8934,32,1,5,616,1,2150.0
328,2,1,1,2440.0,1910.0,0.7828,47,1,8,505,1,1910.0
328,2,1,1,2440.0,3140.0,1.2869,50,1,0,607,0,
328,2,1,1,2440.0,2970.0,1.2172,72,1,1,150,1,2740.0
328,2,1,1,2440.0,2160.0,0.8852,47,1,0,398,1,2110.0
328,2,1,1,2440.0,2510.0,1.0287,65,1,1,245,0,
328,2,1,1,2440.0,2850.0,1.168,12,1,0,661,1,2650.0
328,2,1,1,2440.0,2650.0,1.0861,75,1,2,106,1,2620.0
328,2,1,1,2440.0,2930.0,1.2008,74,1,5,560,1,2930.0
328,2,1,1,2440.0,2110.0,0.8648,88,1,0,96,0,
328,2,1,1,2440.0,2860.0,1.1721,4,1,0,421,1,2690.0
328,2,1,1,2440.0,1530.0,0.627,85,1,2,680,1,1520.0
328,2,1,1,2440.0,2650.0,1.0861,6,1,0,471,1,2650.0
328,2,1,1,2440.0,2250.0,0.9221,107,1,1,502,1,2170.0
328,2,1,1,2440.0,2730.0,1.1189,12,1,3,706,0,
329,4,3,2,3170.0,3870.0,1.2208,64,1,3,140,0,
329,4,3,2,3170.0,3270.0,1.0315,107,1,8,568,0,
329,4,3,2,3170.0,3100.0,0.9779,11,1,0,330,1,2950.0
329,4,3,2,3170.0,2330.0,0.735,23,1,2,663,1,2290.0
329,4,3,2,3170.0,2990.0,0.9432,87,1,5,119,1,2900.0
329,4,3,2,3170.0,3630.0,1.1451,49,1,3,86,1,3390.0
329,4,3,2,3170.0,1990.0,0.6278,66,1,3,81,1,1950.0
329,4,3,2,3170.0,2140.0,0.6751,1,1,2,478,1,2140.0
329,4,3,2,3170.0,3480.0,1.0978,40,1,0,516,1,3480.0
329,4,3,2,3170.0,5300.0,1.6719,97,1,2,660,0,
329,4,3,2,3170.0,3290.0,1.0379,107,1,2,561,1,3190.0
329,4,3,2,3170.0,3040.0,0.959,106,1,3,558,1,3040.0
329,4,3,2,3170.0,3160.0,0.9968,51,1,2,72,1,3150.0
329,4,3,2,3170.0,2370.0,0.7476,17,1,1,664,1,2210.0
329,4,3,2,3170.0,1920.0,0.6057,7,1,1,339,1,1920.0
330,3,3,2,2310.0,3260.0,1.4113,23,0,1,358,1,3050.0
330,3,3,2,2310.0,1120.0,0.4848,91,0,1,641,1,1070.0
330,3,3,2,2310.0,2380.0,1.0303,4,0,1,613,0,
330,3,3,2,2310.0,1690.0,0.7316,14,0,1,22,1,1670.0
330,3,3,2,2310.0,1460.0,0.632,59,0,1,9,1,1460.0
330,3,3,2,2310.0,2640.0,1.1429,37,0,1,209,0,
330,3,3,2,2310.0,4430.0,1.9177,70,0,0,127,0,
330,3,3,2,2310.0,2400.0,1.039,63,0,1,520,0,
330,3,3,2,2310.0,1500.0,0.6494,75,0,1,269,0,
330,3,3,2,2310.0,1460.0,0.632,60,0,5,149,1,1460.0
330,3,3,2,2310.0,2120.0,0.9177,93,0,2,157,1,2070.0
330,3,3,2,2310.0,2570.0,1.1126,64,0,1,131,1,2300.0
330,3,3,2,2310.0,2680.0,1.1602,31,0,0,415,1,2620.0
330,3,3,2,2310.0,2350.0,1.0173,69,0,0,642,1,2350.0
330,3,3,2,2310.0,1750.0,0.7576,50,0,1,505,1,1750.0
331,3,3,2,3650.0,3140.0,0.8603,67,0,5,658,0,
331,3,3,2,3650.0,4590.0,1.2575,96,0,1,518,1,4370.0
331,3,3,2,3650.0,5630.0,1.5425,106,0,0,56,0,
331,3,3,2,3650.0,4780.0,1.3096,51,0,1,617,1,4780.0
331,3,3,2,3650.0,3890.0,1.0658,100,0,2,61,0,
331,3,3,2,3650.0,3840.0,1.0521,19,0,1,659,1,3580.0
331,3,3,2,3650.0,2400.0,0.6575,1,0,1,485,1,2220.0
331,3,3,2,3650.0,3310.0,0.9068,48,0,0,538,1,2990.0
331,3,3,2,3650.0,4810.0,1.3178,46,0,0,250,0,
331,3,3,2,3650.0,4060.0,1.1123,31,0,2,630,1,4010.0
331,3,3,2,3650.0,3890.0,1.0658,15,0,8,230,0,
331,3,3,2,3650.0,2860.0,0.7836,36,0,1,493,1,2710.0
331,3,3,2,3650.0,2240.0,0.6137,25,0,0,288,1,1970.0
331,3,3,2,3650.0,3830.0,1.0493,48,0,1,664,1,3680.0
331,3,3,2,3650.0,2960.0,0.811,54,0,1,297,0,
332,2,1,1,2110.0,1590.0,0.7536,108,1,0,461,1,1470.0
332,2,1,1,2110.0,2270.0,1.0758,59,1,0,55,1,2170.0
332,2,1,1,2110.0,1130.0,0.5355,40,1,3,525,1,1130.0
332,2,1,1,2110.0,2260.0,1.0711,33,1,1,672,1,2160.0
332,2,1,1,2110.0,1340.0,0.6351,32,1,2,218,1,1180.0
332,2,1,1,2110.0,2710.0,1.2844,17,1,1,353,0,
332,2,1,1,2110.0,2510.0,1.1896,94,1,1,259,1,2510.0
332,2,1,1,2110.0,1650.0,0.782,82,1,2,548,1,1570.0
332,2,1,1,2110.0,1110.0,0.5261,50,1,3,335,1,1110.0
332,2,1,1,2110.0,2490.0,1.1801,45,1,2,448,0,
332,2,1,1,2110.0,2150.0,1.019,18,1,2,89,1,1860.0
332,2,1,1,2110.0,2060.0,0.9763,94,1,1,100,1,1950.0
332,2,1,1,2110.0,1600.0,0.7583,84,1,5,497,0,
332,2,1,1,2110.0,1900.0,0.9005,90,1,2,700,1,1830.0
332,2,1,1,2110.0,1600.0,0.7583,13,1,2,282,1,1580.0
333,3,3,1,4250.0,3510.0,0.8259,53,0,0,89,1,3510.0
333,3,3,1,4250.0,3600.0,0.8471,7,0,1,31,1,3600.0
333,3,3,1,4250.0,5490.0,1.2918,67,0,2,557,1,5350.0
333,3,3,1,4250.0,2990.0,0.7035,55,0,1,223,1,2990.0
333,3,3,1,4250.0,4780.0,1.1247,61,0,1,246,0,
333,3,3,1,4250.0,3310.0,0.7788,27,0,2,189,0,
333,3,3,1,4250.0,4800.0,1.1294,101,0,1,233,1,4760.0
333,3,3,1,4250.0,4910.0,1.1553,105,0,1,96,1,4910.0
333,3,3,1,4250.0,4310.0,1.0141,101,0,3,149,0,
333,3,3,1,4250.0,3440.0,0.8094,54,0,5,347,1,3370.0
333,3,3,1,4250.0,3120.0,0.7341,48,0,0,173,0,
333,3,3,1,4250.0,3840.0,0.9035,14,0,8,443,0,
333,3,3,1,4250.0,4350.0,1.0235,103,0,0,665,0,
333,3,3,1,4250.0,4530.0,1.0659,102,0,0,216,0,
333,3,3,1,4250.0,3850.0,0.9059,32,0,0,456,1,3780.0
334,3,1,2,4150.0,3840.0,0.9253,34,0,1,527,1,3640.0
334,3,1,2,4150.0,7510.0,1.8096,21,0,0,718,0,
334,3,1,2,4150.0,2690.0,0.6482,105,0,1,232,1,2470.0
334,3,1,2,4150.0,3240.0,0.7807,109,0,1,63,1,3040.0
334,3,1,2,4150.0,3170.0,0.7639,37,0,0,113,1,3050.0
334,3,1,2,4150.0,6240.0,1.5036,78,0,1,635,0,
334,3,1,2,4150.0,3830.0,0.9229,92,0,0,147,1,3810.0
334,3,1,2,4150.0,7240.0,1.7446,109,0,1,512,0,
334,3,1,2,4150.0,6090.0,1.4675,85,0,1,684,1,5940.0
334,3,1,2,4150.0,5480.0,1.3205,28,0,8,390,0,
334,3,1,2,4150.0,3360.0,0.8096,16,0,3,504,1,3220.0
334,3,1,2,4150.0,3350.0,0.8072,95,0,2,455,1,3060.0
334,3,1,2,4150.0,6630.0,1.5976,85,0,3,681,0,
334,3,1,2,4150.0,4250.0,1.0241,106,0,5,629,0,
334,3,1,2,4150.0,2940.0,0.7084,75,0,3,106,0,
335,2,3,2,1160.0,1080.0,0.931,22,0,2,285,0,
335,2,3,2,1160.0,1920.0,1.6552,47,0,3,568,0,
335,2,3,2,1160.0,1500.0,1.2931,21,0,1,615,0,
335,2,3,2,1160.0,1360.0,1.1724,53,0,2,59,0,
335,2,3,2,1160.0,1240.0,1.069,76,0,1,45,0,
335,2,3,2,1160.0,1150.0,0.9914,66,0,0,551,0,
335,2,3,2,1160.0,1760.0,1.5172,54,0,3,393,0,
335,2,3,2,1160.0,910.0,0.7845,33,0,3,197,1,910.0
335,2,3,2,1160.0,1610.0,1.3879,47,0,1,294,0,
335,2,3,2,1160.0,670.0,0.5776,81,0,0,637,1,640.0
335,2,3,2,1160.0,1030.0,0.8879,79,0,1,259,0,
335,2,3,2,1160.0,910.0,0.7845,5,0,5,24,0,
335,2,3,2,1160.0,1590.0,1.3707,56,0,0,424,0,
335,2,3,2,1160.0,910.0,0.7845,64,0,1,650,0,
335,2,3,2,1160.0,1510.0,1.3017,8,0,0,345,0,
336,4,1,3,5540.0,5000.0,0.9025,90,0,2,306,1,5000.0
336,4,1,3,5540.0,6930.0,1.2509,12,0,0,709,1,6790.0
336,4,1,3,5540.0,4860.0,0.8773,3,0,2,336,1,4760.0
336,4,1,3,5540.0,5590.0,1.009,33,0,5,570,1,5340.0
336,4,1,3,5540.0,4500.0,0.8123,27,0,1,70,1,4430.0
336,4,1,3,5540.0,6960.0,1.2563,52,0,8,81,1,6490.0
336,4,1,3,5540.0,5640.0,1.0181,80,0,8,694,0,
336,4,1,3,5540.0,5860.0,1.0578,106,0,0,1,1,5010.0
336,4,1,3,5540.0,6740.0,1.2166,8,0,2,538,1,6500.0
336,4,1,3,5540.0,6280.0,1.1336,3,0,0,225,0,
336,4,1,3,5540.0,6290.0,1.1354,63,0,1,522,0,
336,4,1,3,5540.0,5150.0,0.9296,103,0,5,41,0,
336,4,1,3,5540.0,6470.0,1.1679,79,0,1,275,1,6420.0
336,4,1,3,5540.0,4860.0,0.8773,54,0,0,452,1,4540.0
336,4,1,3,5540.0,4700.0,0.8484,86,0,1,402,0,
337,2,2,1,1250.0,980.0,0.784,52,1,2,703,1,900.0
337,2,2,1,1250.0,900.0,0.72,48,1,1,610,1,900.0
337,2,2,1,1250.0,740.0,0.592,39,1,1,138,1,660.0
337,2,2,1,1250.0,1320.0,1.056,35,1,2,680,1,1210.0
337,2,2,1,1250.0,900.0,0.72,56,1,3,490,1,900.0
337,2,2,1,1250.0,1040.0,0.832,43,1,2,343,1,1020.0
337,2,2,1,1250.0,1130.0,0.904,39,1,2,622,1,1120.0
337,2,2,1,1250.0,1210.0,0.968,62,1,2,488,1,1210.0
337,2,2,1,1250.0,1200.0,0.96,1,1,0,614,0,
337,2,2,1,1250.0,850.0,0.68,45,1,3,303,1,810.0
337,2,2,1,1250.0,760.0,0.608,89,1,5,417,0,
337,2,2,1,1250.0,820.0,0.656,2,1,0,219,0,
337,2,2,1,1250.0,1230.0,0.984,74,1,1,314,1,1190.0
337,2,2,1,1250.0,730.0,0.584,36,1,0,538,0,
337,2,2,1,1250.0,1130.0,0.904,6,1,0,428,1,1110.0
338,4,1,3,4450.0,5120.0,1.1506,80,1,2,356,0,
338,4,1,3,4450.0,8850.0,1.9888,50,1,8,605,0,
338,4,1,3,4450.0,4170.0,0.9371,90,1,1,668,1,4030.0
338,4,1,3,4450.0,4840.0,1.0876,43,1,1,10,1,4400.0
338,4,1,3,4450.0,4090.0,0.9191,31,1,5,455,1,3820.0
338,4,1,3,4450.0,2990.0,0.6719,22,1,0,349,1,2760.0
338,4,1,3,4450.0,5290.0,1.1888,99,1,1,125,1,5290.0
338,4,1,3,4450.0,7550.0,1.6966,97,1,2,13,0,
338,4,1,3,4450.0,4080.0,0.9169,3,1,1,693,1,4080.0
338,4,1,3,4450.0,3170.0,0.7124,88,1,1,177,1,2980.0
338,4,1,3,4450.0,3610.0,0.8112,24,1,0,650,1,3490.0
338,4,1,3,4450.0,4960.0,1.1146,105,1,3,303,1,4620.0
338,4,1,3,4450.0,2670.0,0.6,22,1,1,304,1,2670.0
338,4,1,3,4450.0,5320.0,1.1955,64,1,8,297,1,5240.0
338,4,1,3,4450.0,2190.0,0.4921,109,1,3,284,1,2140.0
339,2,1,2,1720.0,1380.0,0.8023,64,1,3,303,1,1280.0
339,2,1,2,1720.0,1740.0,1.0116,19,1,0,188,1,1660.0
339,2,1,2,1720.0,2660.0,1.5465,100,1,1,210,0,
339,2,1,2,1720.0,1290.0,0.75,15,1,3,358,1,1210.0
339,2,1,2,1720.0,2140.0,1.2442,53,1,3,640,1,2020.0
339,2,1,2,1720.0,1360.0,0.7907,11,1,0,241,1,1360.0
339,2,1,2,1720.0,2530.0,1.4709,47,1,0,100,1,2530.0
339,2,1,2,1720.0,1940.0,1.1279,46,1,1,369,1,1830.0
339,2,1,2,1720.0,1110.0,0.6453,58,1,0,591,1,1110.0
339,2,1,2,1720.0,1720.0,1.0,23,1,5,173,0,
339,2,1,2,1720.0,1460.0,0.8488,38,1,0,87,1,1450.0
339,2,1,2,1720.0,1810.0,1.0523,10,1,8,28,1,1680.0
339,2,1,2,1720.0,1600.0,0.9302,80,1,0,362,0,
339,2,1,2,1720.0,1390.0,0.8081,92,1,3,291,1,1390.0
339,2,1,2,1720.0,1360.0,0.7907,94,1,0,447,1,1150.0
340,2,2,2,2580.0,2260.0,0.876,99,1,2,487,0,
340,2,2,2,2580.0,3870.0,1.5,26,1,0,418,0,
340,2,2,2,2580.0,2040.0,0.7907,93,1,0,513,0,
340,2,2,2,2580.0,2650.0,1.0271,55,1,1,204,1,2430.0
340,2,2,2,2580.0,2030.0,0.7868,71,1,2,541,1,2030.0
340,2,2,2,2580.0,2420.0,0.938,57,1,0,388,0,
340,2,2,2,2580.0,2880.0,1.1163,81,1,2,36,0,
340,2,2,2,2580.0,2330.0,0.9031,58,1,5,84,0,
340,2,2,2,2580.0,2500.0,0.969,29,1,1,292,0,
340,2,2,2,2580.0,1660.0,0.6434,81,1,3,216,1,1610.0
340,2,2,2,2580.0,3350.0,1.2984,17,1,3,551,0,
340,2,2,2,2580.0,1540.0,0.5969,16,1,2,176,0,
340,2,2,2,2580.0,1230.0,0.4767,21,1,8,349,0,
340,2,2,2,2580.0,2520.0,0.9767,81,1,3,361,1,2520.0
340,2,2,2,2580.0,3510.0,1.3605,83,1,2,452,0,
341,3,2,2,4640.0,3630.0,0.7823,8,0,2,389,1,3630.0
341,3,2,2,4640.0,5790.0,1.2478,102,0,5,273,0,
341,3,2,2,4640.0,3440.0,0.7414,97,0,0,610,1,3330.0
341,3,2,2,4640.0,4640.0,1.0,90,0,5,331,1,4580.0
341,3,2,2,4640.0,2770.0,0.597,79,0,0,506,1,2770.0
341,3,2,2,4640.0,4000.0,0.8621,22,0,8,625,0,
341,3,2,2,4640.0,5730.0,1.2349,45,0,2,298,0,
341,3,2,2,4640.0,4840.0,1.0431,87,0,0,133,0,
341,3,2,2,4640.0,3430.0,0.7392,104,0,8,446,1,3310.0
341,3,2,2,4640.0,3710.0,0.7996,84,0,0,559,1,3650.0
341,3,2,2,4640.0,4080.0,0.8793,49,0,5,134,1,3930.0
341,3,2,2,4640.0,4790.0,1.0323,61,0,3,370,0,
341,3,2,2,4640.0,4110.0,0.8858,82,0,2,159,0,
341,3,2,2,4640.0,6090.0,1.3125,52,0,5,683,0,
341,3,2,2,4640.0,3980.0,0.8578,66,0,0,488,1,3930.0
342,4,1,2,3910.0,4090.0,1.046,101,1,5,336,1,4090.0
342,4,1,2,3910.0,2910.0,0.7442,56,1,1,286,1,2760.0
342,4,1,2,3910.0,4730.0,1.2097,62,1,0,222,0,
342,4,1,2,3910.0,2690.0,0.688,67,1,0,364,1,2690.0
342,4,1,2,3910.0,5460.0,1.3964,17,1,8,227,0,
342,4,1,2,3910.0,5760.0,1.4731,71,1,1,640,1,5510.0
342,4,1,2,3910.0,2390.0,0.6113,40,1,2,307,1,2180.0
342,4,1,2,3910.0,2860.0,0.7315,27,1,0,645,1,2660.0
342,4,1,2,3910.0,2800.0,0.7161,86,1,0,369,1,2670.0
342,4,1,2,3910.0,4730.0,1.2097,107,1,2,360,1,4540.0
342,4,1,2,3910.0,7170.0,1.8338,97,1,2,155,0,
342,4,1,2,3910.0,3340.0,0.8542,20,1,2,113,1,3070.0
342,4,1,2,3910.0,3100.0,0.7928,31,1,3,19,1,3020.0
342,4,1,2,3910.0,4010.0,1.0256,17,1,0,78,1,3650.0
342,4,1,2,3910.0,2490.0,0.6368,9,1,1,549,1,2410.0
343,1,1,1,1730.0,1400.0,0.8092,72,1,1,440,0,
343,1,1,1,1730.0,2100.0,1.2139,39,1,1,163,1,1930.0
343,1,1,1,1730.0,1290.0,0.7457,30,1,1,462,0,
343,1,1,1,1730.0,2550.0,1.474,50,1,3,459,0,
343,1,1,1,1730.0,1740.0,1.0058,70,1,2,240,0,
343,1,1,1,1730.0,1720.0,0.9942,49,1,2,134,1,1660.0
343,1,1,1,1730.0,1380.0,0.7977,89,1,0,238,1,1240.0
343,1,1,1,1730.0,1430.0,0.8266,56,1,3,552,0,
343,1,1,1,1730.0,1240.0,0.7168,91,1,0,211,1,1240.0
343,1,1,1,1730.0,1500.0,0.8671,36,1,3,73,0,
343,1,1,1,1730.0,2470.0,1.4277,82,1,1,168,0,
343,1,1,1,1730.0,2590.0,1.4971,64,1,0,85,0,
343,1,1,1,1730.0,1660.0,0.9595,63,1,2,678,1,1540.0
343,1,1,1,1730.0,1860.0,1.0751,71,1,5,473,1,1760.0
343,1,1,1,1730.0,1290.0,0.7457,110,1,0,671,0,
344,3,2,2,3440.0,2530.0,0.7355,71,1,0,398,1,2370.0
344,3,2,2,3440.0,4560.0,1.3256,104,1,1,556,1,4260.0
344,3,2,2,3440.0,2790.0,0.811,81,1,2,391,1,2440.0
344,3,2,2,3440.0,3920.0,1.1395,35,1,2,16,0,
344,3,2,2,3440.0,3910.0,1.1366,2,1,3,186,1,3730.0
344,3,2,2,3440.0,2290.0,0.6657,97,1,1,340,1,2210.0
344,3,2,2,3440.0,2840.0,0.8256,99,1,5,718,1,2630.0
344,3,2,2,3440.0,2620.0,0.7616,63,1,0,618,1,2380.0
344,3,2,2,3440.0,3300.0,0.9593,71,1,0,531,1,3210.0
344,3,2,2,3440.0,2900.0,0.843,100,1,2,363,1,2900.0
344,3,2,2,3440.0,3520.0,1.0233,27,1,0,307,0,
344,3,2,2,3440.0,2890.0,0.8401,11,1,1,421,1,2830.0
344,3,2,2,3440.0,2700.0,0.7849,21,1,5,621,1,2540.0
344,3,2,2,3440.0,1590.0,0.4622,68,1,1,385,1,1440.0
344,3,2,2,3440.0,4470.0,1.2994,76,1,5,374,0,
345,4,2,2,4190.0,4130.0,0.9857,91,0,3,263,1,4130.0
345,4,2,2,4190.0,3260.0,0.778,54,0,3,495,1,2920.0
345,4,2,2,4190.0,3460.0,0.8258,36,0,2,371,0,
345,4,2,2,4190.0,4980.0,1.1885,63,0,3,158,0,
345,4,2,2,4190.0,4620.0,1.1026,100,0,2,464,1,4510.0
345,4,2,2,4190.0,3620.0,0.864,57,0,2,654,1,3510.0
345,4,2,2,4190.0,4410.0,1.0525,102,0,1,556,0,
345,4,2,2,4190.0,5300.0,1.2649,107,0,2,129,0,
345,4,2,2,4190.0,2840.0,0.6778,53,0,0,616,1,2720.0
345,4,2,2,4190.0,4680.0,1.1169,68,0,5,679,1,4680.0
345,4,2,2,4190.0,2780.0,0.6635,84,0,0,145,1,2780.0
345,4,2,2,4190.0,3970.0,0.9475,46,0,2,519,0,
345,4,2,2,4190.0,3960.0,0.9451,92,0,3,42,1,3950.0
345,4,2,2,4190.0,4510.0,1.0764,65,0,0,430,1,4510.0
345,4,2,2,4190.0,6450.0,1.5394,68,0,0,456,1,6240.0
346,5,2,3,6140.0,14690.0,2.3925,78,0,1,610,0,
346,5,2,3,6140.0,6820.0,1.1107,38,0,0,258,0,
346,5,2,3,6140.0,6260.0,1.0195,85,0,0,339,1,5930.0
346,5,2,3,6140.0,6070.0,0.9886,63,0,2,657,1,6010.0
346,5,2,3,6140.0,2960.0,0.4821,108,0,8,121,1,2750.0
346,5,2,3,6140.0,5590.0,0.9104,103,0,1,314,1,5590.0
346,5,2,3,6140.0,4640.0,0.7557,85,0,5,48,1,4640.0
346,5,2,3,6140.0,7070.0,1.1515,49,0,2,229,1,6840.0
346,5,2,3,6140.0,8960.0,1.4593,95,0,2,330,1,8960.0
346,5,2,3,6140.0,5480.0,0.8925,62,0,2,262,1,5230.0
346,5,2,3,6140.0,5150.0,0.8388,85,0,1,224,1,4870.0
346,5,2,3,6140.0,6780.0,1.1042,40,0,1,33,1,6780.0
346,5,2,3,6140.0,5760.0,0.9381,101,0,2,204,1,5730.0
346,5,2,3,6140.0,5800.0,0.9446,32,0,5,27,1,5720.0
346,5,2,3,6140.0,3840.0,0.6254,40,0,1,401,1,3650.0
347,3,1,2,3780.0,3130.0,0.828,5,1,0,209,1,3120.0
347,3,1,2,3780.0,2410.0,0.6376,70,1,0,68,1,2410.0
347,3,1,2,3780.0,2960.0,0.7831,44,1,2,81,1,2840.0
347,3,1,2,3780.0,5360.0,1.418,58,1,5,478,0,
347,3,1,2,3780.0,3380.0,0.8942,58,1,1,5,1,3140.0
347,3,1,2,3780.0,3920.0,1.037,56,1,5,512,1,3920.0
347,3,1,2,3780.0,4010.0,1.0608,89,1,5,97,1,3880.0
347,3,1,2,3780.0,2810.0,0.7434,69,1,1,150,1,2810.0
347,3,1,2,3780.0,3630.0,0.9603,25,1,0,441,0,
347,3,1,2,3780.0,3320.0,0.8783,60,1,3,43,1,3320.0
347,3,1,2,3780.0,2340.0,0.619,85,1,3,201,1,2170.0
347,3,1,2,3780.0,3320.0,0.8783,66,1,1,258,1,3310.0
347,3,1,2,3780.0,3140.0,0.8307,1,1,2,415,0,
347,3,1,2,3780.0,2990.0,0.791,86,1,1,172,1,2990.0
347,3,1,2,3780.0,4520.0,1.1958,68,1,0,318,0,
348,3,1,2,3610.0,2760.0,0.7645,87,0,2,536,1,2760.0
348,3,1,2,3610.0,2630.0,0.7285,72,0,0,177,1,2540.0
348,3,1,2,3610.0,3150.0,0.8726,92,0,2,361,1,2830.0
348,3,1,2,3610.0,3600.0,0.9972,107,0,2,102,0,
348,3,1,2,3610.0,4170.0,1.1551,81,0,1,94,0,
348,3,1,2,3610.0,3660.0,1.0139,93,0,2,187,1,3480.0
348,3,1,2,3610.0,3460.0,0.9584,83,0,0,217,1,3310.0
348,3,1,2,3610.0,2540.0,0.7036,20,0,8,324,1,2470.0
348,3,1,2,3610.0,4580.0,1.2687,13,0,5,236,0,
348,3,1,2,3610.0,5900.0,1.6343,48,0,1,432,0,
348,3,1,2,3610.0,3250.0,0.9003,36,0,1,41,1,3220.0
348,3,1,2,3610.0,3220.0,0.892,77,0,0,284,1,3220.0
348,3,1,2,3610.0,3660.0,1.0139,63,0,0,443,1,3260.0
348,3,1,2,3610.0,3610.0,1.0,50,0,0,189,1,3560.0
348,3,1,2,3610.0,3800.0,1.0526,86,0,0,709,0,
349,2,3,1,2750.0,2400.0,0.8727,107,1,1,593,0,
349,2,3,1,2750.0,2960.0,1.0764,68,1,1,699,1,2850.0
349,2,3,1,2750.0,3560.0,1.2945,6,1,3,370,0,
349,2,3,1,2750.0,2300.0,0.8364,28,1,3,327,0,
349,2,3,1,2750.0,2210.0,0.8036,43,1,3,1,1,2030.0
349,2,3,1,2750.0,3920.0,1.4255,40,1,3,215,1,3920.0
349,2,3,1,2750.0,2220.0,0.8073,5,1,1,242,1,2220.0
349,2,3,1,2750.0,2840.0,1.0327,17,1,2,443,0,
349,2,3,1,2750.0,2850.0,1.0364,8,1,5,354,0,
349,2,3,1,2750.0,2310.0,0.84,70,1,3,562,0,
349,2,3,1,2750.0,2060.0,0.7491,46,1,2,677,1,1930.0
349,2,3,1,2750.0,2220.0,0.8073,91,1,1,273,1,2170.0
349,2,3,1,2750.0,3820.0,1.3891,48,1,5,594,0,
349,2,3,1,2750.0,1820.0,0.6618,104,1,5,458,1,1750.0
349,2,3,1,2750.0,3510.0,1.2764,8,1,0,78,1,3300.0
350,2,1,1,1850.0,1260.0,0.6811,47,0,1,389,0,
350,2,1,1,1850.0,2310.0,1.2486,5,0,0,15,1,2170.0
350,2,1,1,1850.0,2050.0,1.1081,95,0,1,215,1,1960.0
350,2,1,1,1850.0,1160.0,0.627,57,0,0,25,1,1130.0
350,2,1,1,1850.0,1650.0,0.8919,97,0,5,425,0,
350,2,1,1,1850.0,1490.0,0.8054,107,0,5,244,0,
350,2,1,1,1850.0,1240.0,0.6703,70,0,1,394,1,1240.0
350,2,1,1,1850.0,1580.0,0.8541,39,0,0,591,1,1430.0
350,2,1,1,1850.0,1110.0,0.6,106,0,5,139,0,
350,2,1,1,1850.0,2090.0,1.1297,59,0,0,423,1,1980.0
350,2,1,1,1850.0,2290.0,1.2378,90,0,0,26,1,2220.0
350,2,1,1,1850.0,2000.0,1.0811,58,0,2,323,0,
350,2,1,1,1850.0,2810.0,1.5189,45,0,2,399,0,
350,2,1,1,1850.0,1180.0,0.6378,2,0,0,591,0,
350,2,1,1,1850.0,2500.0,1.3514,72,0,0,29,0,
351,1,2,2,1500.0,1790.0,1.1933,87,1,1,619,0,
351,1,2,2,1500.0,1420.0,0.9467,110,1,1,702,0,
351,1,2,2,1500.0,1340.0,0.8933,23,1,0,670,1,1240.0
351,1,2,2,1500.0,1360.0,0.9067,58,1,5,380,0,
351,1,2,2,1500.0,970.0,0.6467,2,1,0,181,0,
351,1,2,2,1500.0,880.0,0.5867,3,1,0,28,0,
351,1,2,2,1500.0,1480.0,0.9867,9,1,2,556,0,
351,1,2,2,1500.0,1310.0,0.8733,19,1,3,324,1,1310.0
351,1,2,2,1500.0,1120.0,0.7467,80,1,1,429,1,1100.0
351,1,2,2,1500.0,1530.0,1.02,14,1,5,299,0,
351,1,2,2,1500.0,2170.0,1.4467,81,1,3,278,0,
351,1,2,2,1500.0,1310.0,0.8733,87,1,2,670,0,
351,1,2,2,1500.0,1470.0,0.98,61,1,1,350,0,
351,1,2,2,1500.0,1210.0,0.8067,24,1,3,530,0,
351,1,2,2,1500.0,1290.0,0.86,2,1,1,380,0,
352,5,1,3,13020.0,14440.0,1.1091,97,0,3,681,1,14440.0
352,5,1,3,13020.0,8690.0,0.6674,90,0,8,217,1,7880.0
352,5,1,3,13020.0,11710.0,0.8994,40,0,0,566,1,10470.0
352,5,1,3,13020.0,9760.0,0.7496,49,0,2,456,1,9590.0
352,5,1,3,13020.0,7330.0,0.563,70,0,1,0,1,7140.0
352,5,1,3,13020.0,11310.0,0.8687,92,0,0,372,1,11310.0
352,5,1,3,13020.0,11360.0,0.8725,78,0,0,270,1,11100.0
352,5,1,3,13020.0,16320.0,1.2535,81,0,1,297,1,14940.0
352,5,1,3,13020.0,13590.0,1.0438,14,0,5,12,1,13590.0
352,5,1,3,13020.0,5560.0,0.427,15,0,0,450,1,4970.0
352,5,1,3,13020.0,19670.0,1.5108,4,0,0,569,1,19670.0
352,5,1,3,13020.0,17590.0,1.351,51,0,3,111,1,16350.0
352,5,1,3,13020.0,15970.0,1.2266,2,0,1,679,1,15970.0
352,5,1,3,13020.0,9410.0,0.7227,43,0,0,157,1,9170.0
352,5,1,3,13020.0,11890.0,0.9132,90,0,0,204,1,11370.0
353,2,1,1,1580.0,1690.0,1.0696,85,0,1,480,0,
353,2,1,1,1580.0,1300.0,0.8228,64,0,2,531,1,1250.0
353,2,1,1,1580.0,1460.0,0.9241,97,0,5,35,0,
353,2,1,1,1580.0,2340.0,1.481,64,0,0,439,0,
353,2,1,1,1580.0,2210.0,1.3987,74,0,2,10,1,2150.0
353,2,1,1,1580.0,1560.0,0.9873,70,0,1,248,1,1490.0
353,2,1,1,1580.0,1200.0,0.7595,65,0,2,132,0,
353,2,1,1,1580.0,1480.0,0.9367,43,0,1,70,1,1400.0
353,2,1,1,1580.0,1770.0,1.1203,80,0,1,448,0,
353,2,1,1,1580.0,1710.0,1.0823,100,0,0,660,0,
353,2,1,1,1580.0,2270.0,1.4367,28,0,1,349,0,
353,2,1,1,1580.0,1150.0,0.7278,70,0,0,131,1,1150.0
353,2,1,1,1580.0,1290.0,0.8165,52,0,3,35,1,1290.0
353,2,1,1,1580.0,1520.0,0.962,54,0,0,265,1,1390.0
353,2,1,1,1580.0,1430.0,0.9051,1,0,1,466,0,
354,1,2,1,1060.0,910.0,0.8585,7,0,2,663,0,
354,1,2,1,1060.0,900.0,0.8491,91,0,2,456,0,
354,1,2,1,1060.0,830.0,0.783,26,0,5,642,0,
354,1,2,1,1060.0,1320.0,1.2453,71,0,3,43,0,
354,1,2,1,1060.0,810.0,0.7642,49,0,0,104,1,760.0
354,1,2,1,1060.0,590.0,0.5566,41,0,3,558,1,550.0
354,1,2,1,1060.0,1220.0,1.1509,22,0,2,386,0,
354,1,2,1,1060.0,760.0,0.717,41,0,1,448,1,760.0
354,1,2,1,1060.0,990.0,0.934,104,0,1,460,0,
354,1,2,1,1060.0,1510.0,1.4245,46,0,1,160,0,
354,1,2,1,1060.0,800.0,0.7547,1,0,1,1,0,
354,1,2,1,1060.0,940.0,0.8868,76,0,5,278,0,
354,1,2,1,1060.0,850.0,0.8019,34,0,2,708,0,
354,1,2,1,1060.0,1180.0,1.1132,83,0,1,493,0,
354,1,2,1,1060.0,1350.0,1.2736,31,0,1,354,0,
355,4,1,2,7980.0,4840.0,0.6065,72,1,1,671,1,4620.0
355,4,1,2,7980.0,6510.0,0.8158,19,1,5,516,1,6370.0
355,4,1,2,7980.0,6860.0,0.8596,72,1,2,655,1,6780.0
355,4,1,2,7980.0,5390.0,0.6754,86,1,1,623,1,5160.0
355,4,1,2,7980.0,7170.0,0.8985,97,1,5,672,0,
355,4,1,2,7980.0,10690.0,1.3396,65,1,2,340,1,10010.0
355,4,1,2,7980.0,5690.0,0.713,52,1,0,289,1,5340.0
355,4,1,2,7980.0,4630.0,0.5802,1,1,2,82,1,4460.0
355,4,1,2,7980.0,9030.0,1.1316,6,1,3,455,1,8810.0
355,4,1,2,7980.0,9600.0,1.203,91,1,5,561,0,
355,4,1,2,7980.0,8500.0,1.0652,72,1,0,354,0,
355,4,1,2,7980.0,5710.0,0.7155,110,1,0,364,0,
355,4,1,2,7980.0,6840.0,0.8571,48,1,1,581,0,
355,4,1,2,7980.0,12200.0,1.5288,76,1,5,15,0,
355,4,1,2,7980.0,4560.0,0.5714,19,1,3,95,1,4130.0
356,2,1,1,1780.0,1260.0,0.7079,61,0,1,116,0,
356,2,1,1,1780.0,2850.0,1.6011,54,0,1,359,0,
356,2,1,1,1780.0,1390.0,0.7809,10,0,0,28,1,1380.0
356,2,1,1,1780.0,1840.0,1.0337,56,0,1,261,0,
356,2,1,1,1780.0,1370.0,0.7697,104,0,0,545,1,1370.0
356,2,1,1,1780.0,1520.0,0.8539,35,0,2,392,1,1420.0
356,2,1,1,1780.0,2140.0,1.2022,71,0,1,70,0,
356,2,1,1,1780.0,1410.0,0.7921,81,0,0,510,1,1390.0
356,2,1,1,1780.0,1480.0,0.8315,99,0,5,511,0,
356,2,1,1,1780.0,1330.0,0.7472,59,0,0,58,1,1250.0
356,2,1,1,1780.0,1310.0,0.736,6,0,0,516,1,1290.0
356,2,1,1,1780.0,1620.0,0.9101,82,0,1,93,0,
356,2,1,1,1780.0,1550.0,0.8708,100,0,1,401,0,
356,2,1,1,1780.0,2250.0,1.264,72,0,5,40,0,
356,2,1,1,1780.0,1670.0,0.9382,105,0,5,506,0,
357,4,1,2,6550.0,7280.0,1.1115,69,0,2,262,1,7280.0
357,4,1,2,6550.0,4930.0,0.7527,2,0,2,495,1,4740.0
357,4,1,2,6550.0,6610.0,1.0092,52,0,2,283,1,6300.0
357,4,1,2,6550.0,4180.0,0.6382,79,0,2,218,1,3930.0
357,4,1,2,6550.0,6340.0,0.9679,100,0,1,582,0,
357,4,1,2,6550.0,5880.0,0.8977,53,0,0,552,1,5780.0
357,4,1,2,6550.0,4380.0,0.6687,55,0,8,13,1,4060.0
357,4,1,2,6550.0,7620.0,1.1634,66,0,1,571,1,7620.0
357,4,1,2,6550.0,8930.0,1.3634,95,0,3,426,1,8930.0
357,4,1,2,6550.0,8190.0,1.2504,69,0,1,19,1,7880.0
357,4,1,2,6550.0,5630.0,0.8595,102,0,0,8,1,5390.0
357,4,1,2,6550.0,6130.0,0.9359,4,0,0,618,1,5800.0
357,4,1,2,6550.0,6950.0,1.0611,53,0,0,14,1,6950.0
357,4,1,2,6550.0,7310.0,1.116,73,0,1,179,1,7310.0
357,4,1,2,6550.0,4970.0,0.7588,42,0,1,703,1,4700.0
358,4,2,2,7010.0,6420.0,0.9158,27,1,3,257,0,
358,4,2,2,7010.0,6850.0,0.9772,56,1,3,681,1,6830.0
358,4,2,2,7010.0,6410.0,0.9144,53,1,1,349,1,5730.0
358,4,2,2,7010.0,9010.0,1.2853,4,1,5,701,1,8200.0
358,4,2,2,7010.0,6970.0,0.9943,66,1,1,604,0,
358,4,2,2,7010.0,7140.0,1.0185,86,1,0,560,1,6790.0
358,4,2,2,7010.0,8420.0,1.2011,100,1,0,287,1,7900.0
358,4,2,2,7010.0,7610.0,1.0856,51,1,5,234,1,7610.0
358,4,2,2,7010.0,6880.0,0.9815,12,1,1,605,1,6490.0
358,4,2,2,7010.0,6520.0,0.9301,87,1,2,560,0,
358,4,2,2,7010.0,5410.0,0.7718,88,1,2,292,1,4910.0
358,4,2,2,7010.0,6600.0,0.9415,90,1,1,413,1,6270.0
358,4,2,2,7010.0,6640.0,0.9472,20,1,0,202,1,6200.0
358,4,2,2,7010.0,6630.0,0.9458,77,1,3,301,1,6060.0
358,4,2,2,7010.0,6010.0,0.8573,100,1,1,121,1,6010.0
359,4,3,3,5460.0,3420.0,0.6264,50,1,1,583,1,3210.0
359,4,3,3,5460.0,7880.0,1.4432,81,1,2,283,1,7350.0
359,4,3,3,5460.0,6870.0,1.2582,104,1,2,564,1,6180.0
359,4,3,3,5460.0,4030.0,0.7381,6,1,8,72,1,4020.0
359,4,3,3,5460.0,5390.0,0.9872,89,1,1,374,0,
359,4,3,3,5460.0,4510.0,0.826,69,1,5,292,1,4510.0
359,4,3,3,5460.0,10460.0,1.9158,100,1,5,308,0,
359,4,3,3,5460.0,3630.0,0.6648,34,1,1,232,1,3480.0
359,4,3,3,5460.0,5410.0,0.9908,105,1,1,281,1,5410.0
359,4,3,3,5460.0,7040.0,1.2894,79,1,2,676,0,
359,4,3,3,5460.0,5540.0,1.0147,91,1,1,65,1,5150.0
359,4,3,3,5460.0,5570.0,1.0201,77,1,2,49,1,5260.0
359,4,3,3,5460.0,4040.0,0.7399,86,1,2,707,1,3790.0
359,4,3,3,5460.0,2740.0,0.5018,47,1,2,615,1,2630.0
359,4,3,3,5460.0,4330.0,0.793,9,1,1,638,1,4310.0
360,1,2,2,1320.0,1930.0,1.4621,100,1,0,593,0,
360,1,2,2,1320.0,1480.0,1.1212,61,1,1,406,0,
360,1,2,2,1320.0,730.0,0.553,88,1,1,590,1,730.0
360,1,2,2,1320.0,1110.0,0.8409,70,1,0,337,1,1100.0
360,1,2,2,1320.0,1370.0,1.0379,35,1,3,351,0,
360,1,2,2,1320.0,1070.0,0.8106,6,1,3,217,0,
360,1,2,2,1320.0,980.0,0.7424,60,1,0,620,0,
360,1,2,2,1320.0,770.0,0.5833,75,1,1,553,0,
360,1,2,2,1320.0,1320.0,1.0,56,1,1,232,0,
360,1,2,2,1320.0,1190.0,0.9015,14,1,1,604,1,1190.0
360,1,2,2,1320.0,1970.0,1.4924,74,1,5,99,0,
360,1,2,2,1320.0,1320.0,1.0,98,1,5,164,0,
360,1,2,2,1320.0,820.0,0.6212,60,1,0,533,0,
360,1,2,2,1320.0,800.0,0.6061,56,1,8,429,0,
360,1,2,2,1320.0,1170.0,0.8864,20,1,1,37,0,
361,4,3,2,8510.0,9760.0,1.1469,32,1,5,379,0,
361,4,3,2,8510.0,8440.0,0.9918,63,1,2,262,1,7930.0
361,4,3,2,8510.0,6060.0,0.7121,41,1,2,459,0,
361,4,3,2,8510.0,8470.0,0.9953,94,1,0,539,1,8310.0
361,4,3,2,8510.0,13070.0,1.5358,3,1,1,616,0,
361,4,3,2,8510.0,8640.0,1.0153,92,1,1,427,1,8640.0
361,4,3,2,8510.0,7870.0,0.9248,67,1,1,663,1,7510.0
361,4,3,2,8510.0,10860.0,1.2761,35,1,1,269,1,10860.0
361,4,3,2,8510.0,8610.0,1.0118,102,1,2,230,1,8160.0
361,4,3,2,8510.0,7060.0,0.8296,65,1,2,491,0,
361,4,3,2,8510.0,10110.0,1.188,77,1,0,574,1,9870.0
361,4,3,2,8510.0,8680.0,1.02,50,1,8,103,0,
361,4,3,2,8510.0,7130.0,0.8378,62,1,1,71,1,7040.0
361,4,3,2,8510.0,7320.0,0.8602,67,1,0,217,0,
361,4,3,2,8510.0,6700.0,0.7873,7,1,0,279,1,6390.0
362,2,2,1,1810.0,1890.0,1.0442,85,1,1,194,1,1790.0
362,2,2,1,1810.0,1340.0,0.7403,97,1,3,323,1,1340.0
362,2,2,1,1810.0,1930.0,1.0663,12,1,3,354,0,
362,2,2,1,1810.0,1790.0,0.989,64,1,0,390,0,
362,2,2,1,1810.0,1300.0,0.7182,19,1,0,348,1,1300.0
362,2,2,1,1810.0,1800.0,0.9945,88,1,8,463,0,
362,2,2,1,1810.0,2920.0,1.6133,104,1,0,45,1,2920.0
362,2,2,1,1810.0,1880.0,1.0387,20,1,5,113,0,
362,2,2,1,1810.0,1600.0,0.884,94,1,0,608,1,1560.0
362,2,2,1,1810.0,2100.0,1.1602,95,1,8,589,0,
362,2,2,1,1810.0,1700.0,0.9392,84,1,0,501,0,
362,2,2,1,1810.0,1310.0,0.7238,89,1,0,368,0,
362,2,2,1,1810.0,2070.0,1.1436,24,1,2,605,1,2070.0
362,2,2,1,1810.0,1470.0,0.8122,47,1,0,671,1,1420.0
362,2,2,1,1810.0,2450.0,1.3536,69,1,2,358,0,
363,1,1,2,1780.0,1100.0,0.618,82,1,1,111,0,
363,1,1,2,1780.0,1420.0,0.7978,47,1,0,412,0,
363,1,1,2,1780.0,2210.0,1.2416,16,1,0,7,0,
363,1,1,2,1780.0,1570.0,0.882,53,1,0,31,0,
363,1,1,2,1780.0,1290.0,0.7247,32,1,1,88,0,
363,1,1,2,1780.0,2390.0,1.3427,3,1,0,88,0,
363,1,1,2,1780.0,1410.0,0.7921,66,1,3,446,1,1410.0
363,1,1,2,1780.0,1740.0,0.9775,94,1,2,377,1,1520.0
363,1,1,2,1780.0,2510.0,1.4101,21,1,0,203,0,
363,1,1,2,1780.0,1340.0,0.7528,73,1,2,508,0,
363,1,1,2,1780.0,2520.0,1.4157,78,1,1,414,0,
363,1,1,2,1780.0,2540.0,1.427,80,1,2,195,0,
363,1,1,2,1780.0,1530.0,0.8596,90,1,3,431,0,
363,1,1,2,1780.0,1280.0,0.7191,57,1,2,472,0,
363,1,1,2,1780.0,1700.0,0.9551,35,1,0,622,0,
364,3,2,1,3530.0,4500.0,1.2748,46,0,8,693,0,
364,3,2,1,3530.0,3010.0,0.8527,82,0,5,680,0,
364,3,2,1,3530.0,2060.0,0.5836,7,0,0,442,0,
364,3,2,1,3530.0,2760.0,0.7819,22,0,1,234,1,2720.0
364,3,2,1,3530.0,3710.0,1.051,93,0,0,387,1,3530.0
364,3,2,1,3530.0,2800.0,0.7932,57,0,3,234,1,2630.0
364,3,2,1,3530.0,2910.0,0.8244,53,0,5,81,0,
364,3,2,1,3530.0,3200.0,0.9065,90,0,0,306,1,3000.0
364,3,2,1,3530.0,2610.0,0.7394,58,0,0,544,0,
364,3,2,1,3530.0,2210.0,0.6261,17,0,2,126,1,2210.0
364,3,2,1,3530.0,4560.0,1.2918,16,0,8,483,0,
364,3,2,1,3530.0,3000.0,0.8499,51,0,1,597,1,3000.0
364,3,2,1,3530.0,2780.0,0.7875,89,0,0,683,1,2690.0
364,3,2,1,3530.0,3170.0,0.898,6,0,0,277,0,
364,3,2,1,3530.0,1820.0,0.5156,108,0,0,458,1,1750.0
365,2,2,3,2150.0,1960.0,0.9116,37,1,5,348,1,1870.0
365,2,2,3,2150.0,1760.0,0.8186,3,1,0,670,1,1740.0
365,2,2,3,2150.0,1750.0,0.814,90,1,1,276,1,1650.0
365,2,2,3,2150.0,2520.0,1.1721,20,1,2,21,0,
365,2,2,3,2150.0,2070.0,0.9628,11,1,2,412,1,1980.0
365,2,2,3,2150.0,1920.0,0.893,43,1,8,251,0,
365,2,2,3,2150.0,3180.0,1.4791,15,1,2,360,0,
365,2,2,3,2150.0,1780.0,0.8279,106,1,8,183,0,
365,2,2,3,2150.0,2650.0,1.2326,84,1,1,518,0,
365,2,2,3,2150.0,2330.0,1.0837,13,1,2,56,1,2310.0
365,2,2,3,2150.0,2530.0,1.1767,54,1,2,192,0,
365,2,2,3,2150.0,1630.0,0.7581,105,1,3,268,1,1620.0
365,2,2,3,2150.0,1770.0,0.8233,11,1,0,248,1,1700.0
365,2,2,3,2150.0,1780.0,0.8279,16,1,0,699,1,1780.0
365,2,2,3,2150.0,2140.0,0.9953,46,1,0,230,1,2030.0
366,1,1,1,1690.0,1150.0,0.6805,108,1,1,400,1,1090.0
366,1,1,1,1690.0,2380.0,1.4083,26,1,5,648,0,
366,1,1,1,1690.0,2550.0,1.5089,105,1,3,75,0,
366,1,1,1,1690.0,1290.0,0.7633,88,1,2,291,0,
366,1,1,1,1690.0,1840.0,1.0888,21,1,1,548,0,
366,1,1,1,1690.0,2050.0,1.213,103,1,5,217,0,
366,1,1,1,1690.0,1170.0,0.6923,88,1,3,56,0,
366,1,1,1,1690.0,2630.0,1.5562,4,1,1,638,0,
366,1,1,1,1690.0,1390.0,0.8225,24,1,5,58,0,
366,1,1,1,1690.0,1690.0,1.0,110,1,1,102,0,
366,1,1,1,1690.0,1950.0,1.1538,94,1,0,287,0,
366,1,1,1,1690.0,1640.0,0.9704,84,1,1,607,1,1550.0
366,1,1,1,1690.0,1120.0,0.6627,94,1,2,650,1,1120.0
366,1,1,1,1690.0,1700.0,1.0059,37,1,2,66,1,1700.0
366,1,1,1,1690.0,1950.0,1.1538,13,1,2,23,1,1910.0
367,1,1,1,1140.0,980.0,0.8596,69,0,2,177,1,960.0
367,1,1,1,1140.0,710.0,0.6228,48,0,2,307,1,660.0
367,1,1,1,1140.0,1490.0,1.307,99,0,2,14,0,
367,1,1,1,1140.0,1100.0,0.9649,19,0,2,491,0,
367,1,1,1,1140.0,1250.0,1.0965,18,0,2,654,1,1180.0
367,1,1,1,1140.0,1140.0,1.0,78,0,0,358,0,
367,1,1,1,1140.0,1100.0,0.9649,54,0,1,221,1,1100.0
367,1,1,1,1140.0,970.0,0.8509,23,0,0,301,1,970.0
367,1,1,1,1140.0,1140.0,1.0,50,0,2,545,0,
367,1,1,1,1140.0,1520.0,1.3333,86,0,1,528,0,
367,1,1,1,1140.0,1110.0,0.9737,98,0,1,526,0,
367,1,1,1,1140.0,1080.0,0.9474,108,0,1,358,0,
367,1,1,1,1140.0,1610.0,1.4123,106,0,3,700,0,
367,1,1,1,1140.0,1470.0,1.2895,108,0,1,154,0,
367,1,1,1,1140.0,610.0,0.5351,22,0,1,413,1,590.0
368,3,3,2,1990.0,1730.0,0.8693,78,0,3,157,1,1610.0
368,3,3,2,1990.0,1380.0,0.6935,35,0,2,136,1,1310.0
368,3,3,2,1990.0,1190.0,0.598,47,0,3,191,1,1190.0
368,3,3,2,1990.0,1680.0,0.8442,88,0,1,464,0,
368,3,3,2,1990.0,1590.0,0.799,100,0,5,705,0,
368,3,3,2,1990.0,1790.0,0.8995,62,0,2,76,1,1710.0
368,3,3,2,1990.0,1760.0,0.8844,66,0,1,541,0,
368,3,3,2,1990.0,1760.0,0.8844,13,0,2,619,1,1610.0
368,3,3,2,1990.0,2680.0,1.3467,72,0,1,98,0,
368,3,3,2,1990.0,1050.0,0.5276,71,0,0,657,1,1050.0
368,3,3,2,1990.0,1410.0,0.7085,8,0,1,38,1,1280.0
368,3,3,2,1990.0,2670.0,1.3417,16,0,0,629,1,2620.0
368,3,3,2,1990.0,2180.0,1.0955,73,0,0,539,1,2090.0
368,3,3,2,1990.0,1970.0,0.9899,48,0,1,301,1,1920.0
368,3,3,2,1990.0,1850.0,0.9296,31,0,0,452,1,1850.0
369,4,1,2,3310.0,2870.0,0.8671,22,0,2,719,1,2870.0
369,4,1,2,3310.0,2990.0,0.9033,8,0,5,577,1,2760.0
369,4,1,2,3310.0,5290.0,1.5982,92,0,1,402,1,5290.0
369,4,1,2,3310.0,3500.0,1.0574,54,0,5,480,1,3420.0
369,4,1,2,3310.0,3360.0,1.0151,98,0,1,545,1,2990.0
369,4,1,2,3310.0,2530.0,0.7644,6,0,2,585,1,2300.0
369,4,1,2,3310.0,4510.0,1.3625,46,0,1,103,1,4460.0
369,4,1,2,3310.0,4000.0,1.2085,97,0,5,288,0,
369,4,1,2,3310.0,4290.0,1.2961,27,0,2,84,1,4170.0
369,4,1,2,3310.0,4440.0,1.3414,47,0,0,249,1,4420.0
369,4,1,2,3310.0,2750.0,0.8308,68,0,0,365,1,2750.0
369,4,1,2,3310.0,3550.0,1.0725,106,0,1,261,1,3520.0
369,4,1,2,3310.0,1550.0,0.4683,84,0,5,652,1,1450.0
369,4,1,2,3310.0,2550.0,0.7704,102,0,2,79,1,2550.0
369,4,1,2,3310.0,3740.0,1.1299,63,0,1,124,1,3510.0
370,3,3,2,3880.0,3320.0,0.8557,14,1,0,141,1,3290.0
370,3,3,2,3880.0,3150.0,0.8119,85,1,5,450,0,
370,3,3,2,3880.0,6190.0,1.5954,79,1,0,170,1,6190.0
370,3,3,2,3880.0,3690.0,0.951,101,1,0,414,1,3160.0
370,3,3,2,3880.0,5820.0,1.5,53,1,5,61,0,
370,3,3,2,3880.0,2030.0,0.5232,42,1,1,90,1,2030.0
370,3,3,2,3880.0,2100.0,0.5412,63,1,1,651,1,1940.0
370,3,3,2,3880.0,3240.0,0.8351,90,1,1,447,0,
370,3,3,2,3880.0,3730.0,0.9613,63,1,1,565,0,
370,3,3,2,3880.0,3040.0,0.7835,31,1,1,351,1,2770.0
370,3,3,2,3880.0,3580.0,0.9227,67,1,8,86,0,
370,3,3,2,3880.0,4830.0,1.2448,72,1,2,360,0,
370,3,3,2,3880.0,3810.0,0.982,98,1,1,257,0,
370,3,3,2,3880.0,2840.0,0.732,46,1,2,538,1,2630.0
370,3,3,2,3880.0,4460.0,1.1495,47,1,8,63,0,
371,4,2,3,3240.0,3970.0,1.2253,73,1,2,587,1,3970.0
371,4,2,3,3240.0,3360.0,1.037,30,1,8,69,0,
371,4,2,3,3240.0,2970.0,0.9167,76,1,5,621,1,2950.0
371,4,2,3,3240.0,3420.0,1.0556,63,1,1,453,1,3230.0
371,4,2,3,3240.0,1940.0,0.5988,85,1,0,496,1,1870.0
371,4,2,3,3240.0,2460.0,0.7593,50,1,1,649,1,2370.0
371,4,2,3,3240.0,1600.0,0.4938,82,1,3,481,1,1550.0
371,4,2,3,3240.0,3390.0,1.0463,98,1,3,150,1,3300.0
371,4,2,3,3240.0,3990.0,1.2315,102,1,2,292,1,3930.0
371,4,2,3,3240.0,3270.0,1.0093,59,1,1,399,1,3190.0
371,4,2,3,3240.0,2470.0,0.7623,33,1,0,114,1,2270.0
371,4,2,3,3240.0,4800.0,1.4815,101,1,8,692,0,
371,4,2,3,3240.0,4790.0,1.4784,62,1,0,487,1,4430.0
371,4,2,3,3240.0,4820.0,1.4877,59,1,3,10,0,
371,4,2,3,3240.0,2560.0,0.7901,7,1,0,73,1,2490.0
372,2,2,1,2070.0,1320.0,0.6377,82,1,1,637,1,1310.0
372,2,2,1,2070.0,1890.0,0.913,38,1,2,188,1,1890.0
372,2,2,1,2070.0,2670.0,1.2899,38,1,2,421,1,2570.0
372,2,2,1,2070.0,1510.0,0.7295,26,1,3,374,1,1430.0
372,2,2,1,2070.0,2470.0,1.1932,75,1,0,543,0,
372,2,2,1,2070.0,2070.0,1.0,72,1,0,163,1,2070.0
372,2,2,1,2070.0,1850.0,0.8937,81,1,2,433,1,1850.0
372,2,2,1,2070.0,1800.0,0.8696,66,1,1,24,1,1700.0
372,2,2,1,2070.0,1670.0,0.8068,51,1,1,551,1,1650.0
372,2,2,1,2070.0,2070.0,1.0,49,1,0,388,1,2060.0
372,2,2,1,2070.0,1620.0,0.7826,105,1,1,47,1,1620.0
372,2,2,1,2070.0,1580.0,0.7633,6,1,0,390,1,1420.0
372,2,2,1,2070.0,2020.0,0.9758,32,1,3,43,0,
372,2,2,1,2070.0,1840.0,0.8889,18,1,1,698,1,1770.0
372,2,2,1,2070.0,2650.0,1.2802,44,1,1,305,1,2520.0
373,3,1,1,4190.0,3640.0,0.8687,77,0,8,430,0,
373,3,1,1,4190.0,3600.0,0.8592,59,0,2,112,1,3600.0
373,3,1,1,4190.0,2800.0,0.6683,82,0,3,69,1,2800.0
373,3,1,1,4190.0,2970.0,0.7088,104,0,0,397,1,2970.0
373,3,1,1,4190.0,3100.0,0.7399,31,0,1,162,1,2950.0
373,3,1,1,4190.0,2990.0,0.7136,16,0,1,446,1,2910.0
373,3,1,1,4190.0,4210.0,1.0048,93,0,3,14,1,4200.0
373,3,1,1,4190.0,4240.0,1.0119,50,0,1,73,1,4110.0
373,3,1,1,4190.0,2210.0,0.5274,66,0,5,125,1,2210.0
373,3,1,1,4190.0,8300.0,1.9809,95,0,3,550,0,
373,3,1,1,4190.0,4360.0,1.0406,39,0,2,371,1,4230.0
373,3,1,1,4190.0,4040.0,0.9642,45,0,1,314,1,3710.0
373,3,1,1,4190.0,3910.0,0.9332,38,0,5,684,1,3910.0
373,3,1,1,4190.0,5020.0,1.1981,41,0,3,694,0,
373,3,1,1,4190.0,2840.0,0.6778,9,0,0,702,1,2630.0
374,3,1,2,2550.0,3070.0,1.2039,43,0,0,625,0,
374,3,1,2,2550.0,2050.0,0.8039,75,0,0,512,1,1780.0
374,3,1,2,2550.0,2780.0,1.0902,82,0,0,678,1,2670.0
374,3,1,2,2550.0,3700.0,1.451,28,0,3,84,0,
374,3,1,2,2550.0,1680.0,0.6588,54,0,0,584,1,1660.0
374,3,1,2,2550.0,1960.0,0.7686,42,0,1,583,1,1960.0
374,3,1,2,2550.0,2140.0,0.8392,44,0,0,58,1,2080.0
374,3,1,2,2550.0,2080.0,0.8157,29,0,5,532,0,
374,3,1,2,2550.0,2740.0,1.0745,15,0,2,420,1,2650.0
374,3,1,2,2550.0,3050.0,1.1961,101,0,0,201,0,
374,3,1,2,2550.0,1830.0,0.7176,25,0,0,202,1,1740.0
374,3,1,2,2550.0,1440.0,0.5647,104,0,0,158,1,1440.0
374,3,1,2,2550.0,2500.0,0.9804,96,0,0,541,1,2450.0
374,3,1,2,2550.0,3160.0,1.2392,17,0,2,112,1,3130.0
374,3,1,2,2550.0,2730.0,1.0706,15,0,3,510,1,2730.0
375,3,1,3,4720.0,4940.0,1.0466,22,0,0,268,1,4850.0
375,3,1,3,4720.0,7550.0,1.5996,67,0,1,111,0,
375,3,1,3,4720.0,3670.0,0.7775,5,0,0,493,1,3640.0
375,3,1,3,4720.0,5620.0,1.1907,29,0,3,379,1,5540.0
375,3,1,3,4720.0,10030.0,2.125,34,0,3,62,0,
375,3,1,3,4720.0,4840.0,1.0254,4,0,2,560,1,4390.0
375,3,1,3,4720.0,4500.0,0.9534,15,0,2,445,1,4300.0
375,3,1,3,4720.0,4920.0,1.0424,71,0,0,178,0,
375,3,1,3,4720.0,4560.0,0.9661,71,0,5,570,0,
375,3,1,3,4720.0,4420.0,0.9364,106,0,0,218,0,
375,3,1,3,4720.0,3720.0,0.7881,8,0,0,597,1,3480.0
375,3,1,3,4720.0,4120.0,0.8729,71,0,8,411,0,
375,3,1,3,4720.0,3210.0,0.6801,15,0,8,370,1,3160.0
375,3,1,3,4720.0,6830.0,1.447,3,0,8,622,0,
375,3,1,3,4720.0,6430.0,1.3623,106,0,8,424,0,
376,3,1,1,2880.0,2610.0,0.9062,107,1,1,333,1,2610.0
376,3,1,1,2880.0,3130.0,1.0868,17,1,8,213,1,3130.0
376,3,1,1,2880.0,3140.0,1.0903,101,1,2,675,0,
376,3,1,1,2880.0,2670.0,0.9271,70,1,3,202,0,
376,3,1,1,2880.0,4070.0,1.4132,110,1,5,564,0,
376,3,1,1,2880.0,3160.0,1.0972,52,1,0,579,1,3080.0
376,3,1,1,2880.0,5130.0,1.7812,53,1,5,193,0,
376,3,1,1,2880.0,2400.0,0.8333,103,1,0,10,1,2400.0
376,3,1,1,2880.0,2430.0,0.8438,26,1,2,120,1,2430.0
376,3,1,1,2880.0,2770.0,0.9618,42,1,1,560,1,2770.0
376,3,1,1,2880.0,3150.0,1.0938,75,1,1,84,1,3150.0
376,3,1,1,2880.0,2670.0,0.9271,8,1,8,346,0,
376,3,1,1,2880.0,2620.0,0.9097,65,1,1,208,0,
376,3,1,1,2880.0,2000.0,0.6944,19,1,2,341,1,1810.0
376,3,1,1,2880.0,2750.0,0.9549,32,1,0,191,1,2630.0
377,4,1,3,2550.0,2400.0,0.9412,71,0,1,172,1,2260.0
377,4,1,3,2550.0,2550.0,1.0,40,0,2,565,0,
377,4,1,3,2550.0,1970.0,0.7725,73,0,1,388,1,1970.0
377,4,1,3,2550.0,2860.0,1.1216,60,0,1,303,1,2740.0
377,4,1,3,2550.0,3590.0,1.4078,84,0,1,446,1,3340.0
377,4,1,3,2550.0,1890.0,0.7412,73,0,2,131,1,1690.0
377,4,1,3,2550.0,2230.0,0.8745,72,0,5,268,1,2060.0
377,4,1,3,2550.0,2100.0,0.8235,35,0,0,632,1,2030.0
377,4,1,3,2550.0,2810.0,1.102,73,0,1,249,1,2630.0
377,4,1,3,2550.0,1900.0,0.7451,47,0,0,204,1,1890.0
377,4,1,3,2550.0,1940.0,0.7608,35,0,1,214,0,
377,4,1,3,2550.0,3060.0,1.2,27,0,3,575,0,
377,4,1,3,2550.0,2170.0,0.851,52,0,0,693,1,1970.0
377,4,1,3,2550.0,1290.0,0.5059,106,0,2,496,1,1290.0
377,4,1,3,2550.0,1810.0,0.7098,55,0,1,533,1,1760.0
378,3,2,2,4600.0,4820.0,1.0478,91,0,0,661,0,
378,3,2,2,4600.0,3590.0,0.7804,66,0,8,680,1,3540.0
378,3,2,2,4600.0,3050.0,0.663,98,0,0,694,1,2890.0
378,3,2,2,4600.0,5990.0,1.3022,18,0,1,63,0,
378,3,2,2,4600.0,4830.0,1.05,69,0,5,314,0,
378,3,2,2,4600.0,5570.0,1.2109,80,0,2,458,1,5410.0
378,3,2,2,4600.0,2550.0,0.5543,99,0,2,127,0,
378,3,2,2,4600.0,3760.0,0.8174,40,0,2,709,1,3450.0
378,3,2,2,4600.0,3770.0,0.8196,18,0,0,570,1,3650.0
378,3,2,2,4600.0,6140.0,1.3348,58,0,5,237,0,
378,3,2,2,4600.0,3210.0,0.6978,57,0,1,102,1,3100.0
378,3,2,2,4600.0,4520.0,0.9826,92,0,1,53,1,4520.0
378,3,2,2,4600.0,3880.0,0.8435,24,0,8,104,0,
378,3,2,2,4600.0,3560.0,0.7739,42,0,8,693,0,
378,3,2,2,4600.0,4980.0,1.0826,75,0,0,554,0,
379,4,2,2,6240.0,5410.0,0.867,39,0,2,288,0,
379,4,2,2,6240.0,5140.0,0.8237,104,0,1,125,1,5140.0
379,4,2,2,6240.0,7940.0,1.2724,89,0,3,261,0,
379,4,2,2,6240.0,11350.0,1.8189,1,0,1,663,0,
379,4,2,2,6240.0,3800.0,0.609,88,0,1,126,1,3450.0
379,4,2,2,6240.0,6830.0,1.0946,76,0,1,633,0,
379,4,2,2,6240.0,5560.0,0.891,103,0,0,230,1,5190.0
379,4,2,2,6240.0,5720.0,0.9167,51,0,3,421,1,5280.0
379,4,2,2,6240.0,7300.0,1.1699,92,0,1,141,1,6910.0
379,4,2,2,6240.0,5500.0,0.8814,54,0,5,5,1,5450.0
379,4,2,2,6240.0,7650.0,1.226,57,0,3,391,0,
379,4,2,2,6240.0,4950.0,0.7933,97,0,2,107,1,4830.0
379,4,2,2,6240.0,9040.0,1.4487,11,0,2,346,0,
379,4,2,2,6240.0,6440.0,1.0321,2,0,1,222,0,
379,4,2,2,6240.0,5730.0,0.9183,70,0,2,216,1,5310.0
380,3,1,2,2250.0,1680.0,0.7467,103,0,2,142,1,1670.0
380,3,1,2,2250.0,2060.0,0.9156,93,0,3,428,1,2000.0
380,3,1,2,2250.0,1850.0,0.8222,4,0,2,607,0,
380,3,1,2,2250.0,1840.0,0.8178,104,0,1,115,0,
380,3,1,2,2250.0,2210.0,0.9822,75,0,0,686,1,2140.0
380,3,1,2,2250.0,2030.0,0.9022,25,0,1,287,0,
380,3,1,2,2250.0,1150.0,0.5111,49,0,3,651,1,1090.0
380,3,1,2,2250.0,2600.0,1.1556,24,0,1,314,0,
380,3,1,2,2250.0,2330.0,1.0356,31,0,1,674,1,2240.0
380,3,1,2,2250.0,1830.0,0.8133,52,0,3,318,0,
380,3,1,2,2250.0,3090.0,1.3733,15,0,1,107,0,
380,3,1,2,2250.0,2420.0,1.0756,110,0,0,270,1,2300.0
380,3,1,2,2250.0,1860.0,0.8267,73,0,2,600,0,
380,3,1,2,2250.0,1750.0,0.7778,62,0,2,428,0,
380,3,1,2,2250.0,3030.0,1.3467,92,0,1,292,1,2900.0
381,3,3,2,4830.0,3150.0,0.6522,33,0,0,427,1,2990.0
381,3,3,2,4830.0,4400.0,0.911,106,0,0,71,1,4400.0
381,3,3,2,4830.0,3770.0,0.7805,6,0,1,114,1,3700.0
381,3,3,2,4830.0,3390.0,0.7019,43,0,2,34,0,
381,3,3,2,4830.0,6410.0,1.3271,59,0,2,514,0,
381,3,3,2,4830.0,5000.0,1.0352,8,0,3,311,1,4970.0
381,3,3,2,4830.0,5440.0,1.1263,68,0,2,719,0,
381,3,3,2,4830.0,4120.0,0.853,25,0,1,40,0,
381,3,3,2,4830.0,3030.0,0.6273,29,0,2,708,1,3030.0
381,3,3,2,4830.0,7140.0,1.4783,66,0,0,495,0,
381,3,3,2,4830.0,5360.0,1.1097,37,0,0,111,1,5360.0
381,3,3,2,4830.0,3900.0,0.8075,81,0,0,9,1,3730.0
381,3,3,2,4830.0,4920.0,1.0186,100,0,0,641,0,
381,3,3,2,4830.0,5950.0,1.2319,24,0,1,24,0,
381,3,3,2,4830.0,5170.0,1.0704,19,0,0,92,1,4730.0
382,4,3,3,8380.0,6420.0,0.7661,52,1,3,120,1,6420.0
382,4,3,3,8380.0,8410.0,1.0036,36,1,0,648,0,
382,4,3,3,8380.0,6200.0,0.7399,38,1,0,173,0,
382,4,3,3,8380.0,6640.0,0.7924,71,1,0,433,1,6470.0
382,4,3,3,8380.0,6380.0,0.7613,33,1,3,189,0,
382,4,3,3,8380.0,6860.0,0.8186,55,1,0,456,1,6550.0
382,4,3,3,8380.0,7260.0,0.8663,6,1,5,16,1,7090.0
382,4,3,3,8380.0,6410.0,0.7649,103,1,1,166,1,6350.0
382,4,3,3,8380.0,8830.0,1.0537,109,1,0,289,1,8450.0
382,4,3,3,8380.0,6520.0,0.778,55,1,5,671,1,6270.0
382,4,3,3,8380.0,9690.0,1.1563,23,1,3,371,1,8480.0
382,4,3,3,8380.0,13640.0,1.6277,61,1,3,319,0,
382,4,3,3,8380.0,8160.0,0.9737,2,1,0,87,1,7860.0
382,4,3,3,8380.0,12360.0,1.4749,69,1,1,372,1,11670.0
382,4,3,3,8380.0,8580.0,1.0239,32,1,2,260,1,8010.0
383,2,2,2,1650.0,840.0,0.5091,63,1,2,462,1,840.0
383,2,2,2,1650.0,1780.0,1.0788,84,1,3,692,1,1750.0
383,2,2,2,1650.0,2450.0,1.4848,46,1,3,428,0,
383,2,2,2,1650.0,1640.0,0.9939,49,1,1,85,1,1590.0
383,2,2,2,1650.0,1410.0,0.8545,11,1,1,584,0,
383,2,2,2,1650.0,1980.0,1.2,15,1,0,719,0,
383,2,2,2,1650.0,1610.0,0.9758,98,1,2,409,0,
383,2,2,2,1650.0,1580.0,0.9576,65,1,0,258,1,1480.0
383,2,2,2,1650.0,2440.0,1.4788,33,1,3,177,0,
383,2,2,2,1650.0,1980.0,1.2,109,1,0,361,0,
383,2,2,2,1650.0,1750.0,1.0606,32,1,5,142,1,1580.0
383,2,2,2,1650.0,1540.0,0.9333,42,1,2,122,1,1530.0
383,2,2,2,1650.0,1420.0,0.8606,42,1,3,377,1,1400.0
383,2,2,2,1650.0,1660.0,1.0061,100,1,0,257,1,1660.0
383,2,2,2,1650.0,1970.0,1.1939,79,1,0,678,0,
384,1,2,1,1630.0,880.0,0.5399,43,1,0,177,1,840.0
384,1,2,1,1630.0,2240.0,1.3742,35,1,1,547,0,
384,1,2,1,1630.0,2090.0,1.2822,76,1,5,235,0,
384,1,2,1,1630.0,1920.0,1.1779,21,1,1,569,0,
384,1,2,1,1630.0,1610.0,0.9877,86,1,0,60,1,1580.0
384,1,2,1,1630.0,1450.0,0.8896,32,1,1,192,1,1430.0
384,1,2,1,1630.0,1180.0,0.7239,11,1,2,147,1,1130.0
384,1,2,1,1630.0,1820.0,1.1166,46,1,3,521,1,1810.0
384,1,2,1,1630.0,1650.0,1.0123,79,1,0,426,0,
384,1,2,1,1630.0,1520.0,0.9325,32,1,1,157,0,
384,1,2,1,1630.0,1750.0,1.0736,2,1,0,154,0,
384,1,2,1,1630.0,1530.0,0.9387,89,1,2,575,0,
384,1,2,1,1630.0,1770.0,1.0859,94,1,0,602,1,1660.0
384,1,2,1,1630.0,1800.0,1.1043,5,1,1,336,1,1670.0
384,1,2,1,1630.0,1320.0,0.8098,36,1,1,668,0,
385,2,1,2,1800.0,1720.0,0.9556,40,0,0,50,0,
385,2,1,2,1800.0,2160.0,1.2,24,0,1,271,0,
385,2,1,2,1800.0,1580.0,0.8778,6,0,5,688,0,
385,2,1,2,1800.0,1750.0,0.9722,44,0,0,52,0,
385,2,1,2,1800.0,1140.0,0.6333,52,0,3,431,1,1100.0
385,2,1,2,1800.0,3440.0,1.9111,106,0,0,58,0,
385,2,1,2,1800.0,1370.0,0.7611,77,0,2,671,0,
385,2,1,2,1800.0,2000.0,1.1111,9,0,1,704,0,
385,2,1,2,1800.0,2200.0,1.2222,26,0,1,119,0,
385,2,1,2,1800.0,1710.0,0.95,39,0,1,252,1,1710.0
385,2,1,2,1800.0,1490.0,0.8278,42,0,0,674,0,
385,2,1,2,1800.0,1350.0,0.75,60,0,1,335,1,1280.0
385,2,1,2,1800.0,1980.0,1.1,50,0,2,29,1,1940.0
385,2,1,2,1800.0,1980.0,1.1,60,0,1,366,1,1920.0
385,2,1,2,1800.0,2190.0,1.2167,43,0,1,196,0,
386,1,1,1,1010.0,820.0,0.8119,31,1,1,247,0,
386,1,1,1,1010.0,950.0,0.9406,73,1,2,570,1,880.0
386,1,1,1,1010.0,1240.0,1.2277,55,1,8,248,0,
386,1,1,1,1010.0,1250.0,1.2376,78,1,1,31,0,
386,1,1,1,1010.0,1150.0,1.1386,35,1,2,348,0,
386,1,1,1,1010.0,790.0,0.7822,82,1,1,165,0,
386,1,1,1,1010.0,780.0,0.7723,40,1,5,82,0,
386,1,1,1,1010.0,1040.0,1.0297,92,1,0,407,1,1000.0
386,1,1,1,1010.0,1160.0,1.1485,68,1,0,460,0,
386,1,1,1,1010.0,870.0,0.8614,94,1,1,655,0,
386,1,1,1,1010.0,980.0,0.9703,21,1,3,524,0,
386,1,1,1,1010.0,990.0,0.9802,61,1,8,9,0,
386,1,1,1,1010.0,1140.0,1.1287,43,1,0,711,0,
386,1,1,1,1010.0,940.0,0.9307,80,1,1,286,1,860.0
386,1,1,1,1010.0,1060.0,1.0495,18,1,0,604,0,
387,3,1,2,2840.0,2250.0,0.7923,54,0,0,437,0,
387,3,1,2,2840.0,1970.0,0.6937,40,0,0,560,1,1920.0
387,3,1,2,2840.0,1990.0,0.7007,79,0,0,681,1,1930.0
387,3,1,2,2840.0,2060.0,0.7254,15,0,0,687,1,2030.0
387,3,1,2,2840.0,3070.0,1.081,68,0,5,275,0,
387,3,1,2,2840.0,2140.0,0.7535,25,0,2,636,1,2140.0
387,3,1,2,2840.0,3260.0,1.1479,12,0,5,317,0,
387,3,1,2,2840.0,3390.0,1.1937,71,0,3,567,1,3330.0
387,3,1,2,2840.0,2920.0,1.0282,88,0,2,141,1,2920.0
387,3,1,2,2840.0,2320.0,0.8169,63,0,3,454,1,2110.0
387,3,1,2,2840.0,2880.0,1.0141,42,0,0,505,1,2770.0
387,3,1,2,2840.0,2440.0,0.8592,92,0,5,714,1,2170.0
387,3,1,2,2840.0,3030.0,1.0669,84,0,2,194,0,
387,3,1,2,2840.0,3340.0,1.1761,102,0,1,559,1,3040.0
387,3,1,2,2840.0,2150.0,0.757,41,0,1,387,1,2080.0
388,3,2,1,2990.0,2860.0,0.9565,38,0,1,689,1,2790.0
388,3,2,1,2990.0,2680.0,0.8963,52,0,1,623,1,2660.0
388,3,2,1,2990.0,2710.0,0.9064,3,0,3,690,0,
388,3,2,1,2990.0,2240.0,0.7492,79,0,2,76,1,2240.0
388,3,2,1,2990.0,2590.0,0.8662,64,0,2,347,1,2490.0
388,3,2,1,2990.0,3270.0,1.0936,76,0,1,502,0,
388,3,2,1,2990.0,1830.0,0.612,77,0,3,651,1,1800.0
388,3,2,1,2990.0,2850.0,0.9532,82,0,2,582,1,2820.0
388,3,2,1,2990.0,4000.0,1.3378,92,0,1,224,0,
388,3,2,1,2990.0,2700.0,0.903,102,0,0,452,1,2510.0
388,3,2,1,2990.0,3020.0,1.01,92,0,2,282,1,2970.0
388,3,2,1,2990.0,2590.0,0.8662,56,0,2,206,0,
388,3,2,1,2990.0,3720.0,1.2441,43,0,2,622,1,3720.0
388,3,2,1,2990.0,2010.0,0.6722,100,0,0,698,1,1880.0
388,3,2,1,2990.0,2930.0,0.9799,52,0,0,300,1,2850.0
389,3,2,2,4440.0,5470.0,1.232,67,1,8,565,0,
389,3,2,2,4440.0,2870.0,0.6464,54,1,0,600,1,2870.0
389,3,2,2,4440.0,5240.0,1.1802,73,1,1,480,1,4790.0
389,3,2,2,4440.0,5570.0,1.2545,48,1,2,695,1,5450.0
389,3,2,2,4440.0,3520.0,0.7928,85,1,3,27,1,3520.0
389,3,2,2,4440.0,4840.0,1.0901,12,1,0,437,1,4800.0
389,3,2,2,4440.0,3850.0,0.8671,22,1,5,285,1,3750.0
389,3,2,2,4440.0,6750.0,1.5203,14,1,2,477,0,
389,3,2,2,4440.0,4690.0,1.0563,108,1,2,374,1,4560.0
389,3,2,2,4440.0,3800.0,0.8559,67,1,8,635,1,3780.0
389,3,2,2,4440.0,3670.0,0.8266,60,1,0,654,1,3670.0
389,3,2,2,4440.0,6470.0,1.4572,3,1,2,367,0,
389,3,2,2,4440.0,3390.0,0.7635,40,1,8,1,0,
389,3,2,2,4440.0,3270.0,0.7365,89,1,0,457,1,2990.0
389,3,2,2,4440.0,5880.0,1.3243,43,1,3,26,1,5600.0
390,4,2,2,4370.0,3210.0,0.7346,1,0,0,652,1,3070.0
390,4,2,2,4370.0,3920.0,0.897,46,0,2,226,1,3740.0
390,4,2,2,4370.0,3870.0,0.8856,103,0,2,200,1,3580.0
390,4,2,2,4370.0,3750.0,0.8581,46,0,1,48,1,3300.0
390,4,2,2,4370.0,3020.0,0.6911,102,0,3,448,1,2920.0
390,4,2,2,4370.0,3120.0,0.714,58,0,1,280,0,
390,4,2,2,4370.0,3680.0,0.8421,102,0,1,427,1,3590.0
390,4,2,2,4370.0,4680.0,1.0709,6,0,3,193,1,4370.0
390,4,2,2,4370.0,6780.0,1.5515,102,0,0,399,1,6780.0
390,4,2,2,4370.0,3350.0,0.7666,102,0,2,571,1,3320.0
390,4,2,2,4370.0,3280.0,0.7506,48,0,5,489,0,
390,4,2,2,4370.0,4520.0,1.0343,51,0,0,538,1,4250.0
390,4,2,2,4370.0,4680.0,1.0709,69,0,0,625,1,4260.0
390,4,2,2,4370.0,3210.0,0.7346,89,0,0,515,1,3140.0
390,4,2,2,4370.0,3620.0,0.8284,48,0,1,36,1,3390.0
391,3,3,2,1630.0,1480.0,0.908,2,0,1,577,0,
391,3,3,2,1630.0,1260.0,0.773,53,0,3,406,1,1260.0
391,3,3,2,1630.0,1520.0,0.9325,36,0,2,473,0,
391,3,3,2,1630.0,1100.0,0.6748,73,0,0,285,0,
391,3,3,2,1630.0,1330.0,0.816,86,0,3,630,1,1330.0
391,3,3,2,1630.0,1710.0,1.0491,57,0,0,564,0,
391,3,3,2,1630.0,1550.0,0.9509,91,0,0,478,1,1490.0
391,3,3,2,1630.0,1910.0,1.1718,102,0,3,603,1,1900.0
391,3,3,2,1630.0,1610.0,0.9877,71,0,5,94,0,
391,3,3,2,1630.0,2060.0,1.2638,15,0,5,617,0,
391,3,3,2,1630.0,1680.0,1.0307,107,0,2,125,0,
391,3,3,2,1630.0,1200.0,0.7362,14,0,1,108,1,1140.0
391,3,3,2,1630.0,1610.0,0.9877,91,0,3,453,0,
391,3,3,2,1630.0,1590.0,0.9755,73,0,1,676,1,1540.0
391,3,3,2,1630.0,1700.0,1.0429,96,0,0,47,0,
392,5,1,3,18540.0,26990.0,1.4558,91,1,0,607,1,24960.0
392,5,1,3,18540.0,11790.0,0.6359,50,1,0,56,1,10860.0
392,5,1,3,18540.0,15700.0,0.8468,87,1,5,430,1,15430.0
392,5,1,3,18540.0,15240.0,0.822,63,1,0,251,1,15240.0
392,5,1,3,18540.0,18790.0,1.0135,58,1,0,201,1,16790.0
392,5,1,3,18540.0,22840.0,1.2319,1,1,1,283,1,22560.0
392,5,1,3,18540.0,11960.0,0.6451,56,1,2,701,1,11570.0
392,5,1,3,18540.0,14430.0,0.7783,23,1,2,330,1,14050.0
392,5,1,3,18540.0,13640.0,0.7357,100,1,0,126,1,13640.0
392,5,1,3,18540.0,12830.0,0.692,70,1,8,291,1,11820.0
392,5,1,3,18540.0,21760.0,1.1737,35,1,0,449,1,20960.0
392,5,1,3,18540.0,22550.0,1.2163,107,1,2,145,1,20000.0
392,5,1,3,18540.0,11580.0,0.6246,85,1,0,301,1,11310.0
392,5,1,3,18540.0,13040.0,0.7033,2,1,0,83,1,12960.0
392,5,1,3,18540.0,22450.0,1.2109,1,1,0,266,1,22450.0
393,5,1,3,16320.0,16620.0,1.0184,97,0,8,180,1,16620.0
393,5,1,3,16320.0,13610.0,0.8339,25,0,1,1,1,12890.0
393,5,1,3,16320.0,15150.0,0.9283,101,0,2,704,1,14190.0
393,5,1,3,16320.0,24010.0,1.4712,87,0,0,652,1,24010.0
393,5,1,3,16320.0,15660.0,0.9596,110,0,1,360,1,14960.0
393,5,1,3,16320.0,23770.0,1.4565,100,0,0,542,1,23660.0
393,5,1,3,16320.0,9640.0,0.5907,60,0,2,42,1,9360.0
393,5,1,3,16320.0,17490.0,1.0717,9,0,0,445,1,17490.0
393,5,1,3,16320.0,10300.0,0.6311,83,0,0,231,1,10210.0
393,5,1,3,16320.0,15850.0,0.9712,47,0,1,464,1,14160.0
393,5,1,3,16320.0,16600.0,1.0172,59,0,3,135,1,16080.0
393,5,1,3,16320.0,11420.0,0.6998,72,0,5,440,1,11420.0
393,5,1,3,16320.0,21110.0,1.2935,83,0,0,449,1,18760.0
393,5,1,3,16320.0,16080.0,0.9853,4,0,5,569,1,16040.0
393,5,1,3,16320.0,19400.0,1.1887,48,0,3,682,1,18640.0
394,2,1,1,1990.0,2220.0,1.1156,81,1,2,301,1,2220.0
394,2,1,1,1990.0,1750.0,0.8794,64,1,5,644,0,
394,2,1,1,1990.0,990.0,0.4975,42,1,0,445,1,980.0
394,2,1,1,1990.0,1800.0,0.9045,54,1,0,508,1,1710.0
394,2,1,1,1990.0,1290.0,0.6482,6,1,0,643,1,1290.0
394,2,1,1,1990.0,1870.0,0.9397,104,1,0,460,0,
394,2,1,1,1990.0,2270.0,1.1407,38,1,8,47,0,
394,2,1,1,1990.0,1170.0,0.5879,95,1,0,364,1,1110.0
394,2,1,1,1990.0,1690.0,0.8492,2,1,1,576,1,1610.0
394,2,1,1,1990.0,1510.0,0.7588,17,1,0,272,0,
394,2,1,1,1990.0,1100.0,0.5528,34,1,0,422,1,1060.0
394,2,1,1,1990.0,2300.0,1.1558,19,1,1,596,0,
394,2,1,1,1990.0,2100.0,1.0553,14,1,8,579,0,
394,2,1,1,1990.0,2560.0,1.2864,40,1,1,460,0,
394,2,1,1,1990.0,1580.0,0.794,88,1,1,364,1,1570.0
395,3,1,2,3450.0,4530.0,1.313,64,1,3,482,0,
395,3,1,2,3450.0,4610.0,1.3362,25,1,0,484,1,4500.0
395,3,1,2,3450.0,3350.0,0.971,75,1,1,521,1,3260.0
395,3,1,2,3450.0,2440.0,0.7072,106,1,5,269,1,2410.0
395,3,1,2,3450.0,3790.0,1.0986,24,1,0,266,0,
395,3,1,2,3450.0,3520.0,1.0203,95,1,0,434,1,3380.0
395,3,1,2,3450.0,3410.0,0.9884,14,1,0,491,1,3290.0
395,3,1,2,3450.0,3370.0,0.9768,9,1,2,185,1,3290.0
395,3,1,2,3450.0,2490.0,0.7217,57,1,5,523,1,2420.0
395,3,1,2,3450.0,3340.0,0.9681,1,1,1,648,1,3290.0
395,3,1,2,3450.0,2490.0,0.7217,16,1,1,661,1,2410.0
395,3,1,2,3450.0,3830.0,1.1101,81,1,1,78,1,3820.0
395,3,1,2,3450.0,3450.0,1.0,6,1,3,478,1,3400.0
395,3,1,2,3450.0,3940.0,1.142,103,1,1,471,0,
395,3,1,2,3450.0,3370.0,0.9768,19,1,1,105,1,3370.0
396,4,2,2,5890.0,5830.0,0.9898,99,0,1,277,1,5540.0
396,4,2,2,5890.0,5620.0,0.9542,65,0,2,365,1,5600.0
396,4,2,2,5890.0,6960.0,1.1817,69,0,5,523,0,
396,4,2,2,5890.0,4330.0,0.7351,27,0,0,116,1,4080.0
396,4,2,2,5890.0,4620.0,0.7844,19,0,1,486,0,
396,4,2,2,5890.0,6090.0,1.034,85,0,3,687,1,5880.0
396,4,2,2,5890.0,6930.0,1.1766,105,0,0,65,1,6840.0
396,4,2,2,5890.0,6410.0,1.0883,70,0,1,236,1,6410.0
396,4,2,2,5890.0,6550.0,1.1121,52,0,1,604,1,6400.0
396,4,2,2,5890.0,4820.0,0.8183,53,0,1,521,1,4800.0
396,4,2,2,5890.0,4850.0,0.8234,47,0,2,21,1,4850.0
396,4,2,2,5890.0,4340.0,0.7368,44,0,3,159,1,4080.0
396,4,2,2,5890.0,5200.0,0.8829,5,0,1,95,1,5030.0
396,4,2,2,5890.0,4800.0,0.8149,106,0,2,49,0,
396,4,2,2,5890.0,5130.0,0.871,3,0,3,576,1,4790.0
397,4,3,2,2900.0,1920.0,0.6621,1,1,8,5,0,
397,4,3,2,2900.0,2650.0,0.9138,2,1,0,370,1,2650.0
397,4,3,2,2900.0,2140.0,0.7379,88,1,1,207,1,1970.0
397,4,3,2,2900.0,3090.0,1.0655,16,1,0,386,0,
397,4,3,2,2900.0,3740.0,1.2897,72,1,5,222,0,
397,4,3,2,2900.0,2930.0,1.0103,68,1,2,475,1,2930.0
397,4,3,2,2900.0,2040.0,0.7034,9,1,2,714,1,2040.0
397,4,3,2,2900.0,2430.0,0.8379,31,1,8,144,1,2350.0
397,4,3,2,2900.0,2420.0,0.8345,86,1,0,440,1,2140.0
397,4,3,2,2900.0,2070.0,0.7138,49,1,0,4,1,2030.0
397,4,3,2,2900.0,2640.0,0.9103,31,1,8,444,1,2640.0
397,4,3,2,2900.0,2190.0,0.7552,37,1,1,100,1,2090.0
397,4,3,2,2900.0,3260.0,1.1241,5,1,1,206,1,3030.0
397,4,3,2,2900.0,2620.0,0.9034,93,1,0,664,1,2620.0
397,4,3,2,2900.0,3370.0,1.1621,10,1,3,183,1,3290.0
398,1,3,1,950.0,950.0,1.0,47,0,3,696,0,
398,1,3,1,950.0,800.0,0.8421,11,0,1,604,0,
398,1,3,1,950.0,760.0,0.8,19,0,3,62,0,
398,1,3,1,950.0,860.0,0.9053,24,0,1,8,0,
398,1,3,1,950.0,1080.0,1.1368,64,0,8,682,0,
398,1,3,1,950.0,890.0,0.9368,89,0,2,215,0,
398,1,3,1,950.0,1130.0,1.1895,65,0,1,654,0,
398,1,3,1,950.0,1070.0,1.1263,76,0,8,664,0,
398,1,3,1,950.0,830.0,0.8737,53,0,2,715,0,
398,1,3,1,950.0,1030.0,1.0842,90,0,5,171,0,
398,1,3,1,950.0,630.0,0.6632,32,0,1,40,1,570.0
398,1,3,1,950.0,940.0,0.9895,76,0,0,7,1,940.0
398,1,3,1,950.0,840.0,0.8842,79,0,1,149,1,840.0
398,1,3,1,950.0,900.0,0.9474,73,0,3,27,0,
398,1,3,1,950.0,1470.0,1.5474,61,0,3,241,0,
399,5,1,3,8030.0,5480.0,0.6824,44,1,1,512,1,5390.0
399,5,1,3,8030.0,6920.0,0.8618,66,1,2,124,1,6500.0
399,5,1,3,8030.0,8350.0,1.0399,104,1,0,382,1,8270.0
399,5,1,3,8030.0,4700.0,0.5853,32,1,0,351,1,4440.0
399,5,1,3,8030.0,6210.0,0.7733,81,1,1,104,1,5970.0
399,5,1,3,8030.0,9140.0,1.1382,88,1,8,377,1,9140.0
399,5,1,3,8030.0,5390.0,0.6712,102,1,1,38,1,5260.0
399,5,1,3,8030.0,8820.0,1.0984,31,1,1,142,1,8490.0
399,5,1,3,8030.0,7910.0,0.9851,46,1,1,249,1,7440.0
399,5,1,3,8030.0,6070.0,0.7559,44,1,3,91,1,5810.0
399,5,1,3,8030.0,5580.0,0.6949,46,1,5,206,1,4950.0
399,5,1,3,8030.0,7370.0,0.9178,12,1,2,531,1,7060.0
399,5,1,3,8030.0,8700.0,1.0834,93,1,0,657,1,8450.0
399,5,1,3,8030.0,12260.0,1.5268,5,1,1,340,1,12190.0
399,5,1,3,8030.0,12890.0,1.6052,59,1,5,630,0,